
> amplify-homework-supply@1.0.0 test:unit
> vitest run --exclude 'test/integration/**' --exclude 'test/performance/**' --exclude '*stories.{js,jsx,ts,tsx}'

│ ┌────────────────────────────────────────────────────────────────────────────┐
│ │  Info: Found a setup file with "setProjectAnnotations".                    │
│ │  Skipping automatic provisioning of preview annotations to avoid           │
│ │  conflicts. Since Storybook 10.3, "@storybook/addon-vitest" applies these  │
│ │   automatically.                                                           │
│ │  You can safely remove the "setProjectAnnotations" call from your setup    │
│ │  file, or remove the file entirely if you don't have custom code there.    │
│ └────────────────────────────────────────────────────────────────────────────┘

[1m[46m RUN [49m[22m [36mv4.1.0 [39m[90m/Users/colinbarrett-fox/Projects/new-components/amplify-homework-supply[39m

[90mstdout[2m | .github/skills/docblock-backfill/test/docblock-backfill.test.ts
[22m[39m✓ Loaded .env.test

[90mstdout[2m | test/agent-permissions.test.ts
[22m[39m✓ Loaded .env.test

[90mstdout[2m | test/performance/concurrent-users.test.ts
[22m[39m✓ Loaded .env.test

[90mstdout[2m | src/components/DebugPanel/__tests__/DebugPanel.test.tsx
[22m[39m✓ Loaded .env.test

[90mstdout[2m | test/integration/question-editor.test.ts
[22m[39m✓ Loaded .env.test

[90mstdout[2m | test/integration/grade-tracking.test.ts
[22m[39m✓ Loaded .env.test

[90mstdout[2m | src/hooks/useYjsUnit.test.ts
[22m[39m✓ Loaded .env.test

[90mstdout[2m | test/integration/file-manager.test.ts
[22m[39m✓ Loaded .env.test

[90mstdout[2m | test/storybook/smoke-test-all-stories.test.ts
[22m[39m✓ Loaded .env.test

[90mstdout[2m | amplify/functions/__tests__/section.integration.test.ts
[22m[39m✓ Loaded .env.test

[90mstdout[2m | test/integration/api.test.ts
[22m[39m✓ Loaded .env.test

[90mstdout[2m | test/integration/dictionary-editor.test.ts
[22m[39m✓ Loaded .env.test

[90mstdout[2m | test/integration/lambda.test.ts
[22m[39m✓ Loaded .env.test

[90mstdout[2m | test/integration/section-management.test.ts
[22m[39m✓ Loaded .env.test

[90mstdout[2m | test/performance/datastore-sync.test.ts
[22m[39m✓ Loaded .env.test

 [31m❯[39m [30m[42m unit [49m[39m test/agent-permissions.test.ts [2m([22m[2m0 test[22m[2m)[22m
 [31m❯[39m [30m[42m unit [49m[39m test/integration/question-editor.test.ts [2m([22m[2m0 test[22m[2m)[22m
 [31m❯[39m [30m[42m unit [49m[39m test/integration/grade-tracking.test.ts [2m([22m[2m0 test[22m[2m)[22m
 [31m❯[39m [30m[42m unit [49m[39m test/integration/file-manager.test.ts [2m([22m[2m0 test[22m[2m)[22m
 [31m❯[39m [30m[42m unit [49m[39m test/integration/dictionary-editor.test.ts [2m([22m[2m0 test[22m[2m)[22m
 [31m❯[39m [30m[42m unit [49m[39m test/integration/section-management.test.ts [2m([22m[2m0 test[22m[2m)[22m
 [31m❯[39m [30m[42m unit [49m[39m test/storybook/smoke-test-all-stories.test.ts [2m([22m[2m0 test[22m[2m)[22m
[90mstdout[2m | src/components/DebugPanel/__tests__/LogViewer.test.tsx
[22m[39m✓ Loaded .env.test

[90mstdout[2m | amplify/functions/__tests__/contentCompletionStream.integration.test.ts
[22m[39m✓ Loaded .env.test

[90mstdout[2m | src/components/DebugPanel/__tests__/StateInspector.test.tsx
[22m[39m✓ Loaded .env.test

[90mstdout[2m | test/storybook/validate-mocks.test.ts
[22m[39m✓ Loaded .env.test

[90mstdout[2m | amplify/functions/__tests__/chatStream.integration.test.ts
[22m[39m✓ Loaded .env.test

[90mstdout[2m | .github/skills/storybook-validation/test/validate-mocks.test.ts
[22m[39m✓ Loaded .env.test

[90mstdout[2m | src/components/DebugPanel/__tests__/ComponentTreeView.test.tsx
[22m[39m✓ Loaded .env.test

 [31m❯[39m [30m[42m unit [49m[39m .github/skills/docblock-backfill/test/docblock-backfill.test.ts [2m([22m[2m0 test[22m[2m)[22m
[90mstdout[2m | unknown test
[22m[39m[MOCK authContext.js] Module loaded - Re-exporting production AuthContext
[90mstdout[2m | unknown test
[22m[39m[Mock Data] Initialized stores: {
  "Document": 3,
  "File": 6,
  "ParsedContent": 3,
}
[90mstdout[2m | unknown test
[22m[39m[MOCK vectorStoreDB.js] Module loaded - mock IndexedDB operations
 [32m✓[39m [30m[42m unit [49m[39m amplify/functions/__tests__/contentCompletionStream.integration.test.ts [2m([22m[2m5 tests[22m[2m)[22m[33m 382[2mms[22m[39m
     [33m[2m✓[22m[39m should require prompt parameter [33m 370[2mms[22m[39m
 [32m✓[39m [30m[42m unit [49m[39m amplify/functions/__tests__/chatStream.integration.test.ts [2m([22m[2m3 tests[22m[2m)[22m[33m 396[2mms[22m[39m
     [33m[2m✓[22m[39m should handle missing authorization header [33m 388[2mms[22m[39m
 [32m✓[39m [30m[42m unit [49m[39m .github/skills/storybook-validation/test/validate-mocks.test.ts [2m([22m[2m26 tests[22m[2m)[22m[33m 356[2mms[22m[39m
 [32m✓[39m [30m[42m unit [49m[39m test/storybook/validate-mocks.test.ts [2m([22m[2m26 tests[22m[2m)[22m[33m 357[2mms[22m[39m
[90mstdout[2m | unknown test
[22m[39m🌐 i18next is made possible by our own product, Locize — consider powering your project with managed localization (AI, CDN, integrations): https://locize.com 💙
[90mstdout[2m | .storybook/TranslationMode.stories.tsx[2m > [22m[2mDefault
[22m[39m[Mock Data] Clearing all data stores
[90mstdout[2m | .storybook/TranslationMode.stories.tsx[2m > [22m[2mDefault
[22m[39m[Mock Data] All data stores cleared
[90mstdout[2m | .storybook/TranslationMode.stories.tsx[2m > [22m[2mDefault
[22m[39m[Preview] Cleared mock data for story
[90mstdout[2m | .storybook/TranslationMode.stories.tsx[2m > [22m[2mDefault
[22m[39m[Mock Data Gen 2] Initializing mock data
[90mstdout[2m | .storybook/TranslationMode.stories.tsx[2m > [22m[2mDefault
[22m[39m[Mock Data] seedMockAssistantChats: Replacing with 1 assistant chats
[90mstdout[2m | .storybook/TranslationMode.stories.tsx[2m > [22m[2mDefault
[22m[39m[Mock Data Gen 2] Seeded AssistantChat: mock-assistant-chat-1
[90mstdout[2m | .storybook/TranslationMode.stories.tsx[2m > [22m[2mDefault
[22m[39m[Mock Data] seedMockFiles: Adding 6 files
[90mstdout[2m | .storybook/TranslationMode.stories.tsx[2m > [22m[2mDefault
[22m[39m[Mock Data Gen 2] Seeded Files: 6
[90mstdout[2m | .storybook/TranslationMode.stories.tsx[2m > [22m[2mDefault
[22m[39m[Mock Data Gen 2] Initializing mock data
[90mstdout[2m | .storybook/TranslationMode.stories.tsx[2m > [22m[2mDefault
[22m[39m[Mock Data] seedMockAssistantChats: Replacing with 1 assistant chats
[90mstdout[2m | .storybook/TranslationMode.stories.tsx[2m > [22m[2mDefault
[22m[39m[Mock Data Gen 2] Seeded AssistantChat: mock-assistant-chat-1
[90mstdout[2m | .storybook/TranslationMode.stories.tsx[2m > [22m[2mDefault
[22m[39m[Mock Data] seedMockFiles: Adding 6 files
[90mstdout[2m | .storybook/TranslationMode.stories.tsx[2m > [22m[2mDefault
[22m[39m[Mock Data Gen 2] Seeded Files: 6
[90mstdout[2m | .storybook/TranslationMode.stories.tsx[2m > [22m[2mDefault
[22m[39m[Preview] Initialized default mock data for story
[90mstdout[2m | .storybook/TranslationMode.stories.tsx[2m > [22m[2mDefault
[22m[39m[Mock AuthContext] Providing auth: {
  "error": undefined,
  "isLoading": false,
  "session": {
    "idToken": {
      "toString": [Function toString],
    },
    "identityId": "us-east-1:mock-identity-123",
    "username": "mock-user-sub",
  },
  "user": {
    "attributes": {
      "email": "alice@example.com",
      "name": "Alice Student",
      "sub": "mock-user-sub",
    },
  },
}
[90mstdout[2m | .storybook/TranslationMode.stories.tsx[2m > [22m[2mDefault
[22m[39m[MOCK CourseVectorStore] Initialized with mock data
[90mstdout[2m | .storybook/TranslationMode.stories.tsx[2m > [22m[2mDefault
[22m[39m[useTranslationWithCapture] t() called: {
  "key": "password_placeholder",
  "mode": "off",
  "namespace": "auth",
  "value": "password_placeholder",
}
[90mstdout[2m | .storybook/TranslationMode.stories.tsx[2m > [22m[2mDefault
[22m[39m[useTranslationWithCapture] t() called: {
  "key": "email_placeholder",
  "mode": "off",
  "namespace": "auth",
  "value": "email_placeholder",
}
[90mstdout[2m | .storybook/TranslationMode.stories.tsx[2m > [22m[2mDefault
[22m[39m[useTranslationWithCapture] t() called: {
  "key": "confirm_password_placeholder",
  "mode": "off",
  "namespace": "auth",
  "value": "confirm_password_placeholder",
}
[90mstdout[2m | .storybook/TranslationMode.stories.tsx[2m > [22m[2mDefault
[22m[39m[TranslationOverlay] Mode changed to: off for key: demo.title
[90mstdout[2m | .storybook/TranslationMode.stories.tsx[2m > [22m[2mDefault
[22m[39m[TranslationOverlay] Mode changed to: off for key: demo.description
[90mstdout[2m | .storybook/TranslationMode.stories.tsx[2m > [22m[2mDefault
[22m[39m[TranslationOverlay] Mode changed to: off for key: demo.instructions
[90mstdout[2m | .storybook/TranslationMode.stories.tsx[2m > [22m[2mDefault
[22m[39m[TranslationOverlay] Mode changed to: off for key: demo.auth_form_heading
[90mstdout[2m | .storybook/TranslationMode.stories.tsx[2m > [22m[2mDefault
[22m[39m[TranslationOverlay] Mode changed to: off for key: username
[90mstdout[2m | .storybook/TranslationMode.stories.tsx[2m > [22m[2mDefault
[22m[39m[TranslationOverlay] Mode changed to: off for key: username
[90mstdout[2m | .storybook/TranslationMode.stories.tsx[2m > [22m[2mDefault
[22m[39m[TranslationOverlay] Mode changed to: off for key: password
[90mstdout[2m | .storybook/TranslationMode.stories.tsx[2m > [22m[2mDefault
[22m[39m[TranslationOverlay] Mode changed to: off for key: password
[90mstdout[2m | .storybook/TranslationMode.stories.tsx[2m > [22m[2mDefault
[22m[39m[TranslationOverlay] Mode changed to: off for key: email
[90mstdout[2m | .storybook/TranslationMode.stories.tsx[2m > [22m[2mDefault
[22m[39m[TranslationOverlay] Mode changed to: off for key: email
[90mstdout[2m | .storybook/TranslationMode.stories.tsx[2m > [22m[2mDefault
[22m[39m[TranslationOverlay] Mode changed to: off for key: sign_in
[90mstdout[2m | .storybook/TranslationMode.stories.tsx[2m > [22m[2mDefault
[22m[39m[TranslationOverlay] Mode changed to: off for key: sign_up
[90mstdout[2m | .storybook/TranslationMode.stories.tsx[2m > [22m[2mDefault
[22m[39m[TranslationOverlay] Mode changed to: off for key: forgot_password
[90mstdout[2m | .storybook/TranslationMode.stories.tsx[2m > [22m[2mDefault
[22m[39m[TranslationOverlay] Mode changed to: off for key: reset_password
[90mstdout[2m | .storybook/TranslationMode.stories.tsx[2m > [22m[2mDefault
[22m[39m[TranslationOverlay] Mode changed to: off for key: sign_out
[90mstdout[2m | .storybook/TranslationMode.stories.tsx[2m > [22m[2mDefault
[22m[39m[TranslationOverlay] Mode changed to: off for key: demo.password_reset_heading
[90mstdout[2m | .storybook/TranslationMode.stories.tsx[2m > [22m[2mDefault
[22m[39m[TranslationOverlay] Mode changed to: off for key: confirm_password
[90mstdout[2m | .storybook/TranslationMode.stories.tsx[2m > [22m[2mDefault
[22m[39m[TranslationOverlay] Mode changed to: off for key: confirm_password
[90mstdout[2m | .storybook/TranslationMode.stories.tsx[2m > [22m[2mDefault
[22m[39m[TranslationModeController] Setting mode to: off
[90mstdout[2m | .storybook/TranslationMode.stories.tsx[2m > [22m[2mDefault
[22m[39m[TranslationModeController] Setting mode to: off
[90mstdout[2m | .storybook/TranslationMode.stories.tsx[2m > [22m[2mDefault
[22m[39m[SectionContext] useEffect triggered {
  "authLoading": false,
  "hasUser": true,
  "userSub": "mock-user-sub",
}
[90mstdout[2m | .storybook/TranslationMode.stories.tsx[2m > [22m[2mDefault
[22m[39m[SectionContext] Fetching sections for userId: mock-user-sub
[90mstdout[2m | .storybook/TranslationMode.stories.tsx[2m > [22m[2mDefault
[22m[39m[Mock Data] generateClient() called - returning mock client
[90mstdout[2m | .storybook/TranslationMode.stories.tsx[2m > [22m[2mDefault
[22m[39m[Mock amplifyClient] getAmplifyClient() called - returning mock client
[90mstdout[2m | .storybook/TranslationMode.stories.tsx[2m > [22m[2mDefault
[22m[39m[Mock Data] Section.list() called with options: undefined
[90mstdout[2m | .storybook/TranslationMode.stories.tsx[2m > [22m[2mDefault
[22m[39m[Mock Data] generateClient() called - returning mock client
[90mstdout[2m | .storybook/TranslationMode.stories.tsx[2m > [22m[2mDefault
[22m[39m[Mock amplifyClient] getAmplifyClient() called - returning mock client
[90mstdout[2m | .storybook/TranslationMode.stories.tsx[2m > [22m[2mDefault
[22m[39m[Mock Data] Assignment.list() called with options: {
  "filter": {
    "unitID": {
      "eq": "mock-unit-id",
    },
  },
}
[90mstdout[2m | .storybook/TranslationMode.stories.tsx[2m > [22m[2mDefault
[22m[39m[Mock Data] generateClient() called - returning mock client
[90mstdout[2m | .storybook/TranslationMode.stories.tsx[2m > [22m[2mDefault
[22m[39m[Mock amplifyClient] getAmplifyClient() called - returning mock client
[90mstdout[2m | .storybook/TranslationMode.stories.tsx[2m > [22m[2mDefault
[22m[39m[Mock Data] Grade.observeQuery() called with filter: {
  "filter": {
    "unitID": {
      "eq": "mock-unit-id",
    },
  },
}
[90mstdout[2m | .storybook/TranslationMode.stories.tsx[2m > [22m[2mDefault
[22m[39m[Mock Data] Grade.observeQuery() applying filter: {
  "unitID": {
    "eq": "mock-unit-id",
  },
}
[90mstdout[2m | .storybook/TranslationMode.stories.tsx[2m > [22m[2mDefault
[22m[39m[Mock Data] Grade.observeQuery() items before filter: 0
[90mstdout[2m | .storybook/TranslationMode.stories.tsx[2m > [22m[2mDefault
[22m[39m[Mock Data] Grade.observeQuery() items after filter: 0
[90mstdout[2m | .storybook/TranslationMode.stories.tsx[2m > [22m[2mDefault
[22m[39m[Mock Data] Grade.observeQuery() returning 0 items (filter applied) {
  "filter": {
    "unitID": {
      "eq": "mock-unit-id",
    },
  },
}
[90mstdout[2m | .storybook/TranslationMode.stories.tsx[2m > [22m[2mDefault
[22m[39m[Mock Data] Grade subscription added. Total subscriptions: 1
[90mstdout[2m | .storybook/TranslationMode.stories.tsx[2m > [22m[2mDefault
[22m[39m[UnitContext] useEffect triggered {
  "authLoading": false,
  "hasUser": true,
  "id": "mock-unit-id",
  "userSub": "mock-user-sub",
}
[90mstdout[2m | .storybook/TranslationMode.stories.tsx[2m > [22m[2mDefault
[22m[39m[UnitContext] Fetching unit data for id: mock-unit-id
[90mstdout[2m | .storybook/TranslationMode.stories.tsx[2m > [22m[2mDefault
[22m[39m[Mock Data] generateClient() called - returning mock client
[90mstdout[2m | .storybook/TranslationMode.stories.tsx[2m > [22m[2mDefault
[22m[39m[Mock amplifyClient] getAmplifyClient() called - returning mock client
[90mstdout[2m | .storybook/TranslationMode.stories.tsx[2m > [22m[2mDefault
[22m[39m[Mock Data] Unit.observeQuery() called with filter: {
  "filter": {
    "id": {
      "eq": "mock-unit-id",
    },
  },
}
[90mstdout[2m | .storybook/TranslationMode.stories.tsx[2m > [22m[2mDefault
[22m[39m[Mock Data] Unit.observeQuery() applying filter: {
  "id": {
    "eq": "mock-unit-id",
  },
}
[90mstdout[2m | .storybook/TranslationMode.stories.tsx[2m > [22m[2mDefault
[22m[39m[Mock Data] Unit.observeQuery() items before filter: 0
[90mstdout[2m | .storybook/TranslationMode.stories.tsx[2m > [22m[2mDefault
[22m[39m[Mock Data] Unit.observeQuery() items after filter: 0
[90mstdout[2m | .storybook/TranslationMode.stories.tsx[2m > [22m[2mDefault
[22m[39m[Mock Data] Unit.observeQuery() returning 0 items (filter applied) {
  "filter": {
    "id": {
      "eq": "mock-unit-id",
    },
  },
}
[90mstdout[2m | .storybook/TranslationMode.stories.tsx[2m > [22m[2mDefault
[22m[39m[Mock Data] Unit subscription added. Total subscriptions: 1
[90mstdout[2m | .storybook/TranslationMode.stories.tsx[2m > [22m[2mDefault
[22m[39m[Mock Data] generateClient() called - returning mock client
[90mstdout[2m | .storybook/TranslationMode.stories.tsx[2m > [22m[2mDefault
[22m[39m[Mock amplifyClient] getAmplifyClient() called - returning mock client
[90mstdout[2m | .storybook/TranslationMode.stories.tsx[2m > [22m[2mDefault
[22m[39m[Mock Data] Word.observeQuery() called with filter: undefined
[90mstdout[2m | .storybook/TranslationMode.stories.tsx[2m > [22m[2mDefault
[22m[39m[Mock Data] Word.observeQuery() returning 0 items (filter applied) undefined
[90mstdout[2m | .storybook/TranslationMode.stories.tsx[2m > [22m[2mDefault
[22m[39m[Mock Data] Word subscription added. Total subscriptions: 1
[90mstdout[2m | .storybook/TranslationMode.stories.tsx[2m > [22m[2mDefault
[22m[39m[Mock Data] generateClient() called - returning mock client
[90mstdout[2m | .storybook/TranslationMode.stories.tsx[2m > [22m[2mDefault
[22m[39m[Mock amplifyClient] getAmplifyClient() called - returning mock client
[90mstdout[2m | .storybook/TranslationMode.stories.tsx[2m > [22m[2mDefault
[22m[39m[Mock Data] Question.observeQuery() called with filter: undefined
[90mstdout[2m | .storybook/TranslationMode.stories.tsx[2m > [22m[2mDefault
[22m[39m[Mock Data] Question.observeQuery() returning 0 items (filter applied) undefined
[90mstdout[2m | .storybook/TranslationMode.stories.tsx[2m > [22m[2mDefault
[22m[39m[Mock Data] Question subscription added. Total subscriptions: 1
[90mstdout[2m | .storybook/TranslationMode.stories.tsx[2m > [22m[2mDefault
[22m[39m[FilesContext] Initializing vector store from IndexedDB
[90mstdout[2m | .storybook/TranslationMode.stories.tsx[2m > [22m[2mDefault
[22m[39m[FilesContext] fetchFiles called
[90mstdout[2m | .storybook/TranslationMode.stories.tsx[2m > [22m[2mDefault
[22m[39m[FilesContext] User authenticated: mock-user-sub
[90mstdout[2m | .storybook/TranslationMode.stories.tsx[2m > [22m[2mDefault
[22m[39m[FilesContext] Identity ID: us-east-1:mock-identity-123
[90mstdout[2m | .storybook/TranslationMode.stories.tsx[2m > [22m[2mDefault
[22m[39m[FilesContext] About to subscribe to File model
[90mstdout[2m | .storybook/TranslationMode.stories.tsx[2m > [22m[2mDefault
[22m[39m[Mock Data] generateClient() called - returning mock client
[90mstdout[2m | .storybook/TranslationMode.stories.tsx[2m > [22m[2mDefault
[22m[39m[Mock amplifyClient] getAmplifyClient() called - returning mock client
[90mstdout[2m | .storybook/TranslationMode.stories.tsx[2m > [22m[2mDefault
[22m[39m[Mock Data] File.observeQuery() called with filter: undefined
[90mstdout[2m | .storybook/TranslationMode.stories.tsx[2m > [22m[2mDefault
[22m[39m[Mock Data] File.observeQuery() returning 6 items (filter applied) undefined
[90mstdout[2m | .storybook/TranslationMode.stories.tsx[2m > [22m[2mDefault
[22m[39m[Mock Data] File subscription added. Total subscriptions: 1
[90mstdout[2m | .storybook/TranslationMode.stories.tsx[2m > [22m[2mDefault
[22m[39m[Mock Data] generateClient() called - returning mock client
[90mstdout[2m | .storybook/TranslationMode.stories.tsx[2m > [22m[2mDefault
[22m[39m[Mock amplifyClient] getAmplifyClient() called - returning mock client
[90mstdout[2m | .storybook/TranslationMode.stories.tsx[2m > [22m[2mDefault
[22m[39m[Mock Data] Document.observeQuery() called with filter: undefined
[90mstdout[2m | .storybook/TranslationMode.stories.tsx[2m > [22m[2mDefault
[22m[39m[Mock Data] Document.observeQuery() returning 0 items (filter applied) undefined
[90mstdout[2m | .storybook/TranslationMode.stories.tsx[2m > [22m[2mDefault
[22m[39m[Mock Data] Document subscription added. Total subscriptions: 1
[90mstdout[2m | .storybook/TranslationMode.stories.tsx[2m > [22m[2mDefault
[22m[39m[useTranslationWithCapture] t() called: {
  "key": "password_placeholder",
  "mode": "off",
  "namespace": "auth",
  "value": "password_placeholder",
}
[90mstdout[2m | .storybook/TranslationMode.stories.tsx[2m > [22m[2mDefault
[22m[39m[useTranslationWithCapture] t() called: {
  "key": "email_placeholder",
  "mode": "off",
  "namespace": "auth",
  "value": "email_placeholder",
}
[90mstdout[2m | .storybook/TranslationMode.stories.tsx[2m > [22m[2mDefault
[22m[39m[useTranslationWithCapture] t() called: {
  "key": "confirm_password_placeholder",
  "mode": "off",
  "namespace": "auth",
  "value": "confirm_password_placeholder",
}
[90mstdout[2m | .storybook/TranslationMode.stories.tsx[2m > [22m[2mDefault
[22m[39m[SectionContext] Initial sections: 0 []
[90mstdout[2m | .storybook/TranslationMode.stories.tsx[2m > [22m[2mDefault
[22m[39m[Mock Data] Section.onCreate() called with filter: undefined
[90mstdout[2m | .storybook/TranslationMode.stories.tsx[2m > [22m[2mDefault
[22m[39m[Mock Data] Section.onCreate() subscription added. Total: 1
[90mstdout[2m | .storybook/TranslationMode.stories.tsx[2m > [22m[2mDefault
[22m[39m[Mock Data] Section.onUpdate() called with filter: undefined
[90mstdout[2m | .storybook/TranslationMode.stories.tsx[2m > [22m[2mDefault
[22m[39m[Mock Data] Section.onUpdate() subscription added. Total: 1
[90mstdout[2m | .storybook/TranslationMode.stories.tsx[2m > [22m[2mDefault
[22m[39m[Mock Data] Section.onDelete() called with filter: undefined
[90mstdout[2m | .storybook/TranslationMode.stories.tsx[2m > [22m[2mDefault
[22m[39m[Mock Data] Section.onDelete() subscription added. Total: 1
[90mstdout[2m | .storybook/TranslationMode.stories.tsx[2m > [22m[2mDefault
[22m[39m[Mock Data] Assignment.onCreate() called with filter: {
  "filter": {
    "unitID": {
      "eq": "mock-unit-id",
    },
  },
}
[90mstdout[2m | .storybook/TranslationMode.stories.tsx[2m > [22m[2mDefault
[22m[39m[Mock Data] Assignment.onCreate() subscription added. Total: 1
[90mstdout[2m | .storybook/TranslationMode.stories.tsx[2m > [22m[2mDefault
[22m[39m[Mock Data] Assignment.onUpdate() called with filter: {
  "filter": {
    "unitID": {
      "eq": "mock-unit-id",
    },
  },
}
[90mstdout[2m | .storybook/TranslationMode.stories.tsx[2m > [22m[2mDefault
[22m[39m[Mock Data] Assignment.onUpdate() subscription added. Total: 1
[90mstdout[2m | .storybook/TranslationMode.stories.tsx[2m > [22m[2mDefault
[22m[39m[Mock Data] Assignment.onDelete() called with filter: {
  "filter": {
    "unitID": {
      "eq": "mock-unit-id",
    },
  },
}
[90mstdout[2m | .storybook/TranslationMode.stories.tsx[2m > [22m[2mDefault
[22m[39m[Mock Data] Assignment.onDelete() subscription added. Total: 1
[90mstdout[2m | .storybook/TranslationMode.stories.tsx[2m > [22m[2mDefault
[22m[39m[useTranslationWithCapture] t() called: {
  "key": "password_placeholder",
  "mode": "off",
  "namespace": "auth",
  "value": "password_placeholder",
}
[90mstdout[2m | .storybook/TranslationMode.stories.tsx[2m > [22m[2mDefault
[22m[39m[useTranslationWithCapture] t() called: {
  "key": "email_placeholder",
  "mode": "off",
  "namespace": "auth",
  "value": "email_placeholder",
}
[90mstdout[2m | .storybook/TranslationMode.stories.tsx[2m > [22m[2mDefault
[22m[39m[useTranslationWithCapture] t() called: {
  "key": "confirm_password_placeholder",
  "mode": "off",
  "namespace": "auth",
  "value": "confirm_password_placeholder",
}
[90mstdout[2m | .storybook/TranslationMode.stories.tsx[2m > [22m[2mDefault
[22m[39m[FilesContext] File observeQuery subscription triggered:
[90mstdout[2m | .storybook/TranslationMode.stories.tsx[2m > [22m[2mDefault
[22m[39m  - items.length: 6
[90mstdout[2m | .storybook/TranslationMode.stories.tsx[2m > [22m[2mDefault
[22m[39m  - isSynced: true
[90mstdout[2m | .storybook/TranslationMode.stories.tsx[2m > [22m[2mDefault
[22m[39m  - items: [
  {
    "_deleted": null,
    "_lastChangedAt": 1767711773285,
    "_version": 1,
    "byHex": null,
    "createdAt": "2026-01-06T15:02:53.253Z",
    "description": "Japanese language textbook - Chapter 1",
    "document": Promise {},
    "documentID": "e01017e1-fe7a-4521-b71c-09ec31b18639",
    "duration": null,
    "embedding": null,
    "generated": null,
    "hex": null,
    "id": "a57d7833-5fa7-4cb7-8b7a-ce7c6e10e551",
    "identityId": "us-east-1:b0eadde9-f02c-c71b-17a6-22ffd37d89c8",
    "key": "files/Japanese Wind 1.pdf",
    "level": "protected",
    "mimeType": "application/pdf",
    "model": null,
    "name": "Japanese Wind 1.pdf",
    "owner": "64d81418-7021-701d-9fed-a4c2e0735711",
    "parsedContent": [Function anonymous],
    "parsedContentID": null,
    "path": "files/Japanese Wind 1.pdf",
    "prompt": null,
    "size": 4706654,
    "thumbnail": null,
    "type": "pdf",
    "updatedAt": "2026-01-06T15:02:53.253Z",
    "variant": null,
    "waveformData": null,
  },
  {
    "_version": 2,
    "createdAt": "2026-01-15T10:00:00.000Z",
    "description": "Sample report with vocabulary",
    "document": Promise {},
    "documentID": "cd824b5b-2c66-41f8-8571-aa6794ff590c",
    "generated": false,
    "id": "mock-pdf-file-2",
    "identityId": "us-east-1:mock-identity",
    "key": "files/report.pdf",
    "level": "protected",
    "mimeType": "application/pdf",
    "name": "report.pdf",
    "owner": "mock-user-id",
    "parsedContent": [Function anonymous],
    "path": "files/report.pdf",
    "size": 123456,
    "type": "pdf",
    "updatedAt": "2026-01-15T10:30:00.000Z",
  },
  {
    "_version": 3,
    "createdAt": "2026-01-14T08:00:00.000Z",
    "description": "Vocabulary lesson PDF with extracted content",
    "document": Promise {},
    "documentID": "mock-document-3",
    "generated": false,
    "id": "mock-pdf-file-3",
    "identityId": "us-east-1:mock-identity",
    "key": "files/vocabulary-lesson.pdf",
    "level": "public",
    "mimeType": "application/pdf",
    "name": "vocabulary-lesson.pdf",
    "owner": "mock-user-id",
    "parsedContent": [Function anonymous],
    "path": "files/vocabulary-lesson.pdf",
    "size": 567890,
    "type": "pdf",
    "updatedAt": "2026-01-14T08:45:00.000Z",
  },
  {
    "_version": 1,
    "createdAt": "2026-01-20T10:00:00.000Z",
    "description": "Sample pronunciation audio",
    "documentID": null,
    "duration": 3.5,
    "generated": true,
    "id": "mock-audio-file-1",
    "identityId": "us-east-1:mock-identity",
    "key": "audio/pronunciation-demo.mp3",
    "level": "public",
    "mimeType": "audio/mpeg",
    "name": "pronunciation-demo.mp3",
    "owner": "mock-user-id",
    "parsedContent": [Function anonymous],
    "path": "audio/pronunciation-demo.mp3",
    "size": 56789,
    "type": "audio",
    "updatedAt": "2026-01-20T10:00:00.000Z",
    "waveformData": "[0.1, 0.3, 0.5, 0.7, 0.9, 0.7, 0.5, 0.3, 0.1]",
  },
  {
    "_version": 1,
    "createdAt": "2026-01-19T14:30:00.000Z",
    "description": "Lesson introduction audio",
    "documentID": null,
    "duration": 5.2,
    "generated": false,
    "id": "mock-audio-file-2",
    "identityId": "us-east-1:mock-identity",
    "key": "audio/lesson-intro.mp3",
    "level": "public",
    "mimeType": "audio/mpeg",
    "name": "lesson-intro.mp3",
    "owner": "mock-user-id",
    "parsedContent": [Function anonymous],
    "path": "audio/lesson-intro.mp3",
    "size": 87654,
    "type": "audio",
    "updatedAt": "2026-01-19T14:30:00.000Z",
    "waveformData": "[0.2, 0.4, 0.6, 0.8, 1.0, 0.8, 0.6, 0.4, 0.2]",
  },
  {
    "_version": 1,
    "createdAt": "2026-01-18T09:15:00.000Z",
    "description": "Hiragana character chart",
    "documentID": null,
    "generated": false,
    "id": "mock-image-file-1",
    "identityId": "us-east-1:mock-identity",
    "key": "images/hiragana-chart.png",
    "level": "public",
    "mimeType": "image/png",
    "name": "hiragana-chart.png",
    "owner": "mock-user-id",
    "parsedContent": [Function anonymous],
    "path": "images/hiragana-chart.png",
    "size": 234567,
    "thumbnail": "thumbnails/hiragana-chart-thumb.png",
    "type": "image",
    "updatedAt": "2026-01-18T09:15:00.000Z",
  },
]
[90mstdout[2m | .storybook/TranslationMode.stories.tsx[2m > [22m[2mDefault
[22m[39m[FilesContext] Files count changed: 0 → 6
[90mstdout[2m | .storybook/TranslationMode.stories.tsx[2m > [22m[2mDefault
[22m[39m[MOCK CourseVectorStore] Initialized with mock data
[90mstdout[2m | .storybook/TranslationMode.stories.tsx[2m > [22m[2mDefault
[22m[39m[MOCK CourseVectorStore] Initialized with mock data
[90mstdout[2m | .storybook/TranslationMode.stories.tsx[2m > [22m[2mDefault
[22m[39m[FilesContext] Vector store population triggered {
  "currentVectorStoreSize": 3,
  "documentsCount": 0,
  "filesCount": 6,
  "isInitialLoad": true,
}
[90mstdout[2m | .storybook/TranslationMode.stories.tsx[2m > [22m[2mDefault
[22m[39m[FilesContext] Vector store population complete - 3 total embeddings
[90mstdout[2m | .storybook/TranslationMode.stories.tsx[2m > [22m[2mDefault
[22m[39m[Task Completion] Auto-completion detector initialized
[90mstdout[2m | .storybook/TranslationMode.stories.tsx[2m > [22m[2mDefault
[22m[39m[Preview] Task completion detector initialized
[90mstdout[2m | .storybook/TranslationMode.stories.tsx[2m > [22m[2mDefault
[22m[39m[useTranslationWithCapture] t() called: {
  "key": "password_placeholder",
  "mode": "off",
  "namespace": "auth",
  "value": "password_placeholder",
}
[90mstdout[2m | .storybook/TranslationMode.stories.tsx[2m > [22m[2mDefault
[22m[39m[useTranslationWithCapture] t() called: {
  "key": "email_placeholder",
  "mode": "off",
  "namespace": "auth",
  "value": "email_placeholder",
}
[90mstdout[2m | .storybook/TranslationMode.stories.tsx[2m > [22m[2mDefault
[22m[39m[useTranslationWithCapture] t() called: {
  "key": "confirm_password_placeholder",
  "mode": "off",
  "namespace": "auth",
  "value": "confirm_password_placeholder",
}
[90mstdout[2m | src/yjs/__tests__/WorkbookCollaboration.test.ts
[22m[39m✓ Loaded .env.test

 [32m✓[39m [30m[42m unit [49m[39m src/components/DebugPanel/__tests__/DebugPanel.test.tsx [2m([22m[2m11 tests[22m[2m)[22m[33m 1530[2mms[22m[39m
     [33m[2m✓[22m[39m switches tabs when clicked [33m 384[2mms[22m[39m
[90mstdout[2m | test/performance/yjs-collaboration.test.ts
[22m[39m✓ Loaded .env.test

[90mstdout[2m | src/utils/debug/__tests__/DebugLogger.test.ts
[22m[39m✓ Loaded .env.test

[90mstdout[2m | .storybook/TranslationMode.stories.tsx[2m > [22m[2mEditor Namespace
[22m[39m[Mock Data] File subscription unsubscribed. Remaining: 0
[90mstdout[2m | .storybook/TranslationMode.stories.tsx[2m > [22m[2mEditor Namespace
[22m[39m[Mock Data] Document subscription unsubscribed. Remaining: 0
[90mstdout[2m | .storybook/TranslationMode.stories.tsx[2m > [22m[2mEditor Namespace
[22m[39m[Mock Data] Word subscription unsubscribed. Remaining: 0
[90mstdout[2m | .storybook/TranslationMode.stories.tsx[2m > [22m[2mEditor Namespace
[22m[39m[Mock Data] Question subscription unsubscribed. Remaining: 0
[90mstdout[2m | .storybook/TranslationMode.stories.tsx[2m > [22m[2mEditor Namespace
[22m[39m[Mock Data] Grade subscription unsubscribed. Remaining: 0
[90mstdout[2m | .storybook/TranslationMode.stories.tsx[2m > [22m[2mEditor Namespace
[22m[39m[Mock Data] Unit subscription unsubscribed. Remaining: 0
[90mstdout[2m | .storybook/TranslationMode.stories.tsx[2m > [22m[2mEditor Namespace
[22m[39m[SectionContext] Cleaning up subscriptions
[90mstdout[2m | .storybook/TranslationMode.stories.tsx[2m > [22m[2mEditor Namespace
[22m[39m[Mock Data] Section.onCreate() subscription removed. Remaining: 0
[90mstdout[2m | .storybook/TranslationMode.stories.tsx[2m > [22m[2mEditor Namespace
[22m[39m[Mock Data] Section.onUpdate() subscription removed. Remaining: 0
[90mstdout[2m | .storybook/TranslationMode.stories.tsx[2m > [22m[2mEditor Namespace
[22m[39m[Mock Data] Section.onDelete() subscription removed. Remaining: 0
[90mstdout[2m | .storybook/TranslationMode.stories.tsx[2m > [22m[2mEditor Namespace
[22m[39m[Mock Data] Assignment.onCreate() subscription removed. Remaining: 0
[90mstdout[2m | .storybook/TranslationMode.stories.tsx[2m > [22m[2mEditor Namespace
[22m[39m[Mock Data] Assignment.onUpdate() subscription removed. Remaining: 0
[90mstdout[2m | .storybook/TranslationMode.stories.tsx[2m > [22m[2mEditor Namespace
[22m[39m[Mock Data] Assignment.onDelete() subscription removed. Remaining: 0
[90mstdout[2m | .storybook/TranslationMode.stories.tsx[2m > [22m[2mEditor Namespace
[22m[39m[Mock Data] Clearing all data stores
[90mstdout[2m | .storybook/TranslationMode.stories.tsx[2m > [22m[2mEditor Namespace
[22m[39m[Mock Data] All data stores cleared
[90mstdout[2m | .storybook/TranslationMode.stories.tsx[2m > [22m[2mEditor Namespace
[22m[39m[Preview] Cleared mock data for story
[90mstdout[2m | .storybook/TranslationMode.stories.tsx[2m > [22m[2mEditor Namespace
[22m[39m[Mock Data Gen 2] Initializing mock data
[90mstdout[2m | .storybook/TranslationMode.stories.tsx[2m > [22m[2mEditor Namespace
[22m[39m[Mock Data] seedMockAssistantChats: Replacing with 1 assistant chats
[90mstdout[2m | .storybook/TranslationMode.stories.tsx[2m > [22m[2mEditor Namespace
[22m[39m[Mock Data Gen 2] Seeded AssistantChat: mock-assistant-chat-1
[90mstdout[2m | .storybook/TranslationMode.stories.tsx[2m > [22m[2mEditor Namespace
[22m[39m[Mock Data] seedMockFiles: Adding 6 files
[90mstdout[2m | .storybook/TranslationMode.stories.tsx[2m > [22m[2mEditor Namespace
[22m[39m[Mock Data Gen 2] Seeded Files: 6
[90mstdout[2m | .storybook/TranslationMode.stories.tsx[2m > [22m[2mEditor Namespace
[22m[39m[Mock Data Gen 2] Initializing mock data
[90mstdout[2m | .storybook/TranslationMode.stories.tsx[2m > [22m[2mEditor Namespace
[22m[39m[Mock Data] seedMockAssistantChats: Replacing with 1 assistant chats
[90mstdout[2m | .storybook/TranslationMode.stories.tsx[2m > [22m[2mEditor Namespace
[22m[39m[Mock Data Gen 2] Seeded AssistantChat: mock-assistant-chat-1
[90mstdout[2m | .storybook/TranslationMode.stories.tsx[2m > [22m[2mEditor Namespace
[22m[39m[Mock Data] seedMockFiles: Adding 6 files
[90mstdout[2m | .storybook/TranslationMode.stories.tsx[2m > [22m[2mEditor Namespace
[22m[39m[Mock Data Gen 2] Seeded Files: 6
[90mstdout[2m | .storybook/TranslationMode.stories.tsx[2m > [22m[2mEditor Namespace
[22m[39m[Preview] Initialized default mock data for story
[90mstdout[2m | .storybook/TranslationMode.stories.tsx[2m > [22m[2mEditor Namespace
[22m[39m[Mock AuthContext] Providing auth: {
  "error": undefined,
  "isLoading": false,
  "session": {
    "idToken": {
      "toString": [Function toString],
    },
    "identityId": "us-east-1:mock-identity-123",
    "username": "mock-user-sub",
  },
  "user": {
    "attributes": {
      "email": "alice@example.com",
      "name": "Alice Student",
      "sub": "mock-user-sub",
    },
  },
}
[90mstdout[2m | .storybook/TranslationMode.stories.tsx[2m > [22m[2mEditor Namespace
[22m[39m[MOCK CourseVectorStore] Initialized with mock data
[90mstdout[2m | .storybook/TranslationMode.stories.tsx[2m > [22m[2mEditor Namespace
[22m[39m[useTranslationWithCapture] t() called: {
  "key": "password_placeholder",
  "mode": "off",
  "namespace": "auth",
  "value": "password_placeholder",
}
[90mstdout[2m | .storybook/TranslationMode.stories.tsx[2m > [22m[2mEditor Namespace
[22m[39m[useTranslationWithCapture] t() called: {
  "key": "email_placeholder",
  "mode": "off",
  "namespace": "auth",
  "value": "email_placeholder",
}
[90mstdout[2m | .storybook/TranslationMode.stories.tsx[2m > [22m[2mEditor Namespace
[22m[39m[useTranslationWithCapture] t() called: {
  "key": "confirm_password_placeholder",
  "mode": "off",
  "namespace": "auth",
  "value": "confirm_password_placeholder",
}
 [32m✓[39m [30m[42m unit [49m[39m src/yjs/__tests__/WorkbookCollaboration.test.ts [2m([22m[2m27 tests[22m[2m)[22m[32m 285[2mms[22m[39m
 [32m✓[39m [30m[42m unit [49m[39m src/utils/debug/__tests__/DebugLogger.test.ts [2m([22m[2m29 tests[22m[2m)[22m[32m 99[2mms[22m[39m
 [32m✓[39m [30m[42m unit [49m[39m test/performance/yjs-collaboration.test.ts [2m([22m[2m12 tests[22m[2m)[22m[32m 100[2mms[22m[39m
[90mstdout[2m | .storybook/TranslationMode.stories.tsx[2m > [22m[2mEditor Namespace
[22m[39m[TranslationOverlay] Mode changed to: off for key: demo.title
[90mstdout[2m | .storybook/TranslationMode.stories.tsx[2m > [22m[2mEditor Namespace
[22m[39m[TranslationOverlay] Mode changed to: off for key: demo.description
[90mstdout[2m | .storybook/TranslationMode.stories.tsx[2m > [22m[2mEditor Namespace
[22m[39m[TranslationOverlay] Mode changed to: off for key: demo.instructions
[90mstdout[2m | .storybook/TranslationMode.stories.tsx[2m > [22m[2mEditor Namespace
[22m[39m[TranslationOverlay] Mode changed to: off for key: demo.auth_form_heading
[90mstdout[2m | .storybook/TranslationMode.stories.tsx[2m > [22m[2mEditor Namespace
[22m[39m[TranslationOverlay] Mode changed to: off for key: username
[90mstdout[2m | .storybook/TranslationMode.stories.tsx[2m > [22m[2mEditor Namespace
[22m[39m[TranslationOverlay] Mode changed to: off for key: username
[90mstdout[2m | .storybook/TranslationMode.stories.tsx[2m > [22m[2mEditor Namespace
[22m[39m[TranslationOverlay] Mode changed to: off for key: password
[90mstdout[2m | .storybook/TranslationMode.stories.tsx[2m > [22m[2mEditor Namespace
[22m[39m[TranslationOverlay] Mode changed to: off for key: password
[90mstdout[2m | .storybook/TranslationMode.stories.tsx[2m > [22m[2mEditor Namespace
[22m[39m[TranslationOverlay] Mode changed to: off for key: email
[90mstdout[2m | .storybook/TranslationMode.stories.tsx[2m > [22m[2mEditor Namespace
[22m[39m[TranslationOverlay] Mode changed to: off for key: email
[90mstdout[2m | .storybook/TranslationMode.stories.tsx[2m > [22m[2mEditor Namespace
[22m[39m[TranslationOverlay] Mode changed to: off for key: sign_in
[90mstdout[2m | .storybook/TranslationMode.stories.tsx[2m > [22m[2mEditor Namespace
[22m[39m[TranslationOverlay] Mode changed to: off for key: sign_up
[90mstdout[2m | .storybook/TranslationMode.stories.tsx[2m > [22m[2mEditor Namespace
[22m[39m[TranslationOverlay] Mode changed to: off for key: forgot_password
[90mstdout[2m | .storybook/TranslationMode.stories.tsx[2m > [22m[2mEditor Namespace
[22m[39m[TranslationOverlay] Mode changed to: off for key: reset_password
[90mstdout[2m | .storybook/TranslationMode.stories.tsx[2m > [22m[2mEditor Namespace
[22m[39m[TranslationOverlay] Mode changed to: off for key: sign_out
[90mstdout[2m | .storybook/TranslationMode.stories.tsx[2m > [22m[2mEditor Namespace
[22m[39m[TranslationOverlay] Mode changed to: off for key: demo.password_reset_heading
[90mstdout[2m | .storybook/TranslationMode.stories.tsx[2m > [22m[2mEditor Namespace
[22m[39m[TranslationOverlay] Mode changed to: off for key: confirm_password
[90mstdout[2m | .storybook/TranslationMode.stories.tsx[2m > [22m[2mEditor Namespace
[22m[39m[TranslationOverlay] Mode changed to: off for key: confirm_password
[90mstdout[2m | .storybook/TranslationMode.stories.tsx[2m > [22m[2mEditor Namespace
[22m[39m[TranslationModeController] Setting mode to: off
[90mstdout[2m | .storybook/TranslationMode.stories.tsx[2m > [22m[2mEditor Namespace
[22m[39m[TranslationModeController] Setting mode to: off
[90mstdout[2m | .storybook/TranslationMode.stories.tsx[2m > [22m[2mEditor Namespace
[22m[39m[SectionContext] useEffect triggered {
  "authLoading": false,
  "hasUser": true,
  "userSub": "mock-user-sub",
}
[90mstdout[2m | .storybook/TranslationMode.stories.tsx[2m > [22m[2mEditor Namespace
[22m[39m[SectionContext] Fetching sections for userId: mock-user-sub
[90mstdout[2m | .storybook/TranslationMode.stories.tsx[2m > [22m[2mEditor Namespace
[22m[39m[Mock Data] generateClient() called - returning mock client
[90mstdout[2m | .storybook/TranslationMode.stories.tsx[2m > [22m[2mEditor Namespace
[22m[39m[Mock amplifyClient] getAmplifyClient() called - returning mock client
[90mstdout[2m | .storybook/TranslationMode.stories.tsx[2m > [22m[2mEditor Namespace
[22m[39m[Mock Data] Section.list() called with options: undefined
[90mstdout[2m | .storybook/TranslationMode.stories.tsx[2m > [22m[2mEditor Namespace
[22m[39m[Mock Data] generateClient() called - returning mock client
[90mstdout[2m | .storybook/TranslationMode.stories.tsx[2m > [22m[2mEditor Namespace
[22m[39m[Mock amplifyClient] getAmplifyClient() called - returning mock client
[90mstdout[2m | .storybook/TranslationMode.stories.tsx[2m > [22m[2mEditor Namespace
[22m[39m[Mock Data] Assignment.list() called with options: {
  "filter": {
    "unitID": {
      "eq": "mock-unit-id",
    },
  },
}
[90mstdout[2m | .storybook/TranslationMode.stories.tsx[2m > [22m[2mEditor Namespace
[22m[39m[Mock Data] generateClient() called - returning mock client
[90mstdout[2m | .storybook/TranslationMode.stories.tsx[2m > [22m[2mEditor Namespace
[22m[39m[Mock amplifyClient] getAmplifyClient() called - returning mock client
[90mstdout[2m | .storybook/TranslationMode.stories.tsx[2m > [22m[2mEditor Namespace
[22m[39m[Mock Data] Grade.observeQuery() called with filter: {
  "filter": {
    "unitID": {
      "eq": "mock-unit-id",
    },
  },
}
[90mstdout[2m | .storybook/TranslationMode.stories.tsx[2m > [22m[2mEditor Namespace
[22m[39m[Mock Data] Grade.observeQuery() applying filter: {
  "unitID": {
    "eq": "mock-unit-id",
  },
}
[90mstdout[2m | .storybook/TranslationMode.stories.tsx[2m > [22m[2mEditor Namespace
[22m[39m[Mock Data] Grade.observeQuery() items before filter: 0
[90mstdout[2m | .storybook/TranslationMode.stories.tsx[2m > [22m[2mEditor Namespace
[22m[39m[Mock Data] Grade.observeQuery() items after filter: 0
[90mstdout[2m | .storybook/TranslationMode.stories.tsx[2m > [22m[2mEditor Namespace
[22m[39m[Mock Data] Grade.observeQuery() returning 0 items (filter applied) {
  "filter": {
    "unitID": {
      "eq": "mock-unit-id",
    },
  },
}
[90mstdout[2m | .storybook/TranslationMode.stories.tsx[2m > [22m[2mEditor Namespace
[22m[39m[Mock Data] Grade subscription added. Total subscriptions: 1
[90mstdout[2m | .storybook/TranslationMode.stories.tsx[2m > [22m[2mEditor Namespace
[22m[39m[UnitContext] useEffect triggered {
  "authLoading": false,
  "hasUser": true,
  "id": "mock-unit-id",
  "userSub": "mock-user-sub",
}
[90mstdout[2m | .storybook/TranslationMode.stories.tsx[2m > [22m[2mEditor Namespace
[22m[39m[UnitContext] Fetching unit data for id: mock-unit-id
[90mstdout[2m | .storybook/TranslationMode.stories.tsx[2m > [22m[2mEditor Namespace
[22m[39m[Mock Data] generateClient() called - returning mock client
[90mstdout[2m | .storybook/TranslationMode.stories.tsx[2m > [22m[2mEditor Namespace
[22m[39m[Mock amplifyClient] getAmplifyClient() called - returning mock client
[90mstdout[2m | .storybook/TranslationMode.stories.tsx[2m > [22m[2mEditor Namespace
[22m[39m[Mock Data] Unit.observeQuery() called with filter: {
  "filter": {
    "id": {
      "eq": "mock-unit-id",
    },
  },
}
[90mstdout[2m | .storybook/TranslationMode.stories.tsx[2m > [22m[2mEditor Namespace
[22m[39m[Mock Data] Unit.observeQuery() applying filter: {
  "id": {
    "eq": "mock-unit-id",
  },
}
[90mstdout[2m | .storybook/TranslationMode.stories.tsx[2m > [22m[2mEditor Namespace
[22m[39m[Mock Data] Unit.observeQuery() items before filter: 0
[90mstdout[2m | .storybook/TranslationMode.stories.tsx[2m > [22m[2mEditor Namespace
[22m[39m[Mock Data] Unit.observeQuery() items after filter: 0
[90mstdout[2m | .storybook/TranslationMode.stories.tsx[2m > [22m[2mEditor Namespace
[22m[39m[Mock Data] Unit.observeQuery() returning 0 items (filter applied) {
  "filter": {
    "id": {
      "eq": "mock-unit-id",
    },
  },
}
[90mstdout[2m | .storybook/TranslationMode.stories.tsx[2m > [22m[2mEditor Namespace
[22m[39m[Mock Data] Unit subscription added. Total subscriptions: 1
[90mstdout[2m | .storybook/TranslationMode.stories.tsx[2m > [22m[2mEditor Namespace
[22m[39m[Mock Data] generateClient() called - returning mock client
[90mstdout[2m | .storybook/TranslationMode.stories.tsx[2m > [22m[2mEditor Namespace
[22m[39m[Mock amplifyClient] getAmplifyClient() called - returning mock client
[90mstdout[2m | .storybook/TranslationMode.stories.tsx[2m > [22m[2mEditor Namespace
[22m[39m[Mock Data] Word.observeQuery() called with filter: undefined
[90mstdout[2m | .storybook/TranslationMode.stories.tsx[2m > [22m[2mEditor Namespace
[22m[39m[Mock Data] Word.observeQuery() returning 0 items (filter applied) undefined
[90mstdout[2m | .storybook/TranslationMode.stories.tsx[2m > [22m[2mEditor Namespace
[22m[39m[Mock Data] Word subscription added. Total subscriptions: 1
[90mstdout[2m | .storybook/TranslationMode.stories.tsx[2m > [22m[2mEditor Namespace
[22m[39m[Mock Data] generateClient() called - returning mock client
[90mstdout[2m | .storybook/TranslationMode.stories.tsx[2m > [22m[2mEditor Namespace
[22m[39m[Mock amplifyClient] getAmplifyClient() called - returning mock client
[90mstdout[2m | .storybook/TranslationMode.stories.tsx[2m > [22m[2mEditor Namespace
[22m[39m[Mock Data] Question.observeQuery() called with filter: undefined
[90mstdout[2m | .storybook/TranslationMode.stories.tsx[2m > [22m[2mEditor Namespace
[22m[39m[Mock Data] Question.observeQuery() returning 0 items (filter applied) undefined
[90mstdout[2m | .storybook/TranslationMode.stories.tsx[2m > [22m[2mEditor Namespace
[22m[39m[Mock Data] Question subscription added. Total subscriptions: 1
[90mstdout[2m | .storybook/TranslationMode.stories.tsx[2m > [22m[2mEditor Namespace
[22m[39m[FilesContext] Initializing vector store from IndexedDB
[90mstdout[2m | .storybook/TranslationMode.stories.tsx[2m > [22m[2mEditor Namespace
[22m[39m[FilesContext] fetchFiles called
[90mstdout[2m | .storybook/TranslationMode.stories.tsx[2m > [22m[2mEditor Namespace
[22m[39m[FilesContext] User authenticated: mock-user-sub
[90mstdout[2m | .storybook/TranslationMode.stories.tsx[2m > [22m[2mEditor Namespace
[22m[39m[FilesContext] Identity ID: us-east-1:mock-identity-123
[90mstdout[2m | .storybook/TranslationMode.stories.tsx[2m > [22m[2mEditor Namespace
[22m[39m[FilesContext] About to subscribe to File model
[90mstdout[2m | .storybook/TranslationMode.stories.tsx[2m > [22m[2mEditor Namespace
[22m[39m[Mock Data] generateClient() called - returning mock client
[90mstdout[2m | .storybook/TranslationMode.stories.tsx[2m > [22m[2mEditor Namespace
[22m[39m[Mock amplifyClient] getAmplifyClient() called - returning mock client
[90mstdout[2m | .storybook/TranslationMode.stories.tsx[2m > [22m[2mEditor Namespace
[22m[39m[Mock Data] File.observeQuery() called with filter: undefined
[90mstdout[2m | .storybook/TranslationMode.stories.tsx[2m > [22m[2mEditor Namespace
[22m[39m[Mock Data] File.observeQuery() returning 6 items (filter applied) undefined
[90mstdout[2m | .storybook/TranslationMode.stories.tsx[2m > [22m[2mEditor Namespace
[22m[39m[Mock Data] File subscription added. Total subscriptions: 1
[90mstdout[2m | .storybook/TranslationMode.stories.tsx[2m > [22m[2mEditor Namespace
[22m[39m[Mock Data] generateClient() called - returning mock client
[90mstdout[2m | .storybook/TranslationMode.stories.tsx[2m > [22m[2mEditor Namespace
[22m[39m[Mock amplifyClient] getAmplifyClient() called - returning mock client
[90mstdout[2m | .storybook/TranslationMode.stories.tsx[2m > [22m[2mEditor Namespace
[22m[39m[Mock Data] Document.observeQuery() called with filter: undefined
[90mstdout[2m | .storybook/TranslationMode.stories.tsx[2m > [22m[2mEditor Namespace
[22m[39m[Mock Data] Document.observeQuery() returning 0 items (filter applied) undefined
[90mstdout[2m | .storybook/TranslationMode.stories.tsx[2m > [22m[2mEditor Namespace
[22m[39m[Mock Data] Document subscription added. Total subscriptions: 1
[90mstdout[2m | .storybook/TranslationMode.stories.tsx[2m > [22m[2mEditor Namespace
[22m[39m[useTranslationWithCapture] t() called: {
  "key": "password_placeholder",
  "mode": "off",
  "namespace": "auth",
  "value": "password_placeholder",
}
[90mstdout[2m | .storybook/TranslationMode.stories.tsx[2m > [22m[2mEditor Namespace
[22m[39m[useTranslationWithCapture] t() called: {
  "key": "email_placeholder",
  "mode": "off",
  "namespace": "auth",
  "value": "email_placeholder",
}
[90mstdout[2m | .storybook/TranslationMode.stories.tsx[2m > [22m[2mEditor Namespace
[22m[39m[useTranslationWithCapture] t() called: {
  "key": "confirm_password_placeholder",
  "mode": "off",
  "namespace": "auth",
  "value": "confirm_password_placeholder",
}
[90mstdout[2m | .github/skills/semantic-file-search/semantic-file-search.test.ts
[22m[39m✓ Loaded .env.test

[90mstdout[2m | src/yjs/__tests__/YjsProvider.test.ts
[22m[39m✓ Loaded .env.test

[90mstdout[2m | .storybook/TranslationMode.stories.tsx[2m > [22m[2mEditor Namespace
[22m[39m[SectionContext] Initial sections: 0 []
[90mstdout[2m | .storybook/TranslationMode.stories.tsx[2m > [22m[2mEditor Namespace
[22m[39m[Mock Data] Section.onCreate() called with filter: undefined
[90mstdout[2m | .storybook/TranslationMode.stories.tsx[2m > [22m[2mEditor Namespace
[22m[39m[Mock Data] Section.onCreate() subscription added. Total: 1
[90mstdout[2m | .storybook/TranslationMode.stories.tsx[2m > [22m[2mEditor Namespace
[22m[39m[Mock Data] Section.onUpdate() called with filter: undefined
[90mstdout[2m | .storybook/TranslationMode.stories.tsx[2m > [22m[2mEditor Namespace
[22m[39m[Mock Data] Section.onUpdate() subscription added. Total: 1
[90mstdout[2m | .storybook/TranslationMode.stories.tsx[2m > [22m[2mEditor Namespace
[22m[39m[Mock Data] Section.onDelete() called with filter: undefined
[90mstdout[2m | .storybook/TranslationMode.stories.tsx[2m > [22m[2mEditor Namespace
[22m[39m[Mock Data] Section.onDelete() subscription added. Total: 1
[90mstdout[2m | .storybook/TranslationMode.stories.tsx[2m > [22m[2mEditor Namespace
[22m[39m[Mock Data] Assignment.onCreate() called with filter: {
  "filter": {
    "unitID": {
      "eq": "mock-unit-id",
    },
  },
}
[90mstdout[2m | .storybook/TranslationMode.stories.tsx[2m > [22m[2mEditor Namespace
[22m[39m[Mock Data] Assignment.onCreate() subscription added. Total: 1
[90mstdout[2m | .storybook/TranslationMode.stories.tsx[2m > [22m[2mEditor Namespace
[22m[39m[Mock Data] Assignment.onUpdate() called with filter: {
  "filter": {
    "unitID": {
      "eq": "mock-unit-id",
    },
  },
}
[90mstdout[2m | .storybook/TranslationMode.stories.tsx[2m > [22m[2mEditor Namespace
[22m[39m[Mock Data] Assignment.onUpdate() subscription added. Total: 1
[90mstdout[2m | .storybook/TranslationMode.stories.tsx[2m > [22m[2mEditor Namespace
[22m[39m[Mock Data] Assignment.onDelete() called with filter: {
  "filter": {
    "unitID": {
      "eq": "mock-unit-id",
    },
  },
}
[90mstdout[2m | .storybook/TranslationMode.stories.tsx[2m > [22m[2mEditor Namespace
[22m[39m[Mock Data] Assignment.onDelete() subscription added. Total: 1
[90mstdout[2m | .storybook/TranslationMode.stories.tsx[2m > [22m[2mEditor Namespace
[22m[39m[useTranslationWithCapture] t() called: {
  "key": "password_placeholder",
  "mode": "off",
  "namespace": "auth",
  "value": "password_placeholder",
}
[90mstdout[2m | .storybook/TranslationMode.stories.tsx[2m > [22m[2mEditor Namespace
[22m[39m[useTranslationWithCapture] t() called: {
  "key": "email_placeholder",
  "mode": "off",
  "namespace": "auth",
  "value": "email_placeholder",
}
[90mstdout[2m | .storybook/TranslationMode.stories.tsx[2m > [22m[2mEditor Namespace
[22m[39m[useTranslationWithCapture] t() called: {
  "key": "confirm_password_placeholder",
  "mode": "off",
  "namespace": "auth",
  "value": "confirm_password_placeholder",
}
[90mstdout[2m | .storybook/TranslationMode.stories.tsx[2m > [22m[2mEditor Namespace
[22m[39m[FilesContext] File observeQuery subscription triggered:
[90mstdout[2m | .storybook/TranslationMode.stories.tsx[2m > [22m[2mEditor Namespace
[22m[39m  - items.length: 6
[90mstdout[2m | .storybook/TranslationMode.stories.tsx[2m > [22m[2mEditor Namespace
[22m[39m  - isSynced: true
[90mstdout[2m | .storybook/TranslationMode.stories.tsx[2m > [22m[2mEditor Namespace
[22m[39m  - items: [
  {
    "_deleted": null,
    "_lastChangedAt": 1767711773285,
    "_version": 1,
    "byHex": null,
    "createdAt": "2026-01-06T15:02:53.253Z",
    "description": "Japanese language textbook - Chapter 1",
    "document": Promise {},
    "documentID": "e01017e1-fe7a-4521-b71c-09ec31b18639",
    "duration": null,
    "embedding": null,
    "generated": null,
    "hex": null,
    "id": "a57d7833-5fa7-4cb7-8b7a-ce7c6e10e551",
    "identityId": "us-east-1:b0eadde9-f02c-c71b-17a6-22ffd37d89c8",
    "key": "files/Japanese Wind 1.pdf",
    "level": "protected",
    "mimeType": "application/pdf",
    "model": null,
    "name": "Japanese Wind 1.pdf",
    "owner": "64d81418-7021-701d-9fed-a4c2e0735711",
    "parsedContent": [Function anonymous],
    "parsedContentID": null,
    "path": "files/Japanese Wind 1.pdf",
    "prompt": null,
    "size": 4706654,
    "thumbnail": null,
    "type": "pdf",
    "updatedAt": "2026-01-06T15:02:53.253Z",
    "variant": null,
    "waveformData": null,
  },
  {
    "_version": 2,
    "createdAt": "2026-01-15T10:00:00.000Z",
    "description": "Sample report with vocabulary",
    "document": Promise {},
    "documentID": "cd824b5b-2c66-41f8-8571-aa6794ff590c",
    "generated": false,
    "id": "mock-pdf-file-2",
    "identityId": "us-east-1:mock-identity",
    "key": "files/report.pdf",
    "level": "protected",
    "mimeType": "application/pdf",
    "name": "report.pdf",
    "owner": "mock-user-id",
    "parsedContent": [Function anonymous],
    "path": "files/report.pdf",
    "size": 123456,
    "type": "pdf",
    "updatedAt": "2026-01-15T10:30:00.000Z",
  },
  {
    "_version": 3,
    "createdAt": "2026-01-14T08:00:00.000Z",
    "description": "Vocabulary lesson PDF with extracted content",
    "document": Promise {},
    "documentID": "mock-document-3",
    "generated": false,
    "id": "mock-pdf-file-3",
    "identityId": "us-east-1:mock-identity",
    "key": "files/vocabulary-lesson.pdf",
    "level": "public",
    "mimeType": "application/pdf",
    "name": "vocabulary-lesson.pdf",
    "owner": "mock-user-id",
    "parsedContent": [Function anonymous],
    "path": "files/vocabulary-lesson.pdf",
    "size": 567890,
    "type": "pdf",
    "updatedAt": "2026-01-14T08:45:00.000Z",
  },
  {
    "_version": 1,
    "createdAt": "2026-01-20T10:00:00.000Z",
    "description": "Sample pronunciation audio",
    "documentID": null,
    "duration": 3.5,
    "generated": true,
    "id": "mock-audio-file-1",
    "identityId": "us-east-1:mock-identity",
    "key": "audio/pronunciation-demo.mp3",
    "level": "public",
    "mimeType": "audio/mpeg",
    "name": "pronunciation-demo.mp3",
    "owner": "mock-user-id",
    "parsedContent": [Function anonymous],
    "path": "audio/pronunciation-demo.mp3",
    "size": 56789,
    "type": "audio",
    "updatedAt": "2026-01-20T10:00:00.000Z",
    "waveformData": "[0.1, 0.3, 0.5, 0.7, 0.9, 0.7, 0.5, 0.3, 0.1]",
  },
  {
    "_version": 1,
    "createdAt": "2026-01-19T14:30:00.000Z",
    "description": "Lesson introduction audio",
    "documentID": null,
    "duration": 5.2,
    "generated": false,
    "id": "mock-audio-file-2",
    "identityId": "us-east-1:mock-identity",
    "key": "audio/lesson-intro.mp3",
    "level": "public",
    "mimeType": "audio/mpeg",
    "name": "lesson-intro.mp3",
    "owner": "mock-user-id",
    "parsedContent": [Function anonymous],
    "path": "audio/lesson-intro.mp3",
    "size": 87654,
    "type": "audio",
    "updatedAt": "2026-01-19T14:30:00.000Z",
    "waveformData": "[0.2, 0.4, 0.6, 0.8, 1.0, 0.8, 0.6, 0.4, 0.2]",
  },
  {
    "_version": 1,
    "createdAt": "2026-01-18T09:15:00.000Z",
    "description": "Hiragana character chart",
    "documentID": null,
    "generated": false,
    "id": "mock-image-file-1",
    "identityId": "us-east-1:mock-identity",
    "key": "images/hiragana-chart.png",
    "level": "public",
    "mimeType": "image/png",
    "name": "hiragana-chart.png",
    "owner": "mock-user-id",
    "parsedContent": [Function anonymous],
    "path": "images/hiragana-chart.png",
    "size": 234567,
    "thumbnail": "thumbnails/hiragana-chart-thumb.png",
    "type": "image",
    "updatedAt": "2026-01-18T09:15:00.000Z",
  },
]
[90mstdout[2m | .storybook/TranslationMode.stories.tsx[2m > [22m[2mEditor Namespace
[22m[39m[FilesContext] Files count changed: 0 → 6
[90mstdout[2m | .storybook/TranslationMode.stories.tsx[2m > [22m[2mEditor Namespace
[22m[39m[MOCK CourseVectorStore] Initialized with mock data
[90mstdout[2m | .storybook/TranslationMode.stories.tsx[2m > [22m[2mEditor Namespace
[22m[39m[MOCK CourseVectorStore] Initialized with mock data
[90mstdout[2m | .storybook/TranslationMode.stories.tsx[2m > [22m[2mEditor Namespace
[22m[39m[FilesContext] Vector store population triggered {
  "currentVectorStoreSize": 3,
  "documentsCount": 0,
  "filesCount": 6,
  "isInitialLoad": true,
}
[90mstdout[2m | .storybook/TranslationMode.stories.tsx[2m > [22m[2mEditor Namespace
[22m[39m[FilesContext] Vector store population complete - 3 total embeddings
 [32m✓[39m [30m[42m unit [49m[39m src/components/DebugPanel/__tests__/ComponentTreeView.test.tsx [2m([22m[2m9 tests[22m[2m)[22m[33m 944[2mms[22m[39m
[90mstdout[2m | .storybook/TranslationMode.stories.tsx[2m > [22m[2mAuth Namespace
[22m[39m[Mock Data] File subscription unsubscribed. Remaining: 0
[90mstdout[2m | .storybook/TranslationMode.stories.tsx[2m > [22m[2mAuth Namespace
[22m[39m[Mock Data] Document subscription unsubscribed. Remaining: 0
[90mstdout[2m | .storybook/TranslationMode.stories.tsx[2m > [22m[2mAuth Namespace
[22m[39m[Mock Data] Word subscription unsubscribed. Remaining: 0
[90mstdout[2m | .storybook/TranslationMode.stories.tsx[2m > [22m[2mAuth Namespace
[22m[39m[Mock Data] Question subscription unsubscribed. Remaining: 0
[90mstdout[2m | .storybook/TranslationMode.stories.tsx[2m > [22m[2mAuth Namespace
[22m[39m[Mock Data] Grade subscription unsubscribed. Remaining: 0
[90mstdout[2m | .storybook/TranslationMode.stories.tsx[2m > [22m[2mAuth Namespace
[22m[39m[Mock Data] Unit subscription unsubscribed. Remaining: 0
[90mstdout[2m | .storybook/TranslationMode.stories.tsx[2m > [22m[2mAuth Namespace
[22m[39m[SectionContext] Cleaning up subscriptions
[90mstdout[2m | .storybook/TranslationMode.stories.tsx[2m > [22m[2mAuth Namespace
[22m[39m[Mock Data] Section.onCreate() subscription removed. Remaining: 0
[90mstdout[2m | .storybook/TranslationMode.stories.tsx[2m > [22m[2mAuth Namespace
[22m[39m[Mock Data] Section.onUpdate() subscription removed. Remaining: 0
[90mstdout[2m | .storybook/TranslationMode.stories.tsx[2m > [22m[2mAuth Namespace
[22m[39m[Mock Data] Section.onDelete() subscription removed. Remaining: 0
[90mstdout[2m | .storybook/TranslationMode.stories.tsx[2m > [22m[2mAuth Namespace
[22m[39m[Mock Data] Assignment.onCreate() subscription removed. Remaining: 0
[90mstdout[2m | .storybook/TranslationMode.stories.tsx[2m > [22m[2mAuth Namespace
[22m[39m[Mock Data] Assignment.onUpdate() subscription removed. Remaining: 0
[90mstdout[2m | .storybook/TranslationMode.stories.tsx[2m > [22m[2mAuth Namespace
[22m[39m[Mock Data] Assignment.onDelete() subscription removed. Remaining: 0
[90mstdout[2m | .storybook/TranslationMode.stories.tsx[2m > [22m[2mAuth Namespace
[22m[39m[Mock Data] Clearing all data stores
[90mstdout[2m | .storybook/TranslationMode.stories.tsx[2m > [22m[2mAuth Namespace
[22m[39m[Mock Data] All data stores cleared
[90mstdout[2m | .storybook/TranslationMode.stories.tsx[2m > [22m[2mAuth Namespace
[22m[39m[Preview] Cleared mock data for story
[90mstdout[2m | .storybook/TranslationMode.stories.tsx[2m > [22m[2mAuth Namespace
[22m[39m[Mock Data Gen 2] Initializing mock data
[90mstdout[2m | .storybook/TranslationMode.stories.tsx[2m > [22m[2mAuth Namespace
[22m[39m[Mock Data] seedMockAssistantChats: Replacing with 1 assistant chats
[90mstdout[2m | .storybook/TranslationMode.stories.tsx[2m > [22m[2mAuth Namespace
[22m[39m[Mock Data Gen 2] Seeded AssistantChat: mock-assistant-chat-1
[90mstdout[2m | .storybook/TranslationMode.stories.tsx[2m > [22m[2mAuth Namespace
[22m[39m[Mock Data] seedMockFiles: Adding 6 files
[90mstdout[2m | .storybook/TranslationMode.stories.tsx[2m > [22m[2mAuth Namespace
[22m[39m[Mock Data Gen 2] Seeded Files: 6
[90mstdout[2m | .storybook/TranslationMode.stories.tsx[2m > [22m[2mAuth Namespace
[22m[39m[Mock Data Gen 2] Initializing mock data
[90mstdout[2m | .storybook/TranslationMode.stories.tsx[2m > [22m[2mAuth Namespace
[22m[39m[Mock Data] seedMockAssistantChats: Replacing with 1 assistant chats
[90mstdout[2m | .storybook/TranslationMode.stories.tsx[2m > [22m[2mAuth Namespace
[22m[39m[Mock Data Gen 2] Seeded AssistantChat: mock-assistant-chat-1
[90mstdout[2m | .storybook/TranslationMode.stories.tsx[2m > [22m[2mAuth Namespace
[22m[39m[Mock Data] seedMockFiles: Adding 6 files
[90mstdout[2m | .storybook/TranslationMode.stories.tsx[2m > [22m[2mAuth Namespace
[22m[39m[Mock Data Gen 2] Seeded Files: 6
[90mstdout[2m | .storybook/TranslationMode.stories.tsx[2m > [22m[2mAuth Namespace
[22m[39m[Preview] Initialized default mock data for story
[90mstdout[2m | .storybook/TranslationMode.stories.tsx[2m > [22m[2mAuth Namespace
[22m[39m[Mock AuthContext] Providing auth: {
  "error": undefined,
  "isLoading": false,
  "session": {
    "idToken": {
      "toString": [Function toString],
    },
    "identityId": "us-east-1:mock-identity-123",
    "username": "mock-user-sub",
  },
  "user": {
    "attributes": {
      "email": "alice@example.com",
      "name": "Alice Student",
      "sub": "mock-user-sub",
    },
  },
}
[90mstdout[2m | .storybook/TranslationMode.stories.tsx[2m > [22m[2mAuth Namespace
[22m[39m[MOCK CourseVectorStore] Initialized with mock data
[90mstdout[2m | .storybook/TranslationMode.stories.tsx[2m > [22m[2mAuth Namespace
[22m[39m[useTranslationWithCapture] t() called: {
  "key": "password_placeholder",
  "mode": "off",
  "namespace": "auth",
  "value": "password_placeholder",
}
[90mstdout[2m | .storybook/TranslationMode.stories.tsx[2m > [22m[2mAuth Namespace
[22m[39m[useTranslationWithCapture] t() called: {
  "key": "email_placeholder",
  "mode": "off",
  "namespace": "auth",
  "value": "email_placeholder",
}
[90mstdout[2m | .storybook/TranslationMode.stories.tsx[2m > [22m[2mAuth Namespace
[22m[39m[useTranslationWithCapture] t() called: {
  "key": "confirm_password_placeholder",
  "mode": "off",
  "namespace": "auth",
  "value": "confirm_password_placeholder",
}
 [32m✓[39m [30m[42m unit [49m[39m .github/skills/semantic-file-search/semantic-file-search.test.ts [2m([22m[2m35 tests[22m[2m)[22m[32m 44[2mms[22m[39m
[90mstdout[2m | .storybook/TranslationMode.stories.tsx[2m > [22m[2mAuth Namespace
[22m[39m[TranslationOverlay] Mode changed to: off for key: demo.title
[90mstdout[2m | .storybook/TranslationMode.stories.tsx[2m > [22m[2mAuth Namespace
[22m[39m[TranslationOverlay] Mode changed to: off for key: demo.description
[90mstdout[2m | .storybook/TranslationMode.stories.tsx[2m > [22m[2mAuth Namespace
[22m[39m[TranslationOverlay] Mode changed to: off for key: demo.instructions
[90mstdout[2m | .storybook/TranslationMode.stories.tsx[2m > [22m[2mAuth Namespace
[22m[39m[TranslationOverlay] Mode changed to: off for key: demo.auth_form_heading
[90mstdout[2m | .storybook/TranslationMode.stories.tsx[2m > [22m[2mAuth Namespace
[22m[39m[TranslationOverlay] Mode changed to: off for key: username
[90mstdout[2m | .storybook/TranslationMode.stories.tsx[2m > [22m[2mAuth Namespace
[22m[39m[TranslationOverlay] Mode changed to: off for key: username
[90mstdout[2m | .storybook/TranslationMode.stories.tsx[2m > [22m[2mAuth Namespace
[22m[39m[TranslationOverlay] Mode changed to: off for key: password
[90mstdout[2m | .storybook/TranslationMode.stories.tsx[2m > [22m[2mAuth Namespace
[22m[39m[TranslationOverlay] Mode changed to: off for key: password
[90mstdout[2m | .storybook/TranslationMode.stories.tsx[2m > [22m[2mAuth Namespace
[22m[39m[TranslationOverlay] Mode changed to: off for key: email
[90mstdout[2m | .storybook/TranslationMode.stories.tsx[2m > [22m[2mAuth Namespace
[22m[39m[TranslationOverlay] Mode changed to: off for key: email
[90mstdout[2m | .storybook/TranslationMode.stories.tsx[2m > [22m[2mAuth Namespace
[22m[39m[TranslationOverlay] Mode changed to: off for key: sign_in
[90mstdout[2m | .storybook/TranslationMode.stories.tsx[2m > [22m[2mAuth Namespace
[22m[39m[TranslationOverlay] Mode changed to: off for key: sign_up
[90mstdout[2m | .storybook/TranslationMode.stories.tsx[2m > [22m[2mAuth Namespace
[22m[39m[TranslationOverlay] Mode changed to: off for key: forgot_password
[90mstdout[2m | .storybook/TranslationMode.stories.tsx[2m > [22m[2mAuth Namespace
[22m[39m[TranslationOverlay] Mode changed to: off for key: reset_password
[90mstdout[2m | .storybook/TranslationMode.stories.tsx[2m > [22m[2mAuth Namespace
[22m[39m[TranslationOverlay] Mode changed to: off for key: sign_out
[90mstdout[2m | .storybook/TranslationMode.stories.tsx[2m > [22m[2mAuth Namespace
[22m[39m[TranslationOverlay] Mode changed to: off for key: demo.password_reset_heading
[90mstdout[2m | .storybook/TranslationMode.stories.tsx[2m > [22m[2mAuth Namespace
[22m[39m[TranslationOverlay] Mode changed to: off for key: confirm_password
[90mstdout[2m | .storybook/TranslationMode.stories.tsx[2m > [22m[2mAuth Namespace
[22m[39m[TranslationOverlay] Mode changed to: off for key: confirm_password
[90mstdout[2m | .storybook/TranslationMode.stories.tsx[2m > [22m[2mAuth Namespace
[22m[39m[TranslationModeController] Setting mode to: off
[90mstdout[2m | .storybook/TranslationMode.stories.tsx[2m > [22m[2mAuth Namespace
[22m[39m[TranslationModeController] Setting mode to: off
[90mstdout[2m | .storybook/TranslationMode.stories.tsx[2m > [22m[2mAuth Namespace
[22m[39m[SectionContext] useEffect triggered {
  "authLoading": false,
  "hasUser": true,
  "userSub": "mock-user-sub",
}
[90mstdout[2m | .storybook/TranslationMode.stories.tsx[2m > [22m[2mAuth Namespace
[22m[39m[SectionContext] Fetching sections for userId: mock-user-sub
[90mstdout[2m | .storybook/TranslationMode.stories.tsx[2m > [22m[2mAuth Namespace
[22m[39m[Mock Data] generateClient() called - returning mock client
[90mstdout[2m | .storybook/TranslationMode.stories.tsx[2m > [22m[2mAuth Namespace
[22m[39m[Mock amplifyClient] getAmplifyClient() called - returning mock client
[90mstdout[2m | .storybook/TranslationMode.stories.tsx[2m > [22m[2mAuth Namespace
[22m[39m[Mock Data] Section.list() called with options: undefined
[90mstdout[2m | .storybook/TranslationMode.stories.tsx[2m > [22m[2mAuth Namespace
[22m[39m[Mock Data] generateClient() called - returning mock client
[90mstdout[2m | .storybook/TranslationMode.stories.tsx[2m > [22m[2mAuth Namespace
[22m[39m[Mock amplifyClient] getAmplifyClient() called - returning mock client
[90mstdout[2m | .storybook/TranslationMode.stories.tsx[2m > [22m[2mAuth Namespace
[22m[39m[Mock Data] Assignment.list() called with options: {
  "filter": {
    "unitID": {
      "eq": "mock-unit-id",
    },
  },
}
[90mstdout[2m | .storybook/TranslationMode.stories.tsx[2m > [22m[2mAuth Namespace
[22m[39m[Mock Data] generateClient() called - returning mock client
[90mstdout[2m | .storybook/TranslationMode.stories.tsx[2m > [22m[2mAuth Namespace
[22m[39m[Mock amplifyClient] getAmplifyClient() called - returning mock client
[90mstdout[2m | .storybook/TranslationMode.stories.tsx[2m > [22m[2mAuth Namespace
[22m[39m[Mock Data] Grade.observeQuery() called with filter: {
  "filter": {
    "unitID": {
      "eq": "mock-unit-id",
    },
  },
}
[90mstdout[2m | .storybook/TranslationMode.stories.tsx[2m > [22m[2mAuth Namespace
[22m[39m[Mock Data] Grade.observeQuery() applying filter: {
  "unitID": {
    "eq": "mock-unit-id",
  },
}
[90mstdout[2m | .storybook/TranslationMode.stories.tsx[2m > [22m[2mAuth Namespace
[22m[39m[Mock Data] Grade.observeQuery() items before filter: 0
[90mstdout[2m | .storybook/TranslationMode.stories.tsx[2m > [22m[2mAuth Namespace
[22m[39m[Mock Data] Grade.observeQuery() items after filter: 0
[90mstdout[2m | .storybook/TranslationMode.stories.tsx[2m > [22m[2mAuth Namespace
[22m[39m[Mock Data] Grade.observeQuery() returning 0 items (filter applied) {
  "filter": {
    "unitID": {
      "eq": "mock-unit-id",
    },
  },
}
[90mstdout[2m | .storybook/TranslationMode.stories.tsx[2m > [22m[2mAuth Namespace
[22m[39m[Mock Data] Grade subscription added. Total subscriptions: 1
[90mstdout[2m | .storybook/TranslationMode.stories.tsx[2m > [22m[2mAuth Namespace
[22m[39m[UnitContext] useEffect triggered {
  "authLoading": false,
  "hasUser": true,
  "id": "mock-unit-id",
  "userSub": "mock-user-sub",
}
[90mstdout[2m | .storybook/TranslationMode.stories.tsx[2m > [22m[2mAuth Namespace
[22m[39m[UnitContext] Fetching unit data for id: mock-unit-id
[90mstdout[2m | .storybook/TranslationMode.stories.tsx[2m > [22m[2mAuth Namespace
[22m[39m[Mock Data] generateClient() called - returning mock client
[90mstdout[2m | .storybook/TranslationMode.stories.tsx[2m > [22m[2mAuth Namespace
[22m[39m[Mock amplifyClient] getAmplifyClient() called - returning mock client
[90mstdout[2m | .storybook/TranslationMode.stories.tsx[2m > [22m[2mAuth Namespace
[22m[39m[Mock Data] Unit.observeQuery() called with filter: {
  "filter": {
    "id": {
      "eq": "mock-unit-id",
    },
  },
}
[90mstdout[2m | .storybook/TranslationMode.stories.tsx[2m > [22m[2mAuth Namespace
[22m[39m[Mock Data] Unit.observeQuery() applying filter: {
  "id": {
    "eq": "mock-unit-id",
  },
}
[90mstdout[2m | .storybook/TranslationMode.stories.tsx[2m > [22m[2mAuth Namespace
[22m[39m[Mock Data] Unit.observeQuery() items before filter: 0
[90mstdout[2m | .storybook/TranslationMode.stories.tsx[2m > [22m[2mAuth Namespace
[22m[39m[Mock Data] Unit.observeQuery() items after filter: 0
[90mstdout[2m | .storybook/TranslationMode.stories.tsx[2m > [22m[2mAuth Namespace
[22m[39m[Mock Data] Unit.observeQuery() returning 0 items (filter applied) {
  "filter": {
    "id": {
      "eq": "mock-unit-id",
    },
  },
}
[90mstdout[2m | .storybook/TranslationMode.stories.tsx[2m > [22m[2mAuth Namespace
[22m[39m[Mock Data] Unit subscription added. Total subscriptions: 1
[90mstdout[2m | .storybook/TranslationMode.stories.tsx[2m > [22m[2mAuth Namespace
[22m[39m[Mock Data] generateClient() called - returning mock client
[90mstdout[2m | .storybook/TranslationMode.stories.tsx[2m > [22m[2mAuth Namespace
[22m[39m[Mock amplifyClient] getAmplifyClient() called - returning mock client
[90mstdout[2m | .storybook/TranslationMode.stories.tsx[2m > [22m[2mAuth Namespace
[22m[39m[Mock Data] Word.observeQuery() called with filter: undefined
[90mstdout[2m | .storybook/TranslationMode.stories.tsx[2m > [22m[2mAuth Namespace
[22m[39m[Mock Data] Word.observeQuery() returning 0 items (filter applied) undefined
[90mstdout[2m | .storybook/TranslationMode.stories.tsx[2m > [22m[2mAuth Namespace
[22m[39m[Mock Data] Word subscription added. Total subscriptions: 1
[90mstdout[2m | .storybook/TranslationMode.stories.tsx[2m > [22m[2mAuth Namespace
[22m[39m[Mock Data] generateClient() called - returning mock client
[90mstdout[2m | .storybook/TranslationMode.stories.tsx[2m > [22m[2mAuth Namespace
[22m[39m[Mock amplifyClient] getAmplifyClient() called - returning mock client
[90mstdout[2m | .storybook/TranslationMode.stories.tsx[2m > [22m[2mAuth Namespace
[22m[39m[Mock Data] Question.observeQuery() called with filter: undefined
[90mstdout[2m | .storybook/TranslationMode.stories.tsx[2m > [22m[2mAuth Namespace
[22m[39m[Mock Data] Question.observeQuery() returning 0 items (filter applied) undefined
[90mstdout[2m | .storybook/TranslationMode.stories.tsx[2m > [22m[2mAuth Namespace
[22m[39m[Mock Data] Question subscription added. Total subscriptions: 1
[90mstdout[2m | .storybook/TranslationMode.stories.tsx[2m > [22m[2mAuth Namespace
[22m[39m[FilesContext] Initializing vector store from IndexedDB
[90mstdout[2m | .storybook/TranslationMode.stories.tsx[2m > [22m[2mAuth Namespace
[22m[39m[FilesContext] fetchFiles called
[90mstdout[2m | .storybook/TranslationMode.stories.tsx[2m > [22m[2mAuth Namespace
[22m[39m[FilesContext] User authenticated: mock-user-sub
[90mstdout[2m | .storybook/TranslationMode.stories.tsx[2m > [22m[2mAuth Namespace
[22m[39m[FilesContext] Identity ID: us-east-1:mock-identity-123
[90mstdout[2m | .storybook/TranslationMode.stories.tsx[2m > [22m[2mAuth Namespace
[22m[39m[FilesContext] About to subscribe to File model
[90mstdout[2m | .storybook/TranslationMode.stories.tsx[2m > [22m[2mAuth Namespace
[22m[39m[Mock Data] generateClient() called - returning mock client
[90mstdout[2m | .storybook/TranslationMode.stories.tsx[2m > [22m[2mAuth Namespace
[22m[39m[Mock amplifyClient] getAmplifyClient() called - returning mock client
[90mstdout[2m | .storybook/TranslationMode.stories.tsx[2m > [22m[2mAuth Namespace
[22m[39m[Mock Data] File.observeQuery() called with filter: undefined
[90mstdout[2m | .storybook/TranslationMode.stories.tsx[2m > [22m[2mAuth Namespace
[22m[39m[Mock Data] File.observeQuery() returning 6 items (filter applied) undefined
[90mstdout[2m | .storybook/TranslationMode.stories.tsx[2m > [22m[2mAuth Namespace
[22m[39m[Mock Data] File subscription added. Total subscriptions: 1
[90mstdout[2m | .storybook/TranslationMode.stories.tsx[2m > [22m[2mAuth Namespace
[22m[39m[Mock Data] generateClient() called - returning mock client
[90mstdout[2m | .storybook/TranslationMode.stories.tsx[2m > [22m[2mAuth Namespace
[22m[39m[Mock amplifyClient] getAmplifyClient() called - returning mock client
[90mstdout[2m | .storybook/TranslationMode.stories.tsx[2m > [22m[2mAuth Namespace
[22m[39m[Mock Data] Document.observeQuery() called with filter: undefined
[90mstdout[2m | .storybook/TranslationMode.stories.tsx[2m > [22m[2mAuth Namespace
[22m[39m[Mock Data] Document.observeQuery() returning 0 items (filter applied) undefined
[90mstdout[2m | .storybook/TranslationMode.stories.tsx[2m > [22m[2mAuth Namespace
[22m[39m[Mock Data] Document subscription added. Total subscriptions: 1
[90mstdout[2m | .storybook/TranslationMode.stories.tsx[2m > [22m[2mAuth Namespace
[22m[39m[useTranslationWithCapture] t() called: {
  "key": "password_placeholder",
  "mode": "off",
  "namespace": "auth",
  "value": "password_placeholder",
}
[90mstdout[2m | .storybook/TranslationMode.stories.tsx[2m > [22m[2mAuth Namespace
[22m[39m[useTranslationWithCapture] t() called: {
  "key": "email_placeholder",
  "mode": "off",
  "namespace": "auth",
  "value": "email_placeholder",
}
[90mstdout[2m | .storybook/TranslationMode.stories.tsx[2m > [22m[2mAuth Namespace
[22m[39m[useTranslationWithCapture] t() called: {
  "key": "confirm_password_placeholder",
  "mode": "off",
  "namespace": "auth",
  "value": "confirm_password_placeholder",
}
[90mstdout[2m | .storybook/TranslationMode.stories.tsx[2m > [22m[2mAuth Namespace
[22m[39m[SectionContext] Initial sections: 0 []
[90mstdout[2m | .storybook/TranslationMode.stories.tsx[2m > [22m[2mAuth Namespace
[22m[39m[Mock Data] Section.onCreate() called with filter: undefined
[90mstdout[2m | .storybook/TranslationMode.stories.tsx[2m > [22m[2mAuth Namespace
[22m[39m[Mock Data] Section.onCreate() subscription added. Total: 1
[90mstdout[2m | .storybook/TranslationMode.stories.tsx[2m > [22m[2mAuth Namespace
[22m[39m[Mock Data] Section.onUpdate() called with filter: undefined
[90mstdout[2m | .storybook/TranslationMode.stories.tsx[2m > [22m[2mAuth Namespace
[22m[39m[Mock Data] Section.onUpdate() subscription added. Total: 1
[90mstdout[2m | .storybook/TranslationMode.stories.tsx[2m > [22m[2mAuth Namespace
[22m[39m[Mock Data] Section.onDelete() called with filter: undefined
[90mstdout[2m | .storybook/TranslationMode.stories.tsx[2m > [22m[2mAuth Namespace
[22m[39m[Mock Data] Section.onDelete() subscription added. Total: 1
[90mstdout[2m | .storybook/TranslationMode.stories.tsx[2m > [22m[2mAuth Namespace
[22m[39m[Mock Data] Assignment.onCreate() called with filter: {
  "filter": {
    "unitID": {
      "eq": "mock-unit-id",
    },
  },
}
[90mstdout[2m | .storybook/TranslationMode.stories.tsx[2m > [22m[2mAuth Namespace
[22m[39m[Mock Data] Assignment.onCreate() subscription added. Total: 1
[90mstdout[2m | .storybook/TranslationMode.stories.tsx[2m > [22m[2mAuth Namespace
[22m[39m[Mock Data] Assignment.onUpdate() called with filter: {
  "filter": {
    "unitID": {
      "eq": "mock-unit-id",
    },
  },
}
[90mstdout[2m | .storybook/TranslationMode.stories.tsx[2m > [22m[2mAuth Namespace
[22m[39m[Mock Data] Assignment.onUpdate() subscription added. Total: 1
[90mstdout[2m | .storybook/TranslationMode.stories.tsx[2m > [22m[2mAuth Namespace
[22m[39m[Mock Data] Assignment.onDelete() called with filter: {
  "filter": {
    "unitID": {
      "eq": "mock-unit-id",
    },
  },
}
[90mstdout[2m | .storybook/TranslationMode.stories.tsx[2m > [22m[2mAuth Namespace
[22m[39m[Mock Data] Assignment.onDelete() subscription added. Total: 1
[90mstdout[2m | .storybook/TranslationMode.stories.tsx[2m > [22m[2mAuth Namespace
[22m[39m[useTranslationWithCapture] t() called: {
  "key": "password_placeholder",
  "mode": "off",
  "namespace": "auth",
  "value": "password_placeholder",
}
[90mstdout[2m | .storybook/TranslationMode.stories.tsx[2m > [22m[2mAuth Namespace
[22m[39m[useTranslationWithCapture] t() called: {
  "key": "email_placeholder",
  "mode": "off",
  "namespace": "auth",
  "value": "email_placeholder",
}
[90mstdout[2m | .storybook/TranslationMode.stories.tsx[2m > [22m[2mAuth Namespace
[22m[39m[useTranslationWithCapture] t() called: {
  "key": "confirm_password_placeholder",
  "mode": "off",
  "namespace": "auth",
  "value": "confirm_password_placeholder",
}
[90mstdout[2m | .storybook/TranslationMode.stories.tsx[2m > [22m[2mAuth Namespace
[22m[39m[FilesContext] File observeQuery subscription triggered:
[90mstdout[2m | .storybook/TranslationMode.stories.tsx[2m > [22m[2mAuth Namespace
[22m[39m  - items.length: 6
[90mstdout[2m | .storybook/TranslationMode.stories.tsx[2m > [22m[2mAuth Namespace
[22m[39m  - isSynced: true
[90mstdout[2m | .storybook/TranslationMode.stories.tsx[2m > [22m[2mAuth Namespace
[22m[39m  - items: [
  {
    "_deleted": null,
    "_lastChangedAt": 1767711773285,
    "_version": 1,
    "byHex": null,
    "createdAt": "2026-01-06T15:02:53.253Z",
    "description": "Japanese language textbook - Chapter 1",
    "document": Promise {},
    "documentID": "e01017e1-fe7a-4521-b71c-09ec31b18639",
    "duration": null,
    "embedding": null,
    "generated": null,
    "hex": null,
    "id": "a57d7833-5fa7-4cb7-8b7a-ce7c6e10e551",
    "identityId": "us-east-1:b0eadde9-f02c-c71b-17a6-22ffd37d89c8",
    "key": "files/Japanese Wind 1.pdf",
    "level": "protected",
    "mimeType": "application/pdf",
    "model": null,
    "name": "Japanese Wind 1.pdf",
    "owner": "64d81418-7021-701d-9fed-a4c2e0735711",
    "parsedContent": [Function anonymous],
    "parsedContentID": null,
    "path": "files/Japanese Wind 1.pdf",
    "prompt": null,
    "size": 4706654,
    "thumbnail": null,
    "type": "pdf",
    "updatedAt": "2026-01-06T15:02:53.253Z",
    "variant": null,
    "waveformData": null,
  },
  {
    "_version": 2,
    "createdAt": "2026-01-15T10:00:00.000Z",
    "description": "Sample report with vocabulary",
    "document": Promise {},
    "documentID": "cd824b5b-2c66-41f8-8571-aa6794ff590c",
    "generated": false,
    "id": "mock-pdf-file-2",
    "identityId": "us-east-1:mock-identity",
    "key": "files/report.pdf",
    "level": "protected",
    "mimeType": "application/pdf",
    "name": "report.pdf",
    "owner": "mock-user-id",
    "parsedContent": [Function anonymous],
    "path": "files/report.pdf",
    "size": 123456,
    "type": "pdf",
    "updatedAt": "2026-01-15T10:30:00.000Z",
  },
  {
    "_version": 3,
    "createdAt": "2026-01-14T08:00:00.000Z",
    "description": "Vocabulary lesson PDF with extracted content",
    "document": Promise {},
    "documentID": "mock-document-3",
    "generated": false,
    "id": "mock-pdf-file-3",
    "identityId": "us-east-1:mock-identity",
    "key": "files/vocabulary-lesson.pdf",
    "level": "public",
    "mimeType": "application/pdf",
    "name": "vocabulary-lesson.pdf",
    "owner": "mock-user-id",
    "parsedContent": [Function anonymous],
    "path": "files/vocabulary-lesson.pdf",
    "size": 567890,
    "type": "pdf",
    "updatedAt": "2026-01-14T08:45:00.000Z",
  },
  {
    "_version": 1,
    "createdAt": "2026-01-20T10:00:00.000Z",
    "description": "Sample pronunciation audio",
    "documentID": null,
    "duration": 3.5,
    "generated": true,
    "id": "mock-audio-file-1",
    "identityId": "us-east-1:mock-identity",
    "key": "audio/pronunciation-demo.mp3",
    "level": "public",
    "mimeType": "audio/mpeg",
    "name": "pronunciation-demo.mp3",
    "owner": "mock-user-id",
    "parsedContent": [Function anonymous],
    "path": "audio/pronunciation-demo.mp3",
    "size": 56789,
    "type": "audio",
    "updatedAt": "2026-01-20T10:00:00.000Z",
    "waveformData": "[0.1, 0.3, 0.5, 0.7, 0.9, 0.7, 0.5, 0.3, 0.1]",
  },
  {
    "_version": 1,
    "createdAt": "2026-01-19T14:30:00.000Z",
    "description": "Lesson introduction audio",
    "documentID": null,
    "duration": 5.2,
    "generated": false,
    "id": "mock-audio-file-2",
    "identityId": "us-east-1:mock-identity",
    "key": "audio/lesson-intro.mp3",
    "level": "public",
    "mimeType": "audio/mpeg",
    "name": "lesson-intro.mp3",
    "owner": "mock-user-id",
    "parsedContent": [Function anonymous],
    "path": "audio/lesson-intro.mp3",
    "size": 87654,
    "type": "audio",
    "updatedAt": "2026-01-19T14:30:00.000Z",
    "waveformData": "[0.2, 0.4, 0.6, 0.8, 1.0, 0.8, 0.6, 0.4, 0.2]",
  },
  {
    "_version": 1,
    "createdAt": "2026-01-18T09:15:00.000Z",
    "description": "Hiragana character chart",
    "documentID": null,
    "generated": false,
    "id": "mock-image-file-1",
    "identityId": "us-east-1:mock-identity",
    "key": "images/hiragana-chart.png",
    "level": "public",
    "mimeType": "image/png",
    "name": "hiragana-chart.png",
    "owner": "mock-user-id",
    "parsedContent": [Function anonymous],
    "path": "images/hiragana-chart.png",
    "size": 234567,
    "thumbnail": "thumbnails/hiragana-chart-thumb.png",
    "type": "image",
    "updatedAt": "2026-01-18T09:15:00.000Z",
  },
]
[90mstdout[2m | .storybook/TranslationMode.stories.tsx[2m > [22m[2mAuth Namespace
[22m[39m[FilesContext] Files count changed: 0 → 6
[90mstdout[2m | .storybook/TranslationMode.stories.tsx[2m > [22m[2mAuth Namespace
[22m[39m[MOCK CourseVectorStore] Initialized with mock data
[90mstdout[2m | .storybook/TranslationMode.stories.tsx[2m > [22m[2mAuth Namespace
[22m[39m[MOCK CourseVectorStore] Initialized with mock data
[90mstdout[2m | .storybook/TranslationMode.stories.tsx[2m > [22m[2mAuth Namespace
[22m[39m[FilesContext] Vector store population triggered {
  "currentVectorStoreSize": 3,
  "documentsCount": 0,
  "filesCount": 6,
  "isInitialLoad": true,
}
[90mstdout[2m | .storybook/TranslationMode.stories.tsx[2m > [22m[2mAuth Namespace
[22m[39m[FilesContext] Vector store population complete - 3 total embeddings
 [32m✓[39m [30m[42m unit [49m[39m src/yjs/__tests__/YjsProvider.test.ts [2m([22m[2m21 tests[22m[2m)[22m[32m 99[2mms[22m[39m
 [32m✓[39m [30m[42m unit [49m[39m src/components/DebugPanel/__tests__/StateInspector.test.tsx [2m([22m[2m9 tests[22m[2m)[22m[33m 1280[2mms[22m[39m
     [33m[2m✓[22m[39m renders all sections [33m 340[2mms[22m[39m
 [32m✓[39m [30m[45m storybook (chromium) [49m[39m .storybook/TranslationMode.stories.tsx [2m([22m[2m3 tests[22m[2m)[22m[33m 2307[2mms[22m[39m
   [33m[2m✓[22m[39m Default [33m 1517[2mms[22m[39m
   [33m[2m✓[22m[39m Editor Namespace [33m 450[2mms[22m[39m
   [33m[2m✓[22m[39m Auth Namespace [33m 336[2mms[22m[39m
 [32m✓[39m [30m[42m unit [49m[39m src/components/DebugPanel/__tests__/LogViewer.test.tsx [2m([22m[2m14 tests[22m[2m)[22m[33m 1765[2mms[22m[39m
     [33m[2m✓[22m[39m renders all logs [33m 315[2mms[22m[39m
     [33m[2m✓[22m[39m filters logs by level [33m 404[2mms[22m[39m
[90mstdout[2m | .storybook/components/OnboardingPanel.stories.tsx[2m > [22m[2mDocs
[22m[39m[Mock Data] File subscription unsubscribed. Remaining: 0
[90mstdout[2m | .storybook/components/OnboardingPanel.stories.tsx[2m > [22m[2mDocs
[22m[39m[Mock Data] Document subscription unsubscribed. Remaining: 0
[90mstdout[2m | .storybook/components/OnboardingPanel.stories.tsx[2m > [22m[2mDocs
[22m[39m[Mock Data] Word subscription unsubscribed. Remaining: 0
[90mstdout[2m | .storybook/components/OnboardingPanel.stories.tsx[2m > [22m[2mDocs
[22m[39m[Mock Data] Question subscription unsubscribed. Remaining: 0
[90mstdout[2m | .storybook/components/OnboardingPanel.stories.tsx[2m > [22m[2mDocs
[22m[39m[Mock Data] Grade subscription unsubscribed. Remaining: 0
[90mstdout[2m | .storybook/components/OnboardingPanel.stories.tsx[2m > [22m[2mDocs
[22m[39m[Mock Data] Unit subscription unsubscribed. Remaining: 0
[90mstdout[2m | .storybook/components/OnboardingPanel.stories.tsx[2m > [22m[2mDocs
[22m[39m[SectionContext] Cleaning up subscriptions
[90mstdout[2m | .storybook/components/OnboardingPanel.stories.tsx[2m > [22m[2mDocs
[22m[39m[Mock Data] Section.onCreate() subscription removed. Remaining: 0
[90mstdout[2m | .storybook/components/OnboardingPanel.stories.tsx[2m > [22m[2mDocs
[22m[39m[Mock Data] Section.onUpdate() subscription removed. Remaining: 0
[90mstdout[2m | .storybook/components/OnboardingPanel.stories.tsx[2m > [22m[2mDocs
[22m[39m[Mock Data] Section.onDelete() subscription removed. Remaining: 0
[90mstdout[2m | .storybook/components/OnboardingPanel.stories.tsx[2m > [22m[2mDocs
[22m[39m[Mock Data] Assignment.onCreate() subscription removed. Remaining: 0
[90mstdout[2m | .storybook/components/OnboardingPanel.stories.tsx[2m > [22m[2mDocs
[22m[39m[Mock Data] Assignment.onUpdate() subscription removed. Remaining: 0
[90mstdout[2m | .storybook/components/OnboardingPanel.stories.tsx[2m > [22m[2mDocs
[22m[39m[Mock Data] Assignment.onDelete() subscription removed. Remaining: 0
[90mstdout[2m | .storybook/components/OnboardingPanel.stories.tsx[2m > [22m[2mDocs
[22m[39m[Mock Data] Clearing all data stores
[90mstdout[2m | .storybook/components/OnboardingPanel.stories.tsx[2m > [22m[2mDocs
[22m[39m[Mock Data] All data stores cleared
[90mstdout[2m | .storybook/components/OnboardingPanel.stories.tsx[2m > [22m[2mDocs
[22m[39m[Preview] Cleared mock data for story
[90mstdout[2m | .storybook/components/OnboardingPanel.stories.tsx[2m > [22m[2mDocs
[22m[39m[Mock Data Gen 2] Initializing mock data
[90mstdout[2m | .storybook/components/OnboardingPanel.stories.tsx[2m > [22m[2mDocs
[22m[39m[Mock Data] seedMockAssistantChats: Replacing with 1 assistant chats
[90mstdout[2m | .storybook/components/OnboardingPanel.stories.tsx[2m > [22m[2mDocs
[22m[39m[Mock Data Gen 2] Seeded AssistantChat: mock-assistant-chat-1
[90mstdout[2m | .storybook/components/OnboardingPanel.stories.tsx[2m > [22m[2mDocs
[22m[39m[Mock Data] seedMockFiles: Adding 6 files
[90mstdout[2m | .storybook/components/OnboardingPanel.stories.tsx[2m > [22m[2mDocs
[22m[39m[Mock Data Gen 2] Seeded Files: 6
[90mstdout[2m | .storybook/components/OnboardingPanel.stories.tsx[2m > [22m[2mDocs
[22m[39m[Mock Data Gen 2] Initializing mock data
[90mstdout[2m | .storybook/components/OnboardingPanel.stories.tsx[2m > [22m[2mDocs
[22m[39m[Mock Data] seedMockAssistantChats: Replacing with 1 assistant chats
[90mstdout[2m | .storybook/components/OnboardingPanel.stories.tsx[2m > [22m[2mDocs
[22m[39m[Mock Data Gen 2] Seeded AssistantChat: mock-assistant-chat-1
[90mstdout[2m | .storybook/components/OnboardingPanel.stories.tsx[2m > [22m[2mDocs
[22m[39m[Mock Data] seedMockFiles: Adding 6 files
[90mstdout[2m | .storybook/components/OnboardingPanel.stories.tsx[2m > [22m[2mDocs
[22m[39m[Mock Data Gen 2] Seeded Files: 6
[90mstdout[2m | .storybook/components/OnboardingPanel.stories.tsx[2m > [22m[2mDocs
[22m[39m[Preview] Initialized default mock data for story
[90mstdout[2m | .storybook/components/OnboardingPanel.stories.tsx[2m > [22m[2mDocs
[22m[39m[Mock AuthContext] Providing auth: {
  "error": undefined,
  "isLoading": false,
  "session": {
    "idToken": {
      "toString": [Function toString],
    },
    "identityId": "us-east-1:mock-identity-123",
    "username": "mock-user-sub",
  },
  "user": {
    "attributes": {
      "email": "alice@example.com",
      "name": "Alice Student",
      "sub": "mock-user-sub",
    },
  },
}
[90mstdout[2m | .storybook/components/OnboardingPanel.stories.tsx[2m > [22m[2mDocs
[22m[39m[MOCK CourseVectorStore] Initialized with mock data
[90mstdout[2m | .storybook/components/OnboardingPanel.stories.tsx[2m > [22m[2mDocs
[22m[39m[OnboardingPanel] Panel mounted - select a persona to begin
[90mstdout[2m | .storybook/components/OnboardingPanel.stories.tsx[2m > [22m[2mDocs
[22m[39m[TranslationModeController] Setting mode to: off
[90mstdout[2m | .storybook/components/OnboardingPanel.stories.tsx[2m > [22m[2mDocs
[22m[39m[SectionContext] useEffect triggered {
  "authLoading": false,
  "hasUser": true,
  "userSub": "mock-user-sub",
}
[90mstdout[2m | .storybook/components/OnboardingPanel.stories.tsx[2m > [22m[2mDocs
[22m[39m[SectionContext] Fetching sections for userId: mock-user-sub
[90mstdout[2m | .storybook/components/OnboardingPanel.stories.tsx[2m > [22m[2mDocs
[22m[39m[Mock Data] generateClient() called - returning mock client
[90mstdout[2m | .storybook/components/OnboardingPanel.stories.tsx[2m > [22m[2mDocs
[22m[39m[Mock amplifyClient] getAmplifyClient() called - returning mock client
[90mstdout[2m | .storybook/components/OnboardingPanel.stories.tsx[2m > [22m[2mDocs
[22m[39m[Mock Data] Section.list() called with options: undefined
[90mstdout[2m | .storybook/components/OnboardingPanel.stories.tsx[2m > [22m[2mDocs
[22m[39m[Mock Data] generateClient() called - returning mock client
[90mstdout[2m | .storybook/components/OnboardingPanel.stories.tsx[2m > [22m[2mDocs
[22m[39m[Mock amplifyClient] getAmplifyClient() called - returning mock client
[90mstdout[2m | .storybook/components/OnboardingPanel.stories.tsx[2m > [22m[2mDocs
[22m[39m[Mock Data] Assignment.list() called with options: {
  "filter": {
    "unitID": {
      "eq": "mock-unit-id",
    },
  },
}
[90mstdout[2m | .storybook/components/OnboardingPanel.stories.tsx[2m > [22m[2mDocs
[22m[39m[Mock Data] generateClient() called - returning mock client
[90mstdout[2m | .storybook/components/OnboardingPanel.stories.tsx[2m > [22m[2mDocs
[22m[39m[Mock amplifyClient] getAmplifyClient() called - returning mock client
[90mstdout[2m | .storybook/components/OnboardingPanel.stories.tsx[2m > [22m[2mDocs
[22m[39m[Mock Data] Grade.observeQuery() called with filter: {
  "filter": {
    "unitID": {
      "eq": "mock-unit-id",
    },
  },
}
[90mstdout[2m | .storybook/components/OnboardingPanel.stories.tsx[2m > [22m[2mDocs
[22m[39m[Mock Data] Grade.observeQuery() applying filter: {
  "unitID": {
    "eq": "mock-unit-id",
  },
}
[90mstdout[2m | .storybook/components/OnboardingPanel.stories.tsx[2m > [22m[2mDocs
[22m[39m[Mock Data] Grade.observeQuery() items before filter: 0
[90mstdout[2m | .storybook/components/OnboardingPanel.stories.tsx[2m > [22m[2mDocs
[22m[39m[Mock Data] Grade.observeQuery() items after filter: 0
[90mstdout[2m | .storybook/components/OnboardingPanel.stories.tsx[2m > [22m[2mDocs
[22m[39m[Mock Data] Grade.observeQuery() returning 0 items (filter applied) {
  "filter": {
    "unitID": {
      "eq": "mock-unit-id",
    },
  },
}
[90mstdout[2m | .storybook/components/OnboardingPanel.stories.tsx[2m > [22m[2mDocs
[22m[39m[Mock Data] Grade subscription added. Total subscriptions: 1
[90mstdout[2m | .storybook/components/OnboardingPanel.stories.tsx[2m > [22m[2mDocs
[22m[39m[UnitContext] useEffect triggered {
  "authLoading": false,
  "hasUser": true,
  "id": "mock-unit-id",
  "userSub": "mock-user-sub",
}
[90mstdout[2m | .storybook/components/OnboardingPanel.stories.tsx[2m > [22m[2mDocs
[22m[39m[UnitContext] Fetching unit data for id: mock-unit-id
[90mstdout[2m | .storybook/components/OnboardingPanel.stories.tsx[2m > [22m[2mDocs
[22m[39m[Mock Data] generateClient() called - returning mock client
[90mstdout[2m | .storybook/components/OnboardingPanel.stories.tsx[2m > [22m[2mDocs
[22m[39m[Mock amplifyClient] getAmplifyClient() called - returning mock client
[90mstdout[2m | .storybook/components/OnboardingPanel.stories.tsx[2m > [22m[2mDocs
[22m[39m[Mock Data] Unit.observeQuery() called with filter: {
  "filter": {
    "id": {
      "eq": "mock-unit-id",
    },
  },
}
[90mstdout[2m | .storybook/components/OnboardingPanel.stories.tsx[2m > [22m[2mDocs
[22m[39m[Mock Data] Unit.observeQuery() applying filter: {
  "id": {
    "eq": "mock-unit-id",
  },
}
[90mstdout[2m | .storybook/components/OnboardingPanel.stories.tsx[2m > [22m[2mDocs
[22m[39m[Mock Data] Unit.observeQuery() items before filter: 0
[90mstdout[2m | .storybook/components/OnboardingPanel.stories.tsx[2m > [22m[2mDocs
[22m[39m[Mock Data] Unit.observeQuery() items after filter: 0
[90mstdout[2m | .storybook/components/OnboardingPanel.stories.tsx[2m > [22m[2mDocs
[22m[39m[Mock Data] Unit.observeQuery() returning 0 items (filter applied) {
  "filter": {
    "id": {
      "eq": "mock-unit-id",
    },
  },
}
[90mstdout[2m | .storybook/components/OnboardingPanel.stories.tsx[2m > [22m[2mDocs
[22m[39m[Mock Data] Unit subscription added. Total subscriptions: 1
[90mstdout[2m | .storybook/components/OnboardingPanel.stories.tsx[2m > [22m[2mDocs
[22m[39m[Mock Data] generateClient() called - returning mock client
[90mstdout[2m | .storybook/components/OnboardingPanel.stories.tsx[2m > [22m[2mDocs
[22m[39m[Mock amplifyClient] getAmplifyClient() called - returning mock client
[90mstdout[2m | .storybook/components/OnboardingPanel.stories.tsx[2m > [22m[2mDocs
[22m[39m[Mock Data] Word.observeQuery() called with filter: undefined
[90mstdout[2m | .storybook/components/OnboardingPanel.stories.tsx[2m > [22m[2mDocs
[22m[39m[Mock Data] Word.observeQuery() returning 0 items (filter applied) undefined
[90mstdout[2m | .storybook/components/OnboardingPanel.stories.tsx[2m > [22m[2mDocs
[22m[39m[Mock Data] Word subscription added. Total subscriptions: 1
[90mstdout[2m | .storybook/components/OnboardingPanel.stories.tsx[2m > [22m[2mDocs
[22m[39m[Mock Data] generateClient() called - returning mock client
[90mstdout[2m | .storybook/components/OnboardingPanel.stories.tsx[2m > [22m[2mDocs
[22m[39m[Mock amplifyClient] getAmplifyClient() called - returning mock client
[90mstdout[2m | .storybook/components/OnboardingPanel.stories.tsx[2m > [22m[2mDocs
[22m[39m[Mock Data] Question.observeQuery() called with filter: undefined
[90mstdout[2m | .storybook/components/OnboardingPanel.stories.tsx[2m > [22m[2mDocs
[22m[39m[Mock Data] Question.observeQuery() returning 0 items (filter applied) undefined
[90mstdout[2m | .storybook/components/OnboardingPanel.stories.tsx[2m > [22m[2mDocs
[22m[39m[Mock Data] Question subscription added. Total subscriptions: 1
[90mstdout[2m | .storybook/components/OnboardingPanel.stories.tsx[2m > [22m[2mDocs
[22m[39m[FilesContext] Initializing vector store from IndexedDB
[90mstdout[2m | .storybook/components/OnboardingPanel.stories.tsx[2m > [22m[2mDocs
[22m[39m[FilesContext] fetchFiles called
[90mstdout[2m | .storybook/components/OnboardingPanel.stories.tsx[2m > [22m[2mDocs
[22m[39m[FilesContext] User authenticated: mock-user-sub
[90mstdout[2m | .storybook/components/OnboardingPanel.stories.tsx[2m > [22m[2mDocs
[22m[39m[FilesContext] Identity ID: us-east-1:mock-identity-123
[90mstdout[2m | .storybook/components/OnboardingPanel.stories.tsx[2m > [22m[2mDocs
[22m[39m[FilesContext] About to subscribe to File model
[90mstdout[2m | .storybook/components/OnboardingPanel.stories.tsx[2m > [22m[2mDocs
[22m[39m[Mock Data] generateClient() called - returning mock client
[90mstdout[2m | .storybook/components/OnboardingPanel.stories.tsx[2m > [22m[2mDocs
[22m[39m[Mock amplifyClient] getAmplifyClient() called - returning mock client
[90mstdout[2m | .storybook/components/OnboardingPanel.stories.tsx[2m > [22m[2mDocs
[22m[39m[Mock Data] File.observeQuery() called with filter: undefined
[90mstdout[2m | .storybook/components/OnboardingPanel.stories.tsx[2m > [22m[2mDocs
[22m[39m[Mock Data] File.observeQuery() returning 6 items (filter applied) undefined
[90mstdout[2m | .storybook/components/OnboardingPanel.stories.tsx[2m > [22m[2mDocs
[22m[39m[Mock Data] File subscription added. Total subscriptions: 1
[90mstdout[2m | .storybook/components/OnboardingPanel.stories.tsx[2m > [22m[2mDocs
[22m[39m[Mock Data] generateClient() called - returning mock client
[90mstdout[2m | .storybook/components/OnboardingPanel.stories.tsx[2m > [22m[2mDocs
[22m[39m[Mock amplifyClient] getAmplifyClient() called - returning mock client
[90mstdout[2m | .storybook/components/OnboardingPanel.stories.tsx[2m > [22m[2mDocs
[22m[39m[Mock Data] Document.observeQuery() called with filter: undefined
[90mstdout[2m | .storybook/components/OnboardingPanel.stories.tsx[2m > [22m[2mDocs
[22m[39m[Mock Data] Document.observeQuery() returning 0 items (filter applied) undefined
[90mstdout[2m | .storybook/components/OnboardingPanel.stories.tsx[2m > [22m[2mDocs
[22m[39m[Mock Data] Document subscription added. Total subscriptions: 1
[90mstdout[2m | .storybook/components/OnboardingPanel.stories.tsx[2m > [22m[2mDocs
[22m[39m[SectionContext] Initial sections: 0 []
[90mstdout[2m | .storybook/components/OnboardingPanel.stories.tsx[2m > [22m[2mDocs
[22m[39m[Mock Data] Section.onCreate() called with filter: undefined
[90mstdout[2m | .storybook/components/OnboardingPanel.stories.tsx[2m > [22m[2mDocs
[22m[39m[Mock Data] Section.onCreate() subscription added. Total: 1
[90mstdout[2m | .storybook/components/OnboardingPanel.stories.tsx[2m > [22m[2mDocs
[22m[39m[Mock Data] Section.onUpdate() called with filter: undefined
[90mstdout[2m | .storybook/components/OnboardingPanel.stories.tsx[2m > [22m[2mDocs
[22m[39m[Mock Data] Section.onUpdate() subscription added. Total: 1
[90mstdout[2m | .storybook/components/OnboardingPanel.stories.tsx[2m > [22m[2mDocs
[22m[39m[Mock Data] Section.onDelete() called with filter: undefined
[90mstdout[2m | .storybook/components/OnboardingPanel.stories.tsx[2m > [22m[2mDocs
[22m[39m[Mock Data] Section.onDelete() subscription added. Total: 1
[90mstdout[2m | .storybook/components/OnboardingPanel.stories.tsx[2m > [22m[2mDocs
[22m[39m[Mock Data] Assignment.onCreate() called with filter: {
  "filter": {
    "unitID": {
      "eq": "mock-unit-id",
    },
  },
}
[90mstdout[2m | .storybook/components/OnboardingPanel.stories.tsx[2m > [22m[2mDocs
[22m[39m[Mock Data] Assignment.onCreate() subscription added. Total: 1
[90mstdout[2m | .storybook/components/OnboardingPanel.stories.tsx[2m > [22m[2mDocs
[22m[39m[Mock Data] Assignment.onUpdate() called with filter: {
  "filter": {
    "unitID": {
      "eq": "mock-unit-id",
    },
  },
}
[90mstdout[2m | .storybook/components/OnboardingPanel.stories.tsx[2m > [22m[2mDocs
[22m[39m[Mock Data] Assignment.onUpdate() subscription added. Total: 1
[90mstdout[2m | .storybook/components/OnboardingPanel.stories.tsx[2m > [22m[2mDocs
[22m[39m[Mock Data] Assignment.onDelete() called with filter: {
  "filter": {
    "unitID": {
      "eq": "mock-unit-id",
    },
  },
}
[90mstdout[2m | .storybook/components/OnboardingPanel.stories.tsx[2m > [22m[2mDocs
[22m[39m[Mock Data] Assignment.onDelete() subscription added. Total: 1
[90mstdout[2m | .storybook/components/OnboardingPanel.stories.tsx[2m > [22m[2mDocs
[22m[39m[FilesContext] File observeQuery subscription triggered:
[90mstdout[2m | .storybook/components/OnboardingPanel.stories.tsx[2m > [22m[2mDocs
[22m[39m  - items.length: 6
[90mstdout[2m | .storybook/components/OnboardingPanel.stories.tsx[2m > [22m[2mDocs
[22m[39m  - isSynced: true
[90mstdout[2m | .storybook/components/OnboardingPanel.stories.tsx[2m > [22m[2mDocs
[22m[39m  - items: [
  {
    "_deleted": null,
    "_lastChangedAt": 1767711773285,
    "_version": 1,
    "byHex": null,
    "createdAt": "2026-01-06T15:02:53.253Z",
    "description": "Japanese language textbook - Chapter 1",
    "document": Promise {},
    "documentID": "e01017e1-fe7a-4521-b71c-09ec31b18639",
    "duration": null,
    "embedding": null,
    "generated": null,
    "hex": null,
    "id": "a57d7833-5fa7-4cb7-8b7a-ce7c6e10e551",
    "identityId": "us-east-1:b0eadde9-f02c-c71b-17a6-22ffd37d89c8",
    "key": "files/Japanese Wind 1.pdf",
    "level": "protected",
    "mimeType": "application/pdf",
    "model": null,
    "name": "Japanese Wind 1.pdf",
    "owner": "64d81418-7021-701d-9fed-a4c2e0735711",
    "parsedContent": [Function anonymous],
    "parsedContentID": null,
    "path": "files/Japanese Wind 1.pdf",
    "prompt": null,
    "size": 4706654,
    "thumbnail": null,
    "type": "pdf",
    "updatedAt": "2026-01-06T15:02:53.253Z",
    "variant": null,
    "waveformData": null,
  },
  {
    "_version": 2,
    "createdAt": "2026-01-15T10:00:00.000Z",
    "description": "Sample report with vocabulary",
    "document": Promise {},
    "documentID": "cd824b5b-2c66-41f8-8571-aa6794ff590c",
    "generated": false,
    "id": "mock-pdf-file-2",
    "identityId": "us-east-1:mock-identity",
    "key": "files/report.pdf",
    "level": "protected",
    "mimeType": "application/pdf",
    "name": "report.pdf",
    "owner": "mock-user-id",
    "parsedContent": [Function anonymous],
    "path": "files/report.pdf",
    "size": 123456,
    "type": "pdf",
    "updatedAt": "2026-01-15T10:30:00.000Z",
  },
  {
    "_version": 3,
    "createdAt": "2026-01-14T08:00:00.000Z",
    "description": "Vocabulary lesson PDF with extracted content",
    "document": Promise {},
    "documentID": "mock-document-3",
    "generated": false,
    "id": "mock-pdf-file-3",
    "identityId": "us-east-1:mock-identity",
    "key": "files/vocabulary-lesson.pdf",
    "level": "public",
    "mimeType": "application/pdf",
    "name": "vocabulary-lesson.pdf",
    "owner": "mock-user-id",
    "parsedContent": [Function anonymous],
    "path": "files/vocabulary-lesson.pdf",
    "size": 567890,
    "type": "pdf",
    "updatedAt": "2026-01-14T08:45:00.000Z",
  },
  {
    "_version": 1,
    "createdAt": "2026-01-20T10:00:00.000Z",
    "description": "Sample pronunciation audio",
    "documentID": null,
    "duration": 3.5,
    "generated": true,
    "id": "mock-audio-file-1",
    "identityId": "us-east-1:mock-identity",
    "key": "audio/pronunciation-demo.mp3",
    "level": "public",
    "mimeType": "audio/mpeg",
    "name": "pronunciation-demo.mp3",
    "owner": "mock-user-id",
    "parsedContent": [Function anonymous],
    "path": "audio/pronunciation-demo.mp3",
    "size": 56789,
    "type": "audio",
    "updatedAt": "2026-01-20T10:00:00.000Z",
    "waveformData": "[0.1, 0.3, 0.5, 0.7, 0.9, 0.7, 0.5, 0.3, 0.1]",
  },
  {
    "_version": 1,
    "createdAt": "2026-01-19T14:30:00.000Z",
    "description": "Lesson introduction audio",
    "documentID": null,
    "duration": 5.2,
    "generated": false,
    "id": "mock-audio-file-2",
    "identityId": "us-east-1:mock-identity",
    "key": "audio/lesson-intro.mp3",
    "level": "public",
    "mimeType": "audio/mpeg",
    "name": "lesson-intro.mp3",
    "owner": "mock-user-id",
    "parsedContent": [Function anonymous],
    "path": "audio/lesson-intro.mp3",
    "size": 87654,
    "type": "audio",
    "updatedAt": "2026-01-19T14:30:00.000Z",
    "waveformData": "[0.2, 0.4, 0.6, 0.8, 1.0, 0.8, 0.6, 0.4, 0.2]",
  },
  {
    "_version": 1,
    "createdAt": "2026-01-18T09:15:00.000Z",
    "description": "Hiragana character chart",
    "documentID": null,
    "generated": false,
    "id": "mock-image-file-1",
    "identityId": "us-east-1:mock-identity",
    "key": "images/hiragana-chart.png",
    "level": "public",
    "mimeType": "image/png",
    "name": "hiragana-chart.png",
    "owner": "mock-user-id",
    "parsedContent": [Function anonymous],
    "path": "images/hiragana-chart.png",
    "size": 234567,
    "thumbnail": "thumbnails/hiragana-chart-thumb.png",
    "type": "image",
    "updatedAt": "2026-01-18T09:15:00.000Z",
  },
]
[90mstdout[2m | .storybook/components/OnboardingPanel.stories.tsx[2m > [22m[2mDocs
[22m[39m[FilesContext] Files count changed: 0 → 6
[90mstdout[2m | .storybook/components/OnboardingPanel.stories.tsx[2m > [22m[2mDocs
[22m[39m[MOCK CourseVectorStore] Initialized with mock data
[90mstdout[2m | .storybook/components/OnboardingPanel.stories.tsx[2m > [22m[2mDocs
[22m[39m[MOCK CourseVectorStore] Initialized with mock data
[90mstdout[2m | .storybook/components/OnboardingPanel.stories.tsx[2m > [22m[2mDocs
[22m[39m[FilesContext] Vector store population triggered {
  "currentVectorStoreSize": 3,
  "documentsCount": 0,
  "filesCount": 6,
  "isInitialLoad": true,
}
[90mstdout[2m | .storybook/components/OnboardingPanel.stories.tsx[2m > [22m[2mDocs
[22m[39m[FilesContext] Vector store population complete - 3 total embeddings
[90mstdout[2m | .storybook/components/OnboardingPanel.stories.tsx[2m > [22m[2mPersona Selection
[22m[39m[Mock Data] File subscription unsubscribed. Remaining: 0
[90mstdout[2m | .storybook/components/OnboardingPanel.stories.tsx[2m > [22m[2mPersona Selection
[22m[39m[Mock Data] Document subscription unsubscribed. Remaining: 0
[90mstdout[2m | .storybook/components/OnboardingPanel.stories.tsx[2m > [22m[2mPersona Selection
[22m[39m[Mock Data] Word subscription unsubscribed. Remaining: 0
[90mstdout[2m | .storybook/components/OnboardingPanel.stories.tsx[2m > [22m[2mPersona Selection
[22m[39m[Mock Data] Question subscription unsubscribed. Remaining: 0
[90mstdout[2m | .storybook/components/OnboardingPanel.stories.tsx[2m > [22m[2mPersona Selection
[22m[39m[Mock Data] Grade subscription unsubscribed. Remaining: 0
[90mstdout[2m | .storybook/components/OnboardingPanel.stories.tsx[2m > [22m[2mPersona Selection
[22m[39m[Mock Data] Unit subscription unsubscribed. Remaining: 0
[90mstdout[2m | .storybook/components/OnboardingPanel.stories.tsx[2m > [22m[2mPersona Selection
[22m[39m[SectionContext] Cleaning up subscriptions
[90mstdout[2m | .storybook/components/OnboardingPanel.stories.tsx[2m > [22m[2mPersona Selection
[22m[39m[Mock Data] Section.onCreate() subscription removed. Remaining: 0
[90mstdout[2m | .storybook/components/OnboardingPanel.stories.tsx[2m > [22m[2mPersona Selection
[22m[39m[Mock Data] Section.onUpdate() subscription removed. Remaining: 0
[90mstdout[2m | .storybook/components/OnboardingPanel.stories.tsx[2m > [22m[2mPersona Selection
[22m[39m[Mock Data] Section.onDelete() subscription removed. Remaining: 0
[90mstdout[2m | .storybook/components/OnboardingPanel.stories.tsx[2m > [22m[2mPersona Selection
[22m[39m[Mock Data] Assignment.onCreate() subscription removed. Remaining: 0
[90mstdout[2m | .storybook/components/OnboardingPanel.stories.tsx[2m > [22m[2mPersona Selection
[22m[39m[Mock Data] Assignment.onUpdate() subscription removed. Remaining: 0
[90mstdout[2m | .storybook/components/OnboardingPanel.stories.tsx[2m > [22m[2mPersona Selection
[22m[39m[Mock Data] Assignment.onDelete() subscription removed. Remaining: 0
[90mstdout[2m | .storybook/components/OnboardingPanel.stories.tsx[2m > [22m[2mPersona Selection
[22m[39m[Mock Data] Clearing all data stores
[90mstdout[2m | .storybook/components/OnboardingPanel.stories.tsx[2m > [22m[2mPersona Selection
[22m[39m[Mock Data] All data stores cleared
[90mstdout[2m | .storybook/components/OnboardingPanel.stories.tsx[2m > [22m[2mPersona Selection
[22m[39m[Preview] Cleared mock data for story
[90mstdout[2m | .storybook/components/OnboardingPanel.stories.tsx[2m > [22m[2mPersona Selection
[22m[39m[Mock Data Gen 2] Initializing mock data
[90mstdout[2m | .storybook/components/OnboardingPanel.stories.tsx[2m > [22m[2mPersona Selection
[22m[39m[Mock Data] seedMockAssistantChats: Replacing with 1 assistant chats
[90mstdout[2m | .storybook/components/OnboardingPanel.stories.tsx[2m > [22m[2mPersona Selection
[22m[39m[Mock Data Gen 2] Seeded AssistantChat: mock-assistant-chat-1
[90mstdout[2m | .storybook/components/OnboardingPanel.stories.tsx[2m > [22m[2mPersona Selection
[22m[39m[Mock Data] seedMockFiles: Adding 6 files
[90mstdout[2m | .storybook/components/OnboardingPanel.stories.tsx[2m > [22m[2mPersona Selection
[22m[39m[Mock Data Gen 2] Seeded Files: 6
[90mstdout[2m | .storybook/components/OnboardingPanel.stories.tsx[2m > [22m[2mPersona Selection
[22m[39m[Mock Data Gen 2] Initializing mock data
[90mstdout[2m | .storybook/components/OnboardingPanel.stories.tsx[2m > [22m[2mPersona Selection
[22m[39m[Mock Data] seedMockAssistantChats: Replacing with 1 assistant chats
[90mstdout[2m | .storybook/components/OnboardingPanel.stories.tsx[2m > [22m[2mPersona Selection
[22m[39m[Mock Data Gen 2] Seeded AssistantChat: mock-assistant-chat-1
[90mstdout[2m | .storybook/components/OnboardingPanel.stories.tsx[2m > [22m[2mPersona Selection
[22m[39m[Mock Data] seedMockFiles: Adding 6 files
[90mstdout[2m | .storybook/components/OnboardingPanel.stories.tsx[2m > [22m[2mPersona Selection
[22m[39m[Mock Data Gen 2] Seeded Files: 6
[90mstdout[2m | .storybook/components/OnboardingPanel.stories.tsx[2m > [22m[2mPersona Selection
[22m[39m[Preview] Initialized default mock data for story
[90mstdout[2m | .storybook/components/OnboardingPanel.stories.tsx[2m > [22m[2mPersona Selection
[22m[39m[Mock AuthContext] Providing auth: {
  "error": undefined,
  "isLoading": false,
  "session": {
    "idToken": {
      "toString": [Function toString],
    },
    "identityId": "us-east-1:mock-identity-123",
    "username": "mock-user-sub",
  },
  "user": {
    "attributes": {
      "email": "alice@example.com",
      "name": "Alice Student",
      "sub": "mock-user-sub",
    },
  },
}
[90mstdout[2m | .storybook/components/OnboardingPanel.stories.tsx[2m > [22m[2mPersona Selection
[22m[39m[MOCK CourseVectorStore] Initialized with mock data
[90mstdout[2m | .storybook/components/OnboardingPanel.stories.tsx[2m > [22m[2mPersona Selection
[22m[39m[OnboardingPanel] Panel mounted - select a persona to begin
[90mstdout[2m | .storybook/components/OnboardingPanel.stories.tsx[2m > [22m[2mPersona Selection
[22m[39m[TranslationModeController] Setting mode to: off
[90mstdout[2m | .storybook/components/OnboardingPanel.stories.tsx[2m > [22m[2mPersona Selection
[22m[39m[SectionContext] useEffect triggered {
  "authLoading": false,
  "hasUser": true,
  "userSub": "mock-user-sub",
}
[90mstdout[2m | .storybook/components/OnboardingPanel.stories.tsx[2m > [22m[2mPersona Selection
[22m[39m[SectionContext] Fetching sections for userId: mock-user-sub
[90mstdout[2m | .storybook/components/OnboardingPanel.stories.tsx[2m > [22m[2mPersona Selection
[22m[39m[Mock Data] generateClient() called - returning mock client
[90mstdout[2m | .storybook/components/OnboardingPanel.stories.tsx[2m > [22m[2mPersona Selection
[22m[39m[Mock amplifyClient] getAmplifyClient() called - returning mock client
[90mstdout[2m | .storybook/components/OnboardingPanel.stories.tsx[2m > [22m[2mPersona Selection
[22m[39m[Mock Data] Section.list() called with options: undefined
[90mstdout[2m | .storybook/components/OnboardingPanel.stories.tsx[2m > [22m[2mPersona Selection
[22m[39m[Mock Data] generateClient() called - returning mock client
[90mstdout[2m | .storybook/components/OnboardingPanel.stories.tsx[2m > [22m[2mPersona Selection
[22m[39m[Mock amplifyClient] getAmplifyClient() called - returning mock client
[90mstdout[2m | .storybook/components/OnboardingPanel.stories.tsx[2m > [22m[2mPersona Selection
[22m[39m[Mock Data] Assignment.list() called with options: {
  "filter": {
    "unitID": {
      "eq": "mock-unit-id",
    },
  },
}
[90mstdout[2m | .storybook/components/OnboardingPanel.stories.tsx[2m > [22m[2mPersona Selection
[22m[39m[Mock Data] generateClient() called - returning mock client
[90mstdout[2m | .storybook/components/OnboardingPanel.stories.tsx[2m > [22m[2mPersona Selection
[22m[39m[Mock amplifyClient] getAmplifyClient() called - returning mock client
[90mstdout[2m | .storybook/components/OnboardingPanel.stories.tsx[2m > [22m[2mPersona Selection
[22m[39m[Mock Data] Grade.observeQuery() called with filter: {
  "filter": {
    "unitID": {
      "eq": "mock-unit-id",
    },
  },
}
[90mstdout[2m | .storybook/components/OnboardingPanel.stories.tsx[2m > [22m[2mPersona Selection
[22m[39m[Mock Data] Grade.observeQuery() applying filter: {
  "unitID": {
    "eq": "mock-unit-id",
  },
}
[90mstdout[2m | .storybook/components/OnboardingPanel.stories.tsx[2m > [22m[2mPersona Selection
[22m[39m[Mock Data] Grade.observeQuery() items before filter: 0
[90mstdout[2m | .storybook/components/OnboardingPanel.stories.tsx[2m > [22m[2mPersona Selection
[22m[39m[Mock Data] Grade.observeQuery() items after filter: 0
[90mstdout[2m | .storybook/components/OnboardingPanel.stories.tsx[2m > [22m[2mPersona Selection
[22m[39m[Mock Data] Grade.observeQuery() returning 0 items (filter applied) {
  "filter": {
    "unitID": {
      "eq": "mock-unit-id",
    },
  },
}
[90mstdout[2m | .storybook/components/OnboardingPanel.stories.tsx[2m > [22m[2mPersona Selection
[22m[39m[Mock Data] Grade subscription added. Total subscriptions: 1
[90mstdout[2m | .storybook/components/OnboardingPanel.stories.tsx[2m > [22m[2mPersona Selection
[22m[39m[UnitContext] useEffect triggered {
  "authLoading": false,
  "hasUser": true,
  "id": "mock-unit-id",
  "userSub": "mock-user-sub",
}
[90mstdout[2m | .storybook/components/OnboardingPanel.stories.tsx[2m > [22m[2mPersona Selection
[22m[39m[UnitContext] Fetching unit data for id: mock-unit-id
[90mstdout[2m | .storybook/components/OnboardingPanel.stories.tsx[2m > [22m[2mPersona Selection
[22m[39m[Mock Data] generateClient() called - returning mock client
[90mstdout[2m | .storybook/components/OnboardingPanel.stories.tsx[2m > [22m[2mPersona Selection
[22m[39m[Mock amplifyClient] getAmplifyClient() called - returning mock client
[90mstdout[2m | .storybook/components/OnboardingPanel.stories.tsx[2m > [22m[2mPersona Selection
[22m[39m[Mock Data] Unit.observeQuery() called with filter: {
  "filter": {
    "id": {
      "eq": "mock-unit-id",
    },
  },
}
[90mstdout[2m | .storybook/components/OnboardingPanel.stories.tsx[2m > [22m[2mPersona Selection
[22m[39m[Mock Data] Unit.observeQuery() applying filter: {
  "id": {
    "eq": "mock-unit-id",
  },
}
[90mstdout[2m | .storybook/components/OnboardingPanel.stories.tsx[2m > [22m[2mPersona Selection
[22m[39m[Mock Data] Unit.observeQuery() items before filter: 0
[90mstdout[2m | .storybook/components/OnboardingPanel.stories.tsx[2m > [22m[2mPersona Selection
[22m[39m[Mock Data] Unit.observeQuery() items after filter: 0
[90mstdout[2m | .storybook/components/OnboardingPanel.stories.tsx[2m > [22m[2mPersona Selection
[22m[39m[Mock Data] Unit.observeQuery() returning 0 items (filter applied) {
  "filter": {
    "id": {
      "eq": "mock-unit-id",
    },
  },
}
[90mstdout[2m | .storybook/components/OnboardingPanel.stories.tsx[2m > [22m[2mPersona Selection
[22m[39m[Mock Data] Unit subscription added. Total subscriptions: 1
[90mstdout[2m | .storybook/components/OnboardingPanel.stories.tsx[2m > [22m[2mPersona Selection
[22m[39m[Mock Data] generateClient() called - returning mock client
[90mstdout[2m | .storybook/components/OnboardingPanel.stories.tsx[2m > [22m[2mPersona Selection
[22m[39m[Mock amplifyClient] getAmplifyClient() called - returning mock client
[90mstdout[2m | .storybook/components/OnboardingPanel.stories.tsx[2m > [22m[2mPersona Selection
[22m[39m[Mock Data] Word.observeQuery() called with filter: undefined
[90mstdout[2m | .storybook/components/OnboardingPanel.stories.tsx[2m > [22m[2mPersona Selection
[22m[39m[Mock Data] Word.observeQuery() returning 0 items (filter applied) undefined
[90mstdout[2m | .storybook/components/OnboardingPanel.stories.tsx[2m > [22m[2mPersona Selection
[22m[39m[Mock Data] Word subscription added. Total subscriptions: 1
[90mstdout[2m | .storybook/components/OnboardingPanel.stories.tsx[2m > [22m[2mPersona Selection
[22m[39m[Mock Data] generateClient() called - returning mock client
[90mstdout[2m | .storybook/components/OnboardingPanel.stories.tsx[2m > [22m[2mPersona Selection
[22m[39m[Mock amplifyClient] getAmplifyClient() called - returning mock client
[90mstdout[2m | .storybook/components/OnboardingPanel.stories.tsx[2m > [22m[2mPersona Selection
[22m[39m[Mock Data] Question.observeQuery() called with filter: undefined
[90mstdout[2m | .storybook/components/OnboardingPanel.stories.tsx[2m > [22m[2mPersona Selection
[22m[39m[Mock Data] Question.observeQuery() returning 0 items (filter applied) undefined
[90mstdout[2m | .storybook/components/OnboardingPanel.stories.tsx[2m > [22m[2mPersona Selection
[22m[39m[Mock Data] Question subscription added. Total subscriptions: 1
[90mstdout[2m | .storybook/components/OnboardingPanel.stories.tsx[2m > [22m[2mPersona Selection
[22m[39m[FilesContext] Initializing vector store from IndexedDB
[90mstdout[2m | .storybook/components/OnboardingPanel.stories.tsx[2m > [22m[2mPersona Selection
[22m[39m[FilesContext] fetchFiles called
[90mstdout[2m | .storybook/components/OnboardingPanel.stories.tsx[2m > [22m[2mPersona Selection
[22m[39m[FilesContext] User authenticated: mock-user-sub
[90mstdout[2m | .storybook/components/OnboardingPanel.stories.tsx[2m > [22m[2mPersona Selection
[22m[39m[FilesContext] Identity ID: us-east-1:mock-identity-123
[90mstdout[2m | .storybook/components/OnboardingPanel.stories.tsx[2m > [22m[2mPersona Selection
[22m[39m[FilesContext] About to subscribe to File model
[90mstdout[2m | .storybook/components/OnboardingPanel.stories.tsx[2m > [22m[2mPersona Selection
[22m[39m[Mock Data] generateClient() called - returning mock client
[90mstdout[2m | .storybook/components/OnboardingPanel.stories.tsx[2m > [22m[2mPersona Selection
[22m[39m[Mock amplifyClient] getAmplifyClient() called - returning mock client
[90mstdout[2m | .storybook/components/OnboardingPanel.stories.tsx[2m > [22m[2mPersona Selection
[22m[39m[Mock Data] File.observeQuery() called with filter: undefined
[90mstdout[2m | .storybook/components/OnboardingPanel.stories.tsx[2m > [22m[2mPersona Selection
[22m[39m[Mock Data] File.observeQuery() returning 6 items (filter applied) undefined
[90mstdout[2m | .storybook/components/OnboardingPanel.stories.tsx[2m > [22m[2mPersona Selection
[22m[39m[Mock Data] File subscription added. Total subscriptions: 1
[90mstdout[2m | .storybook/components/OnboardingPanel.stories.tsx[2m > [22m[2mPersona Selection
[22m[39m[Mock Data] generateClient() called - returning mock client
[90mstdout[2m | .storybook/components/OnboardingPanel.stories.tsx[2m > [22m[2mPersona Selection
[22m[39m[Mock amplifyClient] getAmplifyClient() called - returning mock client
[90mstdout[2m | .storybook/components/OnboardingPanel.stories.tsx[2m > [22m[2mPersona Selection
[22m[39m[Mock Data] Document.observeQuery() called with filter: undefined
[90mstdout[2m | .storybook/components/OnboardingPanel.stories.tsx[2m > [22m[2mPersona Selection
[22m[39m[Mock Data] Document.observeQuery() returning 0 items (filter applied) undefined
[90mstdout[2m | .storybook/components/OnboardingPanel.stories.tsx[2m > [22m[2mPersona Selection
[22m[39m[Mock Data] Document subscription added. Total subscriptions: 1
[90mstdout[2m | .storybook/components/OnboardingPanel.stories.tsx[2m > [22m[2mPersona Selection
[22m[39m[SectionContext] Initial sections: 0 []
[90mstdout[2m | .storybook/components/OnboardingPanel.stories.tsx[2m > [22m[2mPersona Selection
[22m[39m[Mock Data] Section.onCreate() called with filter: undefined
[90mstdout[2m | .storybook/components/OnboardingPanel.stories.tsx[2m > [22m[2mPersona Selection
[22m[39m[Mock Data] Section.onCreate() subscription added. Total: 1
[90mstdout[2m | .storybook/components/OnboardingPanel.stories.tsx[2m > [22m[2mPersona Selection
[22m[39m[Mock Data] Section.onUpdate() called with filter: undefined
[90mstdout[2m | .storybook/components/OnboardingPanel.stories.tsx[2m > [22m[2mPersona Selection
[22m[39m[Mock Data] Section.onUpdate() subscription added. Total: 1
[90mstdout[2m | .storybook/components/OnboardingPanel.stories.tsx[2m > [22m[2mPersona Selection
[22m[39m[Mock Data] Section.onDelete() called with filter: undefined
[90mstdout[2m | .storybook/components/OnboardingPanel.stories.tsx[2m > [22m[2mPersona Selection
[22m[39m[Mock Data] Section.onDelete() subscription added. Total: 1
[90mstdout[2m | .storybook/components/OnboardingPanel.stories.tsx[2m > [22m[2mPersona Selection
[22m[39m[Mock Data] Assignment.onCreate() called with filter: {
  "filter": {
    "unitID": {
      "eq": "mock-unit-id",
    },
  },
}
[90mstdout[2m | .storybook/components/OnboardingPanel.stories.tsx[2m > [22m[2mPersona Selection
[22m[39m[Mock Data] Assignment.onCreate() subscription added. Total: 1
[90mstdout[2m | .storybook/components/OnboardingPanel.stories.tsx[2m > [22m[2mPersona Selection
[22m[39m[Mock Data] Assignment.onUpdate() called with filter: {
  "filter": {
    "unitID": {
      "eq": "mock-unit-id",
    },
  },
}
[90mstdout[2m | .storybook/components/OnboardingPanel.stories.tsx[2m > [22m[2mPersona Selection
[22m[39m[Mock Data] Assignment.onUpdate() subscription added. Total: 1
[90mstdout[2m | .storybook/components/OnboardingPanel.stories.tsx[2m > [22m[2mPersona Selection
[22m[39m[Mock Data] Assignment.onDelete() called with filter: {
  "filter": {
    "unitID": {
      "eq": "mock-unit-id",
    },
  },
}
[90mstdout[2m | .storybook/components/OnboardingPanel.stories.tsx[2m > [22m[2mPersona Selection
[22m[39m[Mock Data] Assignment.onDelete() subscription added. Total: 1
[90mstdout[2m | .storybook/components/OnboardingPanel.stories.tsx[2m > [22m[2mPersona Selection
[22m[39m[FilesContext] File observeQuery subscription triggered:
[90mstdout[2m | .storybook/components/OnboardingPanel.stories.tsx[2m > [22m[2mPersona Selection
[22m[39m  - items.length: 6
[90mstdout[2m | .storybook/components/OnboardingPanel.stories.tsx[2m > [22m[2mPersona Selection
[22m[39m  - isSynced: true
[90mstdout[2m | .storybook/components/OnboardingPanel.stories.tsx[2m > [22m[2mPersona Selection
[22m[39m  - items: [
  {
    "_deleted": null,
    "_lastChangedAt": 1767711773285,
    "_version": 1,
    "byHex": null,
    "createdAt": "2026-01-06T15:02:53.253Z",
    "description": "Japanese language textbook - Chapter 1",
    "document": Promise {},
    "documentID": "e01017e1-fe7a-4521-b71c-09ec31b18639",
    "duration": null,
    "embedding": null,
    "generated": null,
    "hex": null,
    "id": "a57d7833-5fa7-4cb7-8b7a-ce7c6e10e551",
    "identityId": "us-east-1:b0eadde9-f02c-c71b-17a6-22ffd37d89c8",
    "key": "files/Japanese Wind 1.pdf",
    "level": "protected",
    "mimeType": "application/pdf",
    "model": null,
    "name": "Japanese Wind 1.pdf",
    "owner": "64d81418-7021-701d-9fed-a4c2e0735711",
    "parsedContent": [Function anonymous],
    "parsedContentID": null,
    "path": "files/Japanese Wind 1.pdf",
    "prompt": null,
    "size": 4706654,
    "thumbnail": null,
    "type": "pdf",
    "updatedAt": "2026-01-06T15:02:53.253Z",
    "variant": null,
    "waveformData": null,
  },
  {
    "_version": 2,
    "createdAt": "2026-01-15T10:00:00.000Z",
    "description": "Sample report with vocabulary",
    "document": Promise {},
    "documentID": "cd824b5b-2c66-41f8-8571-aa6794ff590c",
    "generated": false,
    "id": "mock-pdf-file-2",
    "identityId": "us-east-1:mock-identity",
    "key": "files/report.pdf",
    "level": "protected",
    "mimeType": "application/pdf",
    "name": "report.pdf",
    "owner": "mock-user-id",
    "parsedContent": [Function anonymous],
    "path": "files/report.pdf",
    "size": 123456,
    "type": "pdf",
    "updatedAt": "2026-01-15T10:30:00.000Z",
  },
  {
    "_version": 3,
    "createdAt": "2026-01-14T08:00:00.000Z",
    "description": "Vocabulary lesson PDF with extracted content",
    "document": Promise {},
    "documentID": "mock-document-3",
    "generated": false,
    "id": "mock-pdf-file-3",
    "identityId": "us-east-1:mock-identity",
    "key": "files/vocabulary-lesson.pdf",
    "level": "public",
    "mimeType": "application/pdf",
    "name": "vocabulary-lesson.pdf",
    "owner": "mock-user-id",
    "parsedContent": [Function anonymous],
    "path": "files/vocabulary-lesson.pdf",
    "size": 567890,
    "type": "pdf",
    "updatedAt": "2026-01-14T08:45:00.000Z",
  },
  {
    "_version": 1,
    "createdAt": "2026-01-20T10:00:00.000Z",
    "description": "Sample pronunciation audio",
    "documentID": null,
    "duration": 3.5,
    "generated": true,
    "id": "mock-audio-file-1",
    "identityId": "us-east-1:mock-identity",
    "key": "audio/pronunciation-demo.mp3",
    "level": "public",
    "mimeType": "audio/mpeg",
    "name": "pronunciation-demo.mp3",
    "owner": "mock-user-id",
    "parsedContent": [Function anonymous],
    "path": "audio/pronunciation-demo.mp3",
    "size": 56789,
    "type": "audio",
    "updatedAt": "2026-01-20T10:00:00.000Z",
    "waveformData": "[0.1, 0.3, 0.5, 0.7, 0.9, 0.7, 0.5, 0.3, 0.1]",
  },
  {
    "_version": 1,
    "createdAt": "2026-01-19T14:30:00.000Z",
    "description": "Lesson introduction audio",
    "documentID": null,
    "duration": 5.2,
    "generated": false,
    "id": "mock-audio-file-2",
    "identityId": "us-east-1:mock-identity",
    "key": "audio/lesson-intro.mp3",
    "level": "public",
    "mimeType": "audio/mpeg",
    "name": "lesson-intro.mp3",
    "owner": "mock-user-id",
    "parsedContent": [Function anonymous],
    "path": "audio/lesson-intro.mp3",
    "size": 87654,
    "type": "audio",
    "updatedAt": "2026-01-19T14:30:00.000Z",
    "waveformData": "[0.2, 0.4, 0.6, 0.8, 1.0, 0.8, 0.6, 0.4, 0.2]",
  },
  {
    "_version": 1,
    "createdAt": "2026-01-18T09:15:00.000Z",
    "description": "Hiragana character chart",
    "documentID": null,
    "generated": false,
    "id": "mock-image-file-1",
    "identityId": "us-east-1:mock-identity",
    "key": "images/hiragana-chart.png",
    "level": "public",
    "mimeType": "image/png",
    "name": "hiragana-chart.png",
    "owner": "mock-user-id",
    "parsedContent": [Function anonymous],
    "path": "images/hiragana-chart.png",
    "size": 234567,
    "thumbnail": "thumbnails/hiragana-chart-thumb.png",
    "type": "image",
    "updatedAt": "2026-01-18T09:15:00.000Z",
  },
]
[90mstdout[2m | .storybook/components/OnboardingPanel.stories.tsx[2m > [22m[2mPersona Selection
[22m[39m[FilesContext] Files count changed: 0 → 6
[90mstdout[2m | .storybook/components/OnboardingPanel.stories.tsx[2m > [22m[2mPersona Selection
[22m[39m[MOCK CourseVectorStore] Initialized with mock data
[90mstdout[2m | .storybook/components/OnboardingPanel.stories.tsx[2m > [22m[2mPersona Selection
[22m[39m[MOCK CourseVectorStore] Initialized with mock data
[90mstdout[2m | .storybook/components/OnboardingPanel.stories.tsx[2m > [22m[2mPersona Selection
[22m[39m[FilesContext] Vector store population triggered {
  "currentVectorStoreSize": 3,
  "documentsCount": 0,
  "filesCount": 6,
  "isInitialLoad": true,
}
[90mstdout[2m | .storybook/components/OnboardingPanel.stories.tsx[2m > [22m[2mPersona Selection
[22m[39m[FilesContext] Vector store population complete - 3 total embeddings
[90mstdout[2m | .storybook/components/OnboardingPanel.stories.tsx[2m > [22m[2mPersona Selection
[22m[39m[MOCK CourseVectorStore] Initialized with mock data
[90mstdout[2m | .storybook/components/OnboardingPanel.stories.tsx[2m > [22m[2mInstructor Onboarding
[22m[39m[Mock Data] File subscription unsubscribed. Remaining: 0
[90mstdout[2m | .storybook/components/OnboardingPanel.stories.tsx[2m > [22m[2mInstructor Onboarding
[22m[39m[Mock Data] Document subscription unsubscribed. Remaining: 0
[90mstdout[2m | .storybook/components/OnboardingPanel.stories.tsx[2m > [22m[2mInstructor Onboarding
[22m[39m[Mock Data] Word subscription unsubscribed. Remaining: 0
[90mstdout[2m | .storybook/components/OnboardingPanel.stories.tsx[2m > [22m[2mInstructor Onboarding
[22m[39m[Mock Data] Question subscription unsubscribed. Remaining: 0
[90mstdout[2m | .storybook/components/OnboardingPanel.stories.tsx[2m > [22m[2mInstructor Onboarding
[22m[39m[Mock Data] Grade subscription unsubscribed. Remaining: 0
[90mstdout[2m | .storybook/components/OnboardingPanel.stories.tsx[2m > [22m[2mInstructor Onboarding
[22m[39m[Mock Data] Unit subscription unsubscribed. Remaining: 0
[90mstdout[2m | .storybook/components/OnboardingPanel.stories.tsx[2m > [22m[2mInstructor Onboarding
[22m[39m[SectionContext] Cleaning up subscriptions
[90mstdout[2m | .storybook/components/OnboardingPanel.stories.tsx[2m > [22m[2mInstructor Onboarding
[22m[39m[Mock Data] Section.onCreate() subscription removed. Remaining: 0
[90mstdout[2m | .storybook/components/OnboardingPanel.stories.tsx[2m > [22m[2mInstructor Onboarding
[22m[39m[Mock Data] Section.onUpdate() subscription removed. Remaining: 0
[90mstdout[2m | .storybook/components/OnboardingPanel.stories.tsx[2m > [22m[2mInstructor Onboarding
[22m[39m[Mock Data] Section.onDelete() subscription removed. Remaining: 0
[90mstdout[2m | .storybook/components/OnboardingPanel.stories.tsx[2m > [22m[2mInstructor Onboarding
[22m[39m[Mock Data] Assignment.onCreate() subscription removed. Remaining: 0
[90mstdout[2m | .storybook/components/OnboardingPanel.stories.tsx[2m > [22m[2mInstructor Onboarding
[22m[39m[Mock Data] Assignment.onUpdate() subscription removed. Remaining: 0
[90mstdout[2m | .storybook/components/OnboardingPanel.stories.tsx[2m > [22m[2mInstructor Onboarding
[22m[39m[Mock Data] Assignment.onDelete() subscription removed. Remaining: 0
[90mstdout[2m | .storybook/components/OnboardingPanel.stories.tsx[2m > [22m[2mInstructor Onboarding
[22m[39m[Mock Data] Clearing all data stores
[90mstdout[2m | .storybook/components/OnboardingPanel.stories.tsx[2m > [22m[2mInstructor Onboarding
[22m[39m[Mock Data] All data stores cleared
[90mstdout[2m | .storybook/components/OnboardingPanel.stories.tsx[2m > [22m[2mInstructor Onboarding
[22m[39m[Preview] Cleared mock data for story
[90mstdout[2m | .storybook/components/OnboardingPanel.stories.tsx[2m > [22m[2mInstructor Onboarding
[22m[39m[Mock Data Gen 2] Initializing mock data
[90mstdout[2m | .storybook/components/OnboardingPanel.stories.tsx[2m > [22m[2mInstructor Onboarding
[22m[39m[Mock Data] seedMockAssistantChats: Replacing with 1 assistant chats
[90mstdout[2m | .storybook/components/OnboardingPanel.stories.tsx[2m > [22m[2mInstructor Onboarding
[22m[39m[Mock Data Gen 2] Seeded AssistantChat: mock-assistant-chat-1
[90mstdout[2m | .storybook/components/OnboardingPanel.stories.tsx[2m > [22m[2mInstructor Onboarding
[22m[39m[Mock Data] seedMockFiles: Adding 6 files
[90mstdout[2m | .storybook/components/OnboardingPanel.stories.tsx[2m > [22m[2mInstructor Onboarding
[22m[39m[Mock Data Gen 2] Seeded Files: 6
[90mstdout[2m | .storybook/components/OnboardingPanel.stories.tsx[2m > [22m[2mInstructor Onboarding
[22m[39m[Mock Data Gen 2] Initializing mock data
[90mstdout[2m | .storybook/components/OnboardingPanel.stories.tsx[2m > [22m[2mInstructor Onboarding
[22m[39m[Mock Data] seedMockAssistantChats: Replacing with 1 assistant chats
[90mstdout[2m | .storybook/components/OnboardingPanel.stories.tsx[2m > [22m[2mInstructor Onboarding
[22m[39m[Mock Data Gen 2] Seeded AssistantChat: mock-assistant-chat-1
[90mstdout[2m | .storybook/components/OnboardingPanel.stories.tsx[2m > [22m[2mInstructor Onboarding
[22m[39m[Mock Data] seedMockFiles: Adding 6 files
[90mstdout[2m | .storybook/components/OnboardingPanel.stories.tsx[2m > [22m[2mInstructor Onboarding
[22m[39m[Mock Data Gen 2] Seeded Files: 6
[90mstdout[2m | .storybook/components/OnboardingPanel.stories.tsx[2m > [22m[2mInstructor Onboarding
[22m[39m[Preview] Initialized default mock data for story
[90mstdout[2m | .storybook/components/OnboardingPanel.stories.tsx[2m > [22m[2mInstructor Onboarding
[22m[39m[Mock AuthContext] Providing auth: {
  "error": undefined,
  "isLoading": false,
  "session": {
    "idToken": {
      "toString": [Function toString],
    },
    "identityId": "us-east-1:mock-identity-123",
    "username": "mock-user-sub",
  },
  "user": {
    "attributes": {
      "email": "alice@example.com",
      "name": "Alice Student",
      "sub": "mock-user-sub",
    },
  },
}
[90mstdout[2m | .storybook/components/OnboardingPanel.stories.tsx[2m > [22m[2mInstructor Onboarding
[22m[39m[MOCK CourseVectorStore] Initialized with mock data
[90mstdout[2m | .storybook/components/OnboardingPanel.stories.tsx[2m > [22m[2mInstructor Onboarding
[22m[39m[OnboardingPanel] Panel mounted - select a persona to begin
[90mstdout[2m | .storybook/components/OnboardingPanel.stories.tsx[2m > [22m[2mInstructor Onboarding
[22m[39m[TranslationModeController] Setting mode to: off
[90mstdout[2m | .storybook/components/OnboardingPanel.stories.tsx[2m > [22m[2mInstructor Onboarding
[22m[39m[SectionContext] useEffect triggered {
  "authLoading": false,
  "hasUser": true,
  "userSub": "mock-user-sub",
}
[90mstdout[2m | .storybook/components/OnboardingPanel.stories.tsx[2m > [22m[2mInstructor Onboarding
[22m[39m[SectionContext] Fetching sections for userId: mock-user-sub
[90mstdout[2m | .storybook/components/OnboardingPanel.stories.tsx[2m > [22m[2mInstructor Onboarding
[22m[39m[Mock Data] generateClient() called - returning mock client
[90mstdout[2m | .storybook/components/OnboardingPanel.stories.tsx[2m > [22m[2mInstructor Onboarding
[22m[39m[Mock amplifyClient] getAmplifyClient() called - returning mock client
[90mstdout[2m | .storybook/components/OnboardingPanel.stories.tsx[2m > [22m[2mInstructor Onboarding
[22m[39m[Mock Data] Section.list() called with options: undefined
[90mstdout[2m | .storybook/components/OnboardingPanel.stories.tsx[2m > [22m[2mInstructor Onboarding
[22m[39m[Mock Data] generateClient() called - returning mock client
[90mstdout[2m | .storybook/components/OnboardingPanel.stories.tsx[2m > [22m[2mInstructor Onboarding
[22m[39m[Mock amplifyClient] getAmplifyClient() called - returning mock client
[90mstdout[2m | .storybook/components/OnboardingPanel.stories.tsx[2m > [22m[2mInstructor Onboarding
[22m[39m[Mock Data] Assignment.list() called with options: {
  "filter": {
    "unitID": {
      "eq": "mock-unit-id",
    },
  },
}
[90mstdout[2m | .storybook/components/OnboardingPanel.stories.tsx[2m > [22m[2mInstructor Onboarding
[22m[39m[Mock Data] generateClient() called - returning mock client
[90mstdout[2m | .storybook/components/OnboardingPanel.stories.tsx[2m > [22m[2mInstructor Onboarding
[22m[39m[Mock amplifyClient] getAmplifyClient() called - returning mock client
[90mstdout[2m | .storybook/components/OnboardingPanel.stories.tsx[2m > [22m[2mInstructor Onboarding
[22m[39m[Mock Data] Grade.observeQuery() called with filter: {
  "filter": {
    "unitID": {
      "eq": "mock-unit-id",
    },
  },
}
[90mstdout[2m | .storybook/components/OnboardingPanel.stories.tsx[2m > [22m[2mInstructor Onboarding
[22m[39m[Mock Data] Grade.observeQuery() applying filter: {
  "unitID": {
    "eq": "mock-unit-id",
  },
}
[90mstdout[2m | .storybook/components/OnboardingPanel.stories.tsx[2m > [22m[2mInstructor Onboarding
[22m[39m[Mock Data] Grade.observeQuery() items before filter: 0
[90mstdout[2m | .storybook/components/OnboardingPanel.stories.tsx[2m > [22m[2mInstructor Onboarding
[22m[39m[Mock Data] Grade.observeQuery() items after filter: 0
[90mstdout[2m | .storybook/components/OnboardingPanel.stories.tsx[2m > [22m[2mInstructor Onboarding
[22m[39m[Mock Data] Grade.observeQuery() returning 0 items (filter applied) {
  "filter": {
    "unitID": {
      "eq": "mock-unit-id",
    },
  },
}
[90mstdout[2m | .storybook/components/OnboardingPanel.stories.tsx[2m > [22m[2mInstructor Onboarding
[22m[39m[Mock Data] Grade subscription added. Total subscriptions: 1
[90mstdout[2m | .storybook/components/OnboardingPanel.stories.tsx[2m > [22m[2mInstructor Onboarding
[22m[39m[UnitContext] useEffect triggered {
  "authLoading": false,
  "hasUser": true,
  "id": "mock-unit-id",
  "userSub": "mock-user-sub",
}
[90mstdout[2m | .storybook/components/OnboardingPanel.stories.tsx[2m > [22m[2mInstructor Onboarding
[22m[39m[UnitContext] Fetching unit data for id: mock-unit-id
[90mstdout[2m | .storybook/components/OnboardingPanel.stories.tsx[2m > [22m[2mInstructor Onboarding
[22m[39m[Mock Data] generateClient() called - returning mock client
[90mstdout[2m | .storybook/components/OnboardingPanel.stories.tsx[2m > [22m[2mInstructor Onboarding
[22m[39m[Mock amplifyClient] getAmplifyClient() called - returning mock client
[90mstdout[2m | .storybook/components/OnboardingPanel.stories.tsx[2m > [22m[2mInstructor Onboarding
[22m[39m[Mock Data] Unit.observeQuery() called with filter: {
  "filter": {
    "id": {
      "eq": "mock-unit-id",
    },
  },
}
[90mstdout[2m | .storybook/components/OnboardingPanel.stories.tsx[2m > [22m[2mInstructor Onboarding
[22m[39m[Mock Data] Unit.observeQuery() applying filter: {
  "id": {
    "eq": "mock-unit-id",
  },
}
[90mstdout[2m | .storybook/components/OnboardingPanel.stories.tsx[2m > [22m[2mInstructor Onboarding
[22m[39m[Mock Data] Unit.observeQuery() items before filter: 0
[90mstdout[2m | .storybook/components/OnboardingPanel.stories.tsx[2m > [22m[2mInstructor Onboarding
[22m[39m[Mock Data] Unit.observeQuery() items after filter: 0
[90mstdout[2m | .storybook/components/OnboardingPanel.stories.tsx[2m > [22m[2mInstructor Onboarding
[22m[39m[Mock Data] Unit.observeQuery() returning 0 items (filter applied) {
  "filter": {
    "id": {
      "eq": "mock-unit-id",
    },
  },
}
[90mstdout[2m | .storybook/components/OnboardingPanel.stories.tsx[2m > [22m[2mInstructor Onboarding
[22m[39m[Mock Data] Unit subscription added. Total subscriptions: 1
[90mstdout[2m | .storybook/components/OnboardingPanel.stories.tsx[2m > [22m[2mInstructor Onboarding
[22m[39m[Mock Data] generateClient() called - returning mock client
[90mstdout[2m | .storybook/components/OnboardingPanel.stories.tsx[2m > [22m[2mInstructor Onboarding
[22m[39m[Mock amplifyClient] getAmplifyClient() called - returning mock client
[90mstdout[2m | .storybook/components/OnboardingPanel.stories.tsx[2m > [22m[2mInstructor Onboarding
[22m[39m[Mock Data] Word.observeQuery() called with filter: undefined
[90mstdout[2m | .storybook/components/OnboardingPanel.stories.tsx[2m > [22m[2mInstructor Onboarding
[22m[39m[Mock Data] Word.observeQuery() returning 0 items (filter applied) undefined
[90mstdout[2m | .storybook/components/OnboardingPanel.stories.tsx[2m > [22m[2mInstructor Onboarding
[22m[39m[Mock Data] Word subscription added. Total subscriptions: 1
[90mstdout[2m | .storybook/components/OnboardingPanel.stories.tsx[2m > [22m[2mInstructor Onboarding
[22m[39m[Mock Data] generateClient() called - returning mock client
[90mstdout[2m | .storybook/components/OnboardingPanel.stories.tsx[2m > [22m[2mInstructor Onboarding
[22m[39m[Mock amplifyClient] getAmplifyClient() called - returning mock client
[90mstdout[2m | .storybook/components/OnboardingPanel.stories.tsx[2m > [22m[2mInstructor Onboarding
[22m[39m[Mock Data] Question.observeQuery() called with filter: undefined
[90mstdout[2m | .storybook/components/OnboardingPanel.stories.tsx[2m > [22m[2mInstructor Onboarding
[22m[39m[Mock Data] Question.observeQuery() returning 0 items (filter applied) undefined
[90mstdout[2m | .storybook/components/OnboardingPanel.stories.tsx[2m > [22m[2mInstructor Onboarding
[22m[39m[Mock Data] Question subscription added. Total subscriptions: 1
[90mstdout[2m | .storybook/components/OnboardingPanel.stories.tsx[2m > [22m[2mInstructor Onboarding
[22m[39m[FilesContext] Initializing vector store from IndexedDB
[90mstdout[2m | .storybook/components/OnboardingPanel.stories.tsx[2m > [22m[2mInstructor Onboarding
[22m[39m[FilesContext] fetchFiles called
[90mstdout[2m | .storybook/components/OnboardingPanel.stories.tsx[2m > [22m[2mInstructor Onboarding
[22m[39m[FilesContext] User authenticated: mock-user-sub
[90mstdout[2m | .storybook/components/OnboardingPanel.stories.tsx[2m > [22m[2mInstructor Onboarding
[22m[39m[FilesContext] Identity ID: us-east-1:mock-identity-123
[90mstdout[2m | .storybook/components/OnboardingPanel.stories.tsx[2m > [22m[2mInstructor Onboarding
[22m[39m[FilesContext] About to subscribe to File model
[90mstdout[2m | .storybook/components/OnboardingPanel.stories.tsx[2m > [22m[2mInstructor Onboarding
[22m[39m[Mock Data] generateClient() called - returning mock client
[90mstdout[2m | .storybook/components/OnboardingPanel.stories.tsx[2m > [22m[2mInstructor Onboarding
[22m[39m[Mock amplifyClient] getAmplifyClient() called - returning mock client
[90mstdout[2m | .storybook/components/OnboardingPanel.stories.tsx[2m > [22m[2mInstructor Onboarding
[22m[39m[Mock Data] File.observeQuery() called with filter: undefined
[90mstdout[2m | .storybook/components/OnboardingPanel.stories.tsx[2m > [22m[2mInstructor Onboarding
[22m[39m[Mock Data] File.observeQuery() returning 6 items (filter applied) undefined
[90mstdout[2m | .storybook/components/OnboardingPanel.stories.tsx[2m > [22m[2mInstructor Onboarding
[22m[39m[Mock Data] File subscription added. Total subscriptions: 1
[90mstdout[2m | .storybook/components/OnboardingPanel.stories.tsx[2m > [22m[2mInstructor Onboarding
[22m[39m[Mock Data] generateClient() called - returning mock client
[90mstdout[2m | .storybook/components/OnboardingPanel.stories.tsx[2m > [22m[2mInstructor Onboarding
[22m[39m[Mock amplifyClient] getAmplifyClient() called - returning mock client
[90mstdout[2m | .storybook/components/OnboardingPanel.stories.tsx[2m > [22m[2mInstructor Onboarding
[22m[39m[Mock Data] Document.observeQuery() called with filter: undefined
[90mstdout[2m | .storybook/components/OnboardingPanel.stories.tsx[2m > [22m[2mInstructor Onboarding
[22m[39m[Mock Data] Document.observeQuery() returning 0 items (filter applied) undefined
[90mstdout[2m | .storybook/components/OnboardingPanel.stories.tsx[2m > [22m[2mInstructor Onboarding
[22m[39m[Mock Data] Document subscription added. Total subscriptions: 1
[90mstdout[2m | .storybook/components/OnboardingPanel.stories.tsx[2m > [22m[2mInstructor Onboarding
[22m[39m[SectionContext] Initial sections: 0 []
[90mstdout[2m | .storybook/components/OnboardingPanel.stories.tsx[2m > [22m[2mInstructor Onboarding
[22m[39m[Mock Data] Section.onCreate() called with filter: undefined
[90mstdout[2m | .storybook/components/OnboardingPanel.stories.tsx[2m > [22m[2mInstructor Onboarding
[22m[39m[Mock Data] Section.onCreate() subscription added. Total: 1
[90mstdout[2m | .storybook/components/OnboardingPanel.stories.tsx[2m > [22m[2mInstructor Onboarding
[22m[39m[Mock Data] Section.onUpdate() called with filter: undefined
[90mstdout[2m | .storybook/components/OnboardingPanel.stories.tsx[2m > [22m[2mInstructor Onboarding
[22m[39m[Mock Data] Section.onUpdate() subscription added. Total: 1
[90mstdout[2m | .storybook/components/OnboardingPanel.stories.tsx[2m > [22m[2mInstructor Onboarding
[22m[39m[Mock Data] Section.onDelete() called with filter: undefined
[90mstdout[2m | .storybook/components/OnboardingPanel.stories.tsx[2m > [22m[2mInstructor Onboarding
[22m[39m[Mock Data] Section.onDelete() subscription added. Total: 1
[90mstdout[2m | .storybook/components/OnboardingPanel.stories.tsx[2m > [22m[2mInstructor Onboarding
[22m[39m[Mock Data] Assignment.onCreate() called with filter: {
  "filter": {
    "unitID": {
      "eq": "mock-unit-id",
    },
  },
}
[90mstdout[2m | .storybook/components/OnboardingPanel.stories.tsx[2m > [22m[2mInstructor Onboarding
[22m[39m[Mock Data] Assignment.onCreate() subscription added. Total: 1
[90mstdout[2m | .storybook/components/OnboardingPanel.stories.tsx[2m > [22m[2mInstructor Onboarding
[22m[39m[Mock Data] Assignment.onUpdate() called with filter: {
  "filter": {
    "unitID": {
      "eq": "mock-unit-id",
    },
  },
}
[90mstdout[2m | .storybook/components/OnboardingPanel.stories.tsx[2m > [22m[2mInstructor Onboarding
[22m[39m[Mock Data] Assignment.onUpdate() subscription added. Total: 1
[90mstdout[2m | .storybook/components/OnboardingPanel.stories.tsx[2m > [22m[2mInstructor Onboarding
[22m[39m[Mock Data] Assignment.onDelete() called with filter: {
  "filter": {
    "unitID": {
      "eq": "mock-unit-id",
    },
  },
}
[90mstdout[2m | .storybook/components/OnboardingPanel.stories.tsx[2m > [22m[2mInstructor Onboarding
[22m[39m[Mock Data] Assignment.onDelete() subscription added. Total: 1
[90mstdout[2m | .storybook/components/OnboardingPanel.stories.tsx[2m > [22m[2mInstructor Onboarding
[22m[39m[FilesContext] File observeQuery subscription triggered:
[90mstdout[2m | .storybook/components/OnboardingPanel.stories.tsx[2m > [22m[2mInstructor Onboarding
[22m[39m  - items.length: 6
[90mstdout[2m | .storybook/components/OnboardingPanel.stories.tsx[2m > [22m[2mInstructor Onboarding
[22m[39m  - isSynced: true
[90mstdout[2m | .storybook/components/OnboardingPanel.stories.tsx[2m > [22m[2mInstructor Onboarding
[22m[39m  - items: [
  {
    "_deleted": null,
    "_lastChangedAt": 1767711773285,
    "_version": 1,
    "byHex": null,
    "createdAt": "2026-01-06T15:02:53.253Z",
    "description": "Japanese language textbook - Chapter 1",
    "document": Promise {},
    "documentID": "e01017e1-fe7a-4521-b71c-09ec31b18639",
    "duration": null,
    "embedding": null,
    "generated": null,
    "hex": null,
    "id": "a57d7833-5fa7-4cb7-8b7a-ce7c6e10e551",
    "identityId": "us-east-1:b0eadde9-f02c-c71b-17a6-22ffd37d89c8",
    "key": "files/Japanese Wind 1.pdf",
    "level": "protected",
    "mimeType": "application/pdf",
    "model": null,
    "name": "Japanese Wind 1.pdf",
    "owner": "64d81418-7021-701d-9fed-a4c2e0735711",
    "parsedContent": [Function anonymous],
    "parsedContentID": null,
    "path": "files/Japanese Wind 1.pdf",
    "prompt": null,
    "size": 4706654,
    "thumbnail": null,
    "type": "pdf",
    "updatedAt": "2026-01-06T15:02:53.253Z",
    "variant": null,
    "waveformData": null,
  },
  {
    "_version": 2,
    "createdAt": "2026-01-15T10:00:00.000Z",
    "description": "Sample report with vocabulary",
    "document": Promise {},
    "documentID": "cd824b5b-2c66-41f8-8571-aa6794ff590c",
    "generated": false,
    "id": "mock-pdf-file-2",
    "identityId": "us-east-1:mock-identity",
    "key": "files/report.pdf",
    "level": "protected",
    "mimeType": "application/pdf",
    "name": "report.pdf",
    "owner": "mock-user-id",
    "parsedContent": [Function anonymous],
    "path": "files/report.pdf",
    "size": 123456,
    "type": "pdf",
    "updatedAt": "2026-01-15T10:30:00.000Z",
  },
  {
    "_version": 3,
    "createdAt": "2026-01-14T08:00:00.000Z",
    "description": "Vocabulary lesson PDF with extracted content",
    "document": Promise {},
    "documentID": "mock-document-3",
    "generated": false,
    "id": "mock-pdf-file-3",
    "identityId": "us-east-1:mock-identity",
    "key": "files/vocabulary-lesson.pdf",
    "level": "public",
    "mimeType": "application/pdf",
    "name": "vocabulary-lesson.pdf",
    "owner": "mock-user-id",
    "parsedContent": [Function anonymous],
    "path": "files/vocabulary-lesson.pdf",
    "size": 567890,
    "type": "pdf",
    "updatedAt": "2026-01-14T08:45:00.000Z",
  },
  {
    "_version": 1,
    "createdAt": "2026-01-20T10:00:00.000Z",
    "description": "Sample pronunciation audio",
    "documentID": null,
    "duration": 3.5,
    "generated": true,
    "id": "mock-audio-file-1",
    "identityId": "us-east-1:mock-identity",
    "key": "audio/pronunciation-demo.mp3",
    "level": "public",
    "mimeType": "audio/mpeg",
    "name": "pronunciation-demo.mp3",
    "owner": "mock-user-id",
    "parsedContent": [Function anonymous],
    "path": "audio/pronunciation-demo.mp3",
    "size": 56789,
    "type": "audio",
    "updatedAt": "2026-01-20T10:00:00.000Z",
    "waveformData": "[0.1, 0.3, 0.5, 0.7, 0.9, 0.7, 0.5, 0.3, 0.1]",
  },
  {
    "_version": 1,
    "createdAt": "2026-01-19T14:30:00.000Z",
    "description": "Lesson introduction audio",
    "documentID": null,
    "duration": 5.2,
    "generated": false,
    "id": "mock-audio-file-2",
    "identityId": "us-east-1:mock-identity",
    "key": "audio/lesson-intro.mp3",
    "level": "public",
    "mimeType": "audio/mpeg",
    "name": "lesson-intro.mp3",
    "owner": "mock-user-id",
    "parsedContent": [Function anonymous],
    "path": "audio/lesson-intro.mp3",
    "size": 87654,
    "type": "audio",
    "updatedAt": "2026-01-19T14:30:00.000Z",
    "waveformData": "[0.2, 0.4, 0.6, 0.8, 1.0, 0.8, 0.6, 0.4, 0.2]",
  },
  {
    "_version": 1,
    "createdAt": "2026-01-18T09:15:00.000Z",
    "description": "Hiragana character chart",
    "documentID": null,
    "generated": false,
    "id": "mock-image-file-1",
    "identityId": "us-east-1:mock-identity",
    "key": "images/hiragana-chart.png",
    "level": "public",
    "mimeType": "image/png",
    "name": "hiragana-chart.png",
    "owner": "mock-user-id",
    "parsedContent": [Function anonymous],
    "path": "images/hiragana-chart.png",
    "size": 234567,
    "thumbnail": "thumbnails/hiragana-chart-thumb.png",
    "type": "image",
    "updatedAt": "2026-01-18T09:15:00.000Z",
  },
]
[90mstdout[2m | .storybook/components/OnboardingPanel.stories.tsx[2m > [22m[2mInstructor Onboarding
[22m[39m[FilesContext] Files count changed: 0 → 6
[90mstdout[2m | .storybook/components/OnboardingPanel.stories.tsx[2m > [22m[2mInstructor Onboarding
[22m[39m[MOCK CourseVectorStore] Initialized with mock data
[90mstdout[2m | .storybook/components/OnboardingPanel.stories.tsx[2m > [22m[2mInstructor Onboarding
[22m[39m[MOCK CourseVectorStore] Initialized with mock data
[90mstdout[2m | .storybook/components/OnboardingPanel.stories.tsx[2m > [22m[2mInstructor Onboarding
[22m[39m[FilesContext] Vector store population triggered {
  "currentVectorStoreSize": 3,
  "documentsCount": 0,
  "filesCount": 6,
  "isInitialLoad": true,
}
[90mstdout[2m | .storybook/components/OnboardingPanel.stories.tsx[2m > [22m[2mInstructor Onboarding
[22m[39m[FilesContext] Vector store population complete - 3 total embeddings
 [31m❯[39m [30m[42m unit [49m[39m test/performance/concurrent-users.test.ts [2m([22m[2m6 tests[22m[2m | [22m[33m6 skipped[39m[2m)[22m[33m 5344[2mms[22m[39m
       [2m[90m↓[39m[22m handles 5 concurrent grade submissions within performance threshold
       [2m[90m↓[39m[22m handles 10 concurrent grade submissions with graceful degradation
       [2m[90m↓[39m[22m handles concurrent section queries efficiently
       [2m[90m↓[39m[22m handles concurrent unit fetches with relationships
       [2m[90m↓[39m[22m handles mixed read/write operations concurrently
       [2m[90m↓[39m[22m measures and reports average query latency
[90mstdout[2m | .storybook/components/OnboardingPanel.stories.tsx[2m > [22m[2mLearner Onboarding
[22m[39m[Mock Data] File subscription unsubscribed. Remaining: 0
[90mstdout[2m | .storybook/components/OnboardingPanel.stories.tsx[2m > [22m[2mLearner Onboarding
[22m[39m[Mock Data] Document subscription unsubscribed. Remaining: 0
[90mstdout[2m | .storybook/components/OnboardingPanel.stories.tsx[2m > [22m[2mLearner Onboarding
[22m[39m[Mock Data] Word subscription unsubscribed. Remaining: 0
[90mstdout[2m | .storybook/components/OnboardingPanel.stories.tsx[2m > [22m[2mLearner Onboarding
[22m[39m[Mock Data] Question subscription unsubscribed. Remaining: 0
[90mstdout[2m | .storybook/components/OnboardingPanel.stories.tsx[2m > [22m[2mLearner Onboarding
[22m[39m[Mock Data] Grade subscription unsubscribed. Remaining: 0
[90mstdout[2m | .storybook/components/OnboardingPanel.stories.tsx[2m > [22m[2mLearner Onboarding
[22m[39m[Mock Data] Unit subscription unsubscribed. Remaining: 0
[90mstdout[2m | .storybook/components/OnboardingPanel.stories.tsx[2m > [22m[2mLearner Onboarding
[22m[39m[SectionContext] Cleaning up subscriptions
[90mstdout[2m | .storybook/components/OnboardingPanel.stories.tsx[2m > [22m[2mLearner Onboarding
[22m[39m[Mock Data] Section.onCreate() subscription removed. Remaining: 0
[90mstdout[2m | .storybook/components/OnboardingPanel.stories.tsx[2m > [22m[2mLearner Onboarding
[22m[39m[Mock Data] Section.onUpdate() subscription removed. Remaining: 0
[90mstdout[2m | .storybook/components/OnboardingPanel.stories.tsx[2m > [22m[2mLearner Onboarding
[22m[39m[Mock Data] Section.onDelete() subscription removed. Remaining: 0
[90mstdout[2m | .storybook/components/OnboardingPanel.stories.tsx[2m > [22m[2mLearner Onboarding
[22m[39m[Mock Data] Assignment.onCreate() subscription removed. Remaining: 0
[90mstdout[2m | .storybook/components/OnboardingPanel.stories.tsx[2m > [22m[2mLearner Onboarding
[22m[39m[Mock Data] Assignment.onUpdate() subscription removed. Remaining: 0
[90mstdout[2m | .storybook/components/OnboardingPanel.stories.tsx[2m > [22m[2mLearner Onboarding
[22m[39m[Mock Data] Assignment.onDelete() subscription removed. Remaining: 0
[90mstdout[2m | .storybook/components/OnboardingPanel.stories.tsx[2m > [22m[2mLearner Onboarding
[22m[39m[Mock Data] Clearing all data stores
[90mstdout[2m | .storybook/components/OnboardingPanel.stories.tsx[2m > [22m[2mLearner Onboarding
[22m[39m[Mock Data] All data stores cleared
[90mstdout[2m | .storybook/components/OnboardingPanel.stories.tsx[2m > [22m[2mLearner Onboarding
[22m[39m[Preview] Cleared mock data for story
[90mstdout[2m | .storybook/components/OnboardingPanel.stories.tsx[2m > [22m[2mLearner Onboarding
[22m[39m[Mock Data Gen 2] Initializing mock data
[90mstdout[2m | .storybook/components/OnboardingPanel.stories.tsx[2m > [22m[2mLearner Onboarding
[22m[39m[Mock Data] seedMockAssistantChats: Replacing with 1 assistant chats
[90mstdout[2m | .storybook/components/OnboardingPanel.stories.tsx[2m > [22m[2mLearner Onboarding
[22m[39m[Mock Data Gen 2] Seeded AssistantChat: mock-assistant-chat-1
[90mstdout[2m | .storybook/components/OnboardingPanel.stories.tsx[2m > [22m[2mLearner Onboarding
[22m[39m[Mock Data] seedMockFiles: Adding 6 files
[90mstdout[2m | .storybook/components/OnboardingPanel.stories.tsx[2m > [22m[2mLearner Onboarding
[22m[39m[Mock Data Gen 2] Seeded Files: 6
[90mstdout[2m | .storybook/components/OnboardingPanel.stories.tsx[2m > [22m[2mLearner Onboarding
[22m[39m[Mock Data Gen 2] Initializing mock data
[90mstdout[2m | .storybook/components/OnboardingPanel.stories.tsx[2m > [22m[2mLearner Onboarding
[22m[39m[Mock Data] seedMockAssistantChats: Replacing with 1 assistant chats
[90mstdout[2m | .storybook/components/OnboardingPanel.stories.tsx[2m > [22m[2mLearner Onboarding
[22m[39m[Mock Data Gen 2] Seeded AssistantChat: mock-assistant-chat-1
[90mstdout[2m | .storybook/components/OnboardingPanel.stories.tsx[2m > [22m[2mLearner Onboarding
[22m[39m[Mock Data] seedMockFiles: Adding 6 files
[90mstdout[2m | .storybook/components/OnboardingPanel.stories.tsx[2m > [22m[2mLearner Onboarding
[22m[39m[Mock Data Gen 2] Seeded Files: 6
[90mstdout[2m | .storybook/components/OnboardingPanel.stories.tsx[2m > [22m[2mLearner Onboarding
[22m[39m[Preview] Initialized default mock data for story
[90mstdout[2m | .storybook/components/OnboardingPanel.stories.tsx[2m > [22m[2mLearner Onboarding
[22m[39m[Mock AuthContext] Providing auth: {
  "error": undefined,
  "isLoading": false,
  "session": {
    "idToken": {
      "toString": [Function toString],
    },
    "identityId": "us-east-1:mock-identity-123",
    "username": "mock-user-sub",
  },
  "user": {
    "attributes": {
      "email": "alice@example.com",
      "name": "Alice Student",
      "sub": "mock-user-sub",
    },
  },
}
[90mstdout[2m | .storybook/components/OnboardingPanel.stories.tsx[2m > [22m[2mLearner Onboarding
[22m[39m[MOCK CourseVectorStore] Initialized with mock data
[90mstdout[2m | .storybook/components/OnboardingPanel.stories.tsx[2m > [22m[2mLearner Onboarding
[22m[39m[OnboardingPanel] Panel mounted - select a persona to begin
[90mstdout[2m | .storybook/components/OnboardingPanel.stories.tsx[2m > [22m[2mLearner Onboarding
[22m[39m[TranslationModeController] Setting mode to: off
[90mstdout[2m | .storybook/components/OnboardingPanel.stories.tsx[2m > [22m[2mLearner Onboarding
[22m[39m[SectionContext] useEffect triggered {
  "authLoading": false,
  "hasUser": true,
  "userSub": "mock-user-sub",
}
[90mstdout[2m | .storybook/components/OnboardingPanel.stories.tsx[2m > [22m[2mLearner Onboarding
[22m[39m[SectionContext] Fetching sections for userId: mock-user-sub
[90mstdout[2m | .storybook/components/OnboardingPanel.stories.tsx[2m > [22m[2mLearner Onboarding
[22m[39m[Mock Data] generateClient() called - returning mock client
[90mstdout[2m | .storybook/components/OnboardingPanel.stories.tsx[2m > [22m[2mLearner Onboarding
[22m[39m[Mock amplifyClient] getAmplifyClient() called - returning mock client
[90mstdout[2m | .storybook/components/OnboardingPanel.stories.tsx[2m > [22m[2mLearner Onboarding
[22m[39m[Mock Data] Section.list() called with options: undefined
[90mstdout[2m | .storybook/components/OnboardingPanel.stories.tsx[2m > [22m[2mLearner Onboarding
[22m[39m[Mock Data] generateClient() called - returning mock client
[90mstdout[2m | .storybook/components/OnboardingPanel.stories.tsx[2m > [22m[2mLearner Onboarding
[22m[39m[Mock amplifyClient] getAmplifyClient() called - returning mock client
[90mstdout[2m | .storybook/components/OnboardingPanel.stories.tsx[2m > [22m[2mLearner Onboarding
[22m[39m[Mock Data] Assignment.list() called with options: {
  "filter": {
    "unitID": {
      "eq": "mock-unit-id",
    },
  },
}
[90mstdout[2m | .storybook/components/OnboardingPanel.stories.tsx[2m > [22m[2mLearner Onboarding
[22m[39m[Mock Data] generateClient() called - returning mock client
[90mstdout[2m | .storybook/components/OnboardingPanel.stories.tsx[2m > [22m[2mLearner Onboarding
[22m[39m[Mock amplifyClient] getAmplifyClient() called - returning mock client
[90mstdout[2m | .storybook/components/OnboardingPanel.stories.tsx[2m > [22m[2mLearner Onboarding
[22m[39m[Mock Data] Grade.observeQuery() called with filter: {
  "filter": {
    "unitID": {
      "eq": "mock-unit-id",
    },
  },
}
[90mstdout[2m | .storybook/components/OnboardingPanel.stories.tsx[2m > [22m[2mLearner Onboarding
[22m[39m[Mock Data] Grade.observeQuery() applying filter: {
  "unitID": {
    "eq": "mock-unit-id",
  },
}
[90mstdout[2m | .storybook/components/OnboardingPanel.stories.tsx[2m > [22m[2mLearner Onboarding
[22m[39m[Mock Data] Grade.observeQuery() items before filter: 0
[90mstdout[2m | .storybook/components/OnboardingPanel.stories.tsx[2m > [22m[2mLearner Onboarding
[22m[39m[Mock Data] Grade.observeQuery() items after filter: 0
[90mstdout[2m | .storybook/components/OnboardingPanel.stories.tsx[2m > [22m[2mLearner Onboarding
[22m[39m[Mock Data] Grade.observeQuery() returning 0 items (filter applied) {
  "filter": {
    "unitID": {
      "eq": "mock-unit-id",
    },
  },
}
[90mstdout[2m | .storybook/components/OnboardingPanel.stories.tsx[2m > [22m[2mLearner Onboarding
[22m[39m[Mock Data] Grade subscription added. Total subscriptions: 1
[90mstdout[2m | .storybook/components/OnboardingPanel.stories.tsx[2m > [22m[2mLearner Onboarding
[22m[39m[UnitContext] useEffect triggered {
  "authLoading": false,
  "hasUser": true,
  "id": "mock-unit-id",
  "userSub": "mock-user-sub",
}
[90mstdout[2m | .storybook/components/OnboardingPanel.stories.tsx[2m > [22m[2mLearner Onboarding
[22m[39m[UnitContext] Fetching unit data for id: mock-unit-id
[90mstdout[2m | .storybook/components/OnboardingPanel.stories.tsx[2m > [22m[2mLearner Onboarding
[22m[39m[Mock Data] generateClient() called - returning mock client
[90mstdout[2m | .github/skills/mock-data-validator/mock-data-validator.test.ts
[22m[39m✓ Loaded .env.test

[90mstdout[2m | .storybook/components/OnboardingPanel.stories.tsx[2m > [22m[2mLearner Onboarding
[22m[39m[Mock amplifyClient] getAmplifyClient() called - returning mock client
[90mstdout[2m | .storybook/components/OnboardingPanel.stories.tsx[2m > [22m[2mLearner Onboarding
[22m[39m[Mock Data] Unit.observeQuery() called with filter: {
  "filter": {
    "id": {
      "eq": "mock-unit-id",
    },
  },
}
[90mstdout[2m | .storybook/components/OnboardingPanel.stories.tsx[2m > [22m[2mLearner Onboarding
[22m[39m[Mock Data] Unit.observeQuery() applying filter: {
  "id": {
    "eq": "mock-unit-id",
  },
}
[90mstdout[2m | .storybook/components/OnboardingPanel.stories.tsx[2m > [22m[2mLearner Onboarding
[22m[39m[Mock Data] Unit.observeQuery() items before filter: 0
[90mstdout[2m | .storybook/components/OnboardingPanel.stories.tsx[2m > [22m[2mLearner Onboarding
[22m[39m[Mock Data] Unit.observeQuery() items after filter: 0
[90mstdout[2m | .storybook/components/OnboardingPanel.stories.tsx[2m > [22m[2mLearner Onboarding
[22m[39m[Mock Data] Unit.observeQuery() returning 0 items (filter applied) {
  "filter": {
    "id": {
      "eq": "mock-unit-id",
    },
  },
}
[90mstdout[2m | .storybook/components/OnboardingPanel.stories.tsx[2m > [22m[2mLearner Onboarding
[22m[39m[Mock Data] Unit subscription added. Total subscriptions: 1
[90mstdout[2m | .storybook/components/OnboardingPanel.stories.tsx[2m > [22m[2mLearner Onboarding
[22m[39m[Mock Data] generateClient() called - returning mock client
[90mstdout[2m | .storybook/components/OnboardingPanel.stories.tsx[2m > [22m[2mLearner Onboarding
[22m[39m[Mock amplifyClient] getAmplifyClient() called - returning mock client
[90mstdout[2m | .storybook/components/OnboardingPanel.stories.tsx[2m > [22m[2mLearner Onboarding
[22m[39m[Mock Data] Word.observeQuery() called with filter: undefined
[90mstdout[2m | .storybook/components/OnboardingPanel.stories.tsx[2m > [22m[2mLearner Onboarding
[22m[39m[Mock Data] Word.observeQuery() returning 0 items (filter applied) undefined
[90mstdout[2m | .storybook/components/OnboardingPanel.stories.tsx[2m > [22m[2mLearner Onboarding
[22m[39m[Mock Data] Word subscription added. Total subscriptions: 1
[90mstdout[2m | .storybook/components/OnboardingPanel.stories.tsx[2m > [22m[2mLearner Onboarding
[22m[39m[Mock Data] generateClient() called - returning mock client
[90mstdout[2m | .storybook/components/OnboardingPanel.stories.tsx[2m > [22m[2mLearner Onboarding
[22m[39m[Mock amplifyClient] getAmplifyClient() called - returning mock client
[90mstdout[2m | .storybook/components/OnboardingPanel.stories.tsx[2m > [22m[2mLearner Onboarding
[22m[39m[Mock Data] Question.observeQuery() called with filter: undefined
[90mstdout[2m | .storybook/components/OnboardingPanel.stories.tsx[2m > [22m[2mLearner Onboarding
[22m[39m[Mock Data] Question.observeQuery() returning 0 items (filter applied) undefined
[90mstdout[2m | .storybook/components/OnboardingPanel.stories.tsx[2m > [22m[2mLearner Onboarding
[22m[39m[Mock Data] Question subscription added. Total subscriptions: 1
[90mstdout[2m | .storybook/components/OnboardingPanel.stories.tsx[2m > [22m[2mLearner Onboarding
[22m[39m[FilesContext] Initializing vector store from IndexedDB
[90mstdout[2m | .storybook/components/OnboardingPanel.stories.tsx[2m > [22m[2mLearner Onboarding
[22m[39m[FilesContext] fetchFiles called
[90mstdout[2m | .storybook/components/OnboardingPanel.stories.tsx[2m > [22m[2mLearner Onboarding
[22m[39m[FilesContext] User authenticated: mock-user-sub
[90mstdout[2m | .storybook/components/OnboardingPanel.stories.tsx[2m > [22m[2mLearner Onboarding
[22m[39m[FilesContext] Identity ID: us-east-1:mock-identity-123
[90mstdout[2m | .storybook/components/OnboardingPanel.stories.tsx[2m > [22m[2mLearner Onboarding
[22m[39m[FilesContext] About to subscribe to File model
[90mstdout[2m | .storybook/components/OnboardingPanel.stories.tsx[2m > [22m[2mLearner Onboarding
[22m[39m[Mock Data] generateClient() called - returning mock client
[90mstdout[2m | .storybook/components/OnboardingPanel.stories.tsx[2m > [22m[2mLearner Onboarding
[22m[39m[Mock amplifyClient] getAmplifyClient() called - returning mock client
[90mstdout[2m | .storybook/components/OnboardingPanel.stories.tsx[2m > [22m[2mLearner Onboarding
[22m[39m[Mock Data] File.observeQuery() called with filter: undefined
[90mstdout[2m | .storybook/components/OnboardingPanel.stories.tsx[2m > [22m[2mLearner Onboarding
[22m[39m[Mock Data] File.observeQuery() returning 6 items (filter applied) undefined
[90mstdout[2m | .storybook/components/OnboardingPanel.stories.tsx[2m > [22m[2mLearner Onboarding
[22m[39m[Mock Data] File subscription added. Total subscriptions: 1
[90mstdout[2m | .storybook/components/OnboardingPanel.stories.tsx[2m > [22m[2mLearner Onboarding
[22m[39m[Mock Data] generateClient() called - returning mock client
[90mstdout[2m | .storybook/components/OnboardingPanel.stories.tsx[2m > [22m[2mLearner Onboarding
[22m[39m[Mock amplifyClient] getAmplifyClient() called - returning mock client
[90mstdout[2m | .storybook/components/OnboardingPanel.stories.tsx[2m > [22m[2mLearner Onboarding
[22m[39m[Mock Data] Document.observeQuery() called with filter: undefined
[90mstdout[2m | .storybook/components/OnboardingPanel.stories.tsx[2m > [22m[2mLearner Onboarding
[22m[39m[Mock Data] Document.observeQuery() returning 0 items (filter applied) undefined
[90mstdout[2m | .storybook/components/OnboardingPanel.stories.tsx[2m > [22m[2mLearner Onboarding
[22m[39m[Mock Data] Document subscription added. Total subscriptions: 1
[90mstdout[2m | .storybook/components/OnboardingPanel.stories.tsx[2m > [22m[2mLearner Onboarding
[22m[39m[SectionContext] Initial sections: 0 []
[90mstdout[2m | .storybook/components/OnboardingPanel.stories.tsx[2m > [22m[2mLearner Onboarding
[22m[39m[Mock Data] Section.onCreate() called with filter: undefined
[90mstdout[2m | .storybook/components/OnboardingPanel.stories.tsx[2m > [22m[2mLearner Onboarding
[22m[39m[Mock Data] Section.onCreate() subscription added. Total: 1
[90mstdout[2m | .storybook/components/OnboardingPanel.stories.tsx[2m > [22m[2mLearner Onboarding
[22m[39m[Mock Data] Section.onUpdate() called with filter: undefined
[90mstdout[2m | .storybook/components/OnboardingPanel.stories.tsx[2m > [22m[2mLearner Onboarding
[22m[39m[Mock Data] Section.onUpdate() subscription added. Total: 1
[90mstdout[2m | .storybook/components/OnboardingPanel.stories.tsx[2m > [22m[2mLearner Onboarding
[22m[39m[Mock Data] Section.onDelete() called with filter: undefined
[90mstdout[2m | .storybook/components/OnboardingPanel.stories.tsx[2m > [22m[2mLearner Onboarding
[22m[39m[Mock Data] Section.onDelete() subscription added. Total: 1
[90mstdout[2m | .storybook/components/OnboardingPanel.stories.tsx[2m > [22m[2mLearner Onboarding
[22m[39m[Mock Data] Assignment.onCreate() called with filter: {
  "filter": {
    "unitID": {
      "eq": "mock-unit-id",
    },
  },
}
[90mstdout[2m | .storybook/components/OnboardingPanel.stories.tsx[2m > [22m[2mLearner Onboarding
[22m[39m[Mock Data] Assignment.onCreate() subscription added. Total: 1
[90mstdout[2m | .storybook/components/OnboardingPanel.stories.tsx[2m > [22m[2mLearner Onboarding
[22m[39m[Mock Data] Assignment.onUpdate() called with filter: {
  "filter": {
    "unitID": {
      "eq": "mock-unit-id",
    },
  },
}
[90mstdout[2m | .storybook/components/OnboardingPanel.stories.tsx[2m > [22m[2mLearner Onboarding
[22m[39m[Mock Data] Assignment.onUpdate() subscription added. Total: 1
[90mstdout[2m | .storybook/components/OnboardingPanel.stories.tsx[2m > [22m[2mLearner Onboarding
[22m[39m[Mock Data] Assignment.onDelete() called with filter: {
  "filter": {
    "unitID": {
      "eq": "mock-unit-id",
    },
  },
}
[90mstdout[2m | .storybook/components/OnboardingPanel.stories.tsx[2m > [22m[2mLearner Onboarding
[22m[39m[Mock Data] Assignment.onDelete() subscription added. Total: 1
[90mstdout[2m | .storybook/components/OnboardingPanel.stories.tsx[2m > [22m[2mLearner Onboarding
[22m[39m[FilesContext] File observeQuery subscription triggered:
[90mstdout[2m | .storybook/components/OnboardingPanel.stories.tsx[2m > [22m[2mLearner Onboarding
[22m[39m  - items.length: 6
[90mstdout[2m | .storybook/components/OnboardingPanel.stories.tsx[2m > [22m[2mLearner Onboarding
[22m[39m  - isSynced: true
[90mstdout[2m | .storybook/components/OnboardingPanel.stories.tsx[2m > [22m[2mLearner Onboarding
[22m[39m  - items: [
  {
    "_deleted": null,
    "_lastChangedAt": 1767711773285,
    "_version": 1,
    "byHex": null,
    "createdAt": "2026-01-06T15:02:53.253Z",
    "description": "Japanese language textbook - Chapter 1",
    "document": Promise {},
    "documentID": "e01017e1-fe7a-4521-b71c-09ec31b18639",
    "duration": null,
    "embedding": null,
    "generated": null,
    "hex": null,
    "id": "a57d7833-5fa7-4cb7-8b7a-ce7c6e10e551",
    "identityId": "us-east-1:b0eadde9-f02c-c71b-17a6-22ffd37d89c8",
    "key": "files/Japanese Wind 1.pdf",
    "level": "protected",
    "mimeType": "application/pdf",
    "model": null,
    "name": "Japanese Wind 1.pdf",
    "owner": "64d81418-7021-701d-9fed-a4c2e0735711",
    "parsedContent": [Function anonymous],
    "parsedContentID": null,
    "path": "files/Japanese Wind 1.pdf",
    "prompt": null,
    "size": 4706654,
    "thumbnail": null,
    "type": "pdf",
    "updatedAt": "2026-01-06T15:02:53.253Z",
    "variant": null,
    "waveformData": null,
  },
  {
    "_version": 2,
    "createdAt": "2026-01-15T10:00:00.000Z",
    "description": "Sample report with vocabulary",
    "document": Promise {},
    "documentID": "cd824b5b-2c66-41f8-8571-aa6794ff590c",
    "generated": false,
    "id": "mock-pdf-file-2",
    "identityId": "us-east-1:mock-identity",
    "key": "files/report.pdf",
    "level": "protected",
    "mimeType": "application/pdf",
    "name": "report.pdf",
    "owner": "mock-user-id",
    "parsedContent": [Function anonymous],
    "path": "files/report.pdf",
    "size": 123456,
    "type": "pdf",
    "updatedAt": "2026-01-15T10:30:00.000Z",
  },
  {
    "_version": 3,
    "createdAt": "2026-01-14T08:00:00.000Z",
    "description": "Vocabulary lesson PDF with extracted content",
    "document": Promise {},
    "documentID": "mock-document-3",
    "generated": false,
    "id": "mock-pdf-file-3",
    "identityId": "us-east-1:mock-identity",
    "key": "files/vocabulary-lesson.pdf",
    "level": "public",
    "mimeType": "application/pdf",
    "name": "vocabulary-lesson.pdf",
    "owner": "mock-user-id",
    "parsedContent": [Function anonymous],
    "path": "files/vocabulary-lesson.pdf",
    "size": 567890,
    "type": "pdf",
    "updatedAt": "2026-01-14T08:45:00.000Z",
  },
  {
    "_version": 1,
    "createdAt": "2026-01-20T10:00:00.000Z",
    "description": "Sample pronunciation audio",
    "documentID": null,
    "duration": 3.5,
    "generated": true,
    "id": "mock-audio-file-1",
    "identityId": "us-east-1:mock-identity",
    "key": "audio/pronunciation-demo.mp3",
    "level": "public",
    "mimeType": "audio/mpeg",
    "name": "pronunciation-demo.mp3",
    "owner": "mock-user-id",
    "parsedContent": [Function anonymous],
    "path": "audio/pronunciation-demo.mp3",
    "size": 56789,
    "type": "audio",
    "updatedAt": "2026-01-20T10:00:00.000Z",
    "waveformData": "[0.1, 0.3, 0.5, 0.7, 0.9, 0.7, 0.5, 0.3, 0.1]",
  },
  {
    "_version": 1,
    "createdAt": "2026-01-19T14:30:00.000Z",
    "description": "Lesson introduction audio",
    "documentID": null,
    "duration": 5.2,
    "generated": false,
    "id": "mock-audio-file-2",
    "identityId": "us-east-1:mock-identity",
    "key": "audio/lesson-intro.mp3",
    "level": "public",
    "mimeType": "audio/mpeg",
    "name": "lesson-intro.mp3",
    "owner": "mock-user-id",
    "parsedContent": [Function anonymous],
    "path": "audio/lesson-intro.mp3",
    "size": 87654,
    "type": "audio",
    "updatedAt": "2026-01-19T14:30:00.000Z",
    "waveformData": "[0.2, 0.4, 0.6, 0.8, 1.0, 0.8, 0.6, 0.4, 0.2]",
  },
  {
    "_version": 1,
    "createdAt": "2026-01-18T09:15:00.000Z",
    "description": "Hiragana character chart",
    "documentID": null,
    "generated": false,
    "id": "mock-image-file-1",
    "identityId": "us-east-1:mock-identity",
    "key": "images/hiragana-chart.png",
    "level": "public",
    "mimeType": "image/png",
    "name": "hiragana-chart.png",
    "owner": "mock-user-id",
    "parsedContent": [Function anonymous],
    "path": "images/hiragana-chart.png",
    "size": 234567,
    "thumbnail": "thumbnails/hiragana-chart-thumb.png",
    "type": "image",
    "updatedAt": "2026-01-18T09:15:00.000Z",
  },
]
[90mstdout[2m | .storybook/components/OnboardingPanel.stories.tsx[2m > [22m[2mLearner Onboarding
[22m[39m[FilesContext] Files count changed: 0 → 6
[90mstdout[2m | .storybook/components/OnboardingPanel.stories.tsx[2m > [22m[2mLearner Onboarding
[22m[39m[MOCK CourseVectorStore] Initialized with mock data
[90mstdout[2m | .storybook/components/OnboardingPanel.stories.tsx[2m > [22m[2mLearner Onboarding
[22m[39m[MOCK CourseVectorStore] Initialized with mock data
[90mstdout[2m | .storybook/components/OnboardingPanel.stories.tsx[2m > [22m[2mLearner Onboarding
[22m[39m[FilesContext] Vector store population triggered {
  "currentVectorStoreSize": 3,
  "documentsCount": 0,
  "filesCount": 6,
  "isInitialLoad": true,
}
[90mstdout[2m | .storybook/components/OnboardingPanel.stories.tsx[2m > [22m[2mLearner Onboarding
[22m[39m[FilesContext] Vector store population complete - 3 total embeddings
[90mstdout[2m | .storybook/components/OnboardingPanel.stories.tsx[2m > [22m[2mLearner Onboarding
[22m[39m[MOCK CourseVectorStore] Initialized with mock data
[90mstdout[2m | .storybook/components/OnboardingPanel.stories.tsx[2m > [22m[2mDeveloper Onboarding
[22m[39m[Mock Data] File subscription unsubscribed. Remaining: 0
[90mstdout[2m | .storybook/components/OnboardingPanel.stories.tsx[2m > [22m[2mDeveloper Onboarding
[22m[39m[Mock Data] Document subscription unsubscribed. Remaining: 0
[90mstdout[2m | .storybook/components/OnboardingPanel.stories.tsx[2m > [22m[2mDeveloper Onboarding
[22m[39m[Mock Data] Word subscription unsubscribed. Remaining: 0
[90mstdout[2m | .storybook/components/OnboardingPanel.stories.tsx[2m > [22m[2mDeveloper Onboarding
[22m[39m[Mock Data] Question subscription unsubscribed. Remaining: 0
[90mstdout[2m | .storybook/components/OnboardingPanel.stories.tsx[2m > [22m[2mDeveloper Onboarding
[22m[39m[Mock Data] Grade subscription unsubscribed. Remaining: 0
[90mstdout[2m | .storybook/components/OnboardingPanel.stories.tsx[2m > [22m[2mDeveloper Onboarding
[22m[39m[Mock Data] Unit subscription unsubscribed. Remaining: 0
[90mstdout[2m | .storybook/components/OnboardingPanel.stories.tsx[2m > [22m[2mDeveloper Onboarding
[22m[39m[SectionContext] Cleaning up subscriptions
[90mstdout[2m | .storybook/components/OnboardingPanel.stories.tsx[2m > [22m[2mDeveloper Onboarding
[22m[39m[Mock Data] Section.onCreate() subscription removed. Remaining: 0
[90mstdout[2m | .storybook/components/OnboardingPanel.stories.tsx[2m > [22m[2mDeveloper Onboarding
[22m[39m[Mock Data] Section.onUpdate() subscription removed. Remaining: 0
[90mstdout[2m | .storybook/components/OnboardingPanel.stories.tsx[2m > [22m[2mDeveloper Onboarding
[22m[39m[Mock Data] Section.onDelete() subscription removed. Remaining: 0
[90mstdout[2m | .storybook/components/OnboardingPanel.stories.tsx[2m > [22m[2mDeveloper Onboarding
[22m[39m[Mock Data] Assignment.onCreate() subscription removed. Remaining: 0
[90mstdout[2m | .storybook/components/OnboardingPanel.stories.tsx[2m > [22m[2mDeveloper Onboarding
[22m[39m[Mock Data] Assignment.onUpdate() subscription removed. Remaining: 0
[90mstdout[2m | .storybook/components/OnboardingPanel.stories.tsx[2m > [22m[2mDeveloper Onboarding
[22m[39m[Mock Data] Assignment.onDelete() subscription removed. Remaining: 0
[90mstdout[2m | .storybook/components/OnboardingPanel.stories.tsx[2m > [22m[2mDeveloper Onboarding
[22m[39m[Mock Data] Clearing all data stores
[90mstdout[2m | .storybook/components/OnboardingPanel.stories.tsx[2m > [22m[2mDeveloper Onboarding
[22m[39m[Mock Data] All data stores cleared
[90mstdout[2m | .storybook/components/OnboardingPanel.stories.tsx[2m > [22m[2mDeveloper Onboarding
[22m[39m[Preview] Cleared mock data for story
[90mstdout[2m | .storybook/components/OnboardingPanel.stories.tsx[2m > [22m[2mDeveloper Onboarding
[22m[39m[Mock Data Gen 2] Initializing mock data
[90mstdout[2m | .storybook/components/OnboardingPanel.stories.tsx[2m > [22m[2mDeveloper Onboarding
[22m[39m[Mock Data] seedMockAssistantChats: Replacing with 1 assistant chats
[90mstdout[2m | .storybook/components/OnboardingPanel.stories.tsx[2m > [22m[2mDeveloper Onboarding
[22m[39m[Mock Data Gen 2] Seeded AssistantChat: mock-assistant-chat-1
[90mstdout[2m | .storybook/components/OnboardingPanel.stories.tsx[2m > [22m[2mDeveloper Onboarding
[22m[39m[Mock Data] seedMockFiles: Adding 6 files
[90mstdout[2m | .storybook/components/OnboardingPanel.stories.tsx[2m > [22m[2mDeveloper Onboarding
[22m[39m[Mock Data Gen 2] Seeded Files: 6
[90mstdout[2m | .storybook/components/OnboardingPanel.stories.tsx[2m > [22m[2mDeveloper Onboarding
[22m[39m[Mock Data Gen 2] Initializing mock data
[90mstdout[2m | .storybook/components/OnboardingPanel.stories.tsx[2m > [22m[2mDeveloper Onboarding
[22m[39m[Mock Data] seedMockAssistantChats: Replacing with 1 assistant chats
[90mstdout[2m | .storybook/components/OnboardingPanel.stories.tsx[2m > [22m[2mDeveloper Onboarding
[22m[39m[Mock Data Gen 2] Seeded AssistantChat: mock-assistant-chat-1
[90mstdout[2m | .storybook/components/OnboardingPanel.stories.tsx[2m > [22m[2mDeveloper Onboarding
[22m[39m[Mock Data] seedMockFiles: Adding 6 files
[90mstdout[2m | .storybook/components/OnboardingPanel.stories.tsx[2m > [22m[2mDeveloper Onboarding
[22m[39m[Mock Data Gen 2] Seeded Files: 6
[90mstdout[2m | .storybook/components/OnboardingPanel.stories.tsx[2m > [22m[2mDeveloper Onboarding
[22m[39m[Preview] Initialized default mock data for story
[90mstdout[2m | .storybook/components/OnboardingPanel.stories.tsx[2m > [22m[2mDeveloper Onboarding
[22m[39m[Mock AuthContext] Providing auth: {
  "error": undefined,
  "isLoading": false,
  "session": {
    "idToken": {
      "toString": [Function toString],
    },
    "identityId": "us-east-1:mock-identity-123",
    "username": "mock-user-sub",
  },
  "user": {
    "attributes": {
      "email": "alice@example.com",
      "name": "Alice Student",
      "sub": "mock-user-sub",
    },
  },
}
[90mstdout[2m | .storybook/components/OnboardingPanel.stories.tsx[2m > [22m[2mDeveloper Onboarding
[22m[39m[MOCK CourseVectorStore] Initialized with mock data
[90mstdout[2m | .storybook/components/OnboardingPanel.stories.tsx[2m > [22m[2mDeveloper Onboarding
[22m[39m[OnboardingPanel] Panel mounted - select a persona to begin
[90mstdout[2m | .storybook/components/OnboardingPanel.stories.tsx[2m > [22m[2mDeveloper Onboarding
[22m[39m[TranslationModeController] Setting mode to: off
[90mstdout[2m | .storybook/components/OnboardingPanel.stories.tsx[2m > [22m[2mDeveloper Onboarding
[22m[39m[SectionContext] useEffect triggered {
  "authLoading": false,
  "hasUser": true,
  "userSub": "mock-user-sub",
}
[90mstdout[2m | .storybook/components/OnboardingPanel.stories.tsx[2m > [22m[2mDeveloper Onboarding
[22m[39m[SectionContext] Fetching sections for userId: mock-user-sub
[90mstdout[2m | .storybook/components/OnboardingPanel.stories.tsx[2m > [22m[2mDeveloper Onboarding
[22m[39m[Mock Data] generateClient() called - returning mock client
[90mstdout[2m | .storybook/components/OnboardingPanel.stories.tsx[2m > [22m[2mDeveloper Onboarding
[22m[39m[Mock amplifyClient] getAmplifyClient() called - returning mock client
[90mstdout[2m | .storybook/components/OnboardingPanel.stories.tsx[2m > [22m[2mDeveloper Onboarding
[22m[39m[Mock Data] Section.list() called with options: undefined
[90mstdout[2m | .storybook/components/OnboardingPanel.stories.tsx[2m > [22m[2mDeveloper Onboarding
[22m[39m[Mock Data] generateClient() called - returning mock client
[90mstdout[2m | .storybook/components/OnboardingPanel.stories.tsx[2m > [22m[2mDeveloper Onboarding
[22m[39m[Mock amplifyClient] getAmplifyClient() called - returning mock client
[90mstdout[2m | .storybook/components/OnboardingPanel.stories.tsx[2m > [22m[2mDeveloper Onboarding
[22m[39m[Mock Data] Assignment.list() called with options: {
  "filter": {
    "unitID": {
      "eq": "mock-unit-id",
    },
  },
}
[90mstdout[2m | .storybook/components/OnboardingPanel.stories.tsx[2m > [22m[2mDeveloper Onboarding
[22m[39m[Mock Data] generateClient() called - returning mock client
[90mstdout[2m | .storybook/components/OnboardingPanel.stories.tsx[2m > [22m[2mDeveloper Onboarding
[22m[39m[Mock amplifyClient] getAmplifyClient() called - returning mock client
[90mstdout[2m | .storybook/components/OnboardingPanel.stories.tsx[2m > [22m[2mDeveloper Onboarding
[22m[39m[Mock Data] Grade.observeQuery() called with filter: {
  "filter": {
    "unitID": {
      "eq": "mock-unit-id",
    },
  },
}
[90mstdout[2m | .storybook/components/OnboardingPanel.stories.tsx[2m > [22m[2mDeveloper Onboarding
[22m[39m[Mock Data] Grade.observeQuery() applying filter: {
  "unitID": {
    "eq": "mock-unit-id",
  },
}
[90mstdout[2m | .storybook/components/OnboardingPanel.stories.tsx[2m > [22m[2mDeveloper Onboarding
[22m[39m[Mock Data] Grade.observeQuery() items before filter: 0
[90mstdout[2m | .storybook/components/OnboardingPanel.stories.tsx[2m > [22m[2mDeveloper Onboarding
[22m[39m[Mock Data] Grade.observeQuery() items after filter: 0
[90mstdout[2m | .storybook/components/OnboardingPanel.stories.tsx[2m > [22m[2mDeveloper Onboarding
[22m[39m[Mock Data] Grade.observeQuery() returning 0 items (filter applied) {
  "filter": {
    "unitID": {
      "eq": "mock-unit-id",
    },
  },
}
[90mstdout[2m | .storybook/components/OnboardingPanel.stories.tsx[2m > [22m[2mDeveloper Onboarding
[22m[39m[Mock Data] Grade subscription added. Total subscriptions: 1
[90mstdout[2m | .storybook/components/OnboardingPanel.stories.tsx[2m > [22m[2mDeveloper Onboarding
[22m[39m[UnitContext] useEffect triggered {
  "authLoading": false,
  "hasUser": true,
  "id": "mock-unit-id",
  "userSub": "mock-user-sub",
}
[90mstdout[2m | .storybook/components/OnboardingPanel.stories.tsx[2m > [22m[2mDeveloper Onboarding
[22m[39m[UnitContext] Fetching unit data for id: mock-unit-id
[90mstdout[2m | .storybook/components/OnboardingPanel.stories.tsx[2m > [22m[2mDeveloper Onboarding
[22m[39m[Mock Data] generateClient() called - returning mock client
[90mstdout[2m | .storybook/components/OnboardingPanel.stories.tsx[2m > [22m[2mDeveloper Onboarding
[22m[39m[Mock amplifyClient] getAmplifyClient() called - returning mock client
[90mstdout[2m | .storybook/components/OnboardingPanel.stories.tsx[2m > [22m[2mDeveloper Onboarding
[22m[39m[Mock Data] Unit.observeQuery() called with filter: {
  "filter": {
    "id": {
      "eq": "mock-unit-id",
    },
  },
}
[90mstdout[2m | .storybook/components/OnboardingPanel.stories.tsx[2m > [22m[2mDeveloper Onboarding
[22m[39m[Mock Data] Unit.observeQuery() applying filter: {
  "id": {
    "eq": "mock-unit-id",
  },
}
[90mstdout[2m | .storybook/components/OnboardingPanel.stories.tsx[2m > [22m[2mDeveloper Onboarding
[22m[39m[Mock Data] Unit.observeQuery() items before filter: 0
[90mstdout[2m | .storybook/components/OnboardingPanel.stories.tsx[2m > [22m[2mDeveloper Onboarding
[22m[39m[Mock Data] Unit.observeQuery() items after filter: 0
[90mstdout[2m | .storybook/components/OnboardingPanel.stories.tsx[2m > [22m[2mDeveloper Onboarding
[22m[39m[Mock Data] Unit.observeQuery() returning 0 items (filter applied) {
  "filter": {
    "id": {
      "eq": "mock-unit-id",
    },
  },
}
[90mstdout[2m | .storybook/components/OnboardingPanel.stories.tsx[2m > [22m[2mDeveloper Onboarding
[22m[39m[Mock Data] Unit subscription added. Total subscriptions: 1
[90mstdout[2m | .storybook/components/OnboardingPanel.stories.tsx[2m > [22m[2mDeveloper Onboarding
[22m[39m[Mock Data] generateClient() called - returning mock client
[90mstdout[2m | .storybook/components/OnboardingPanel.stories.tsx[2m > [22m[2mDeveloper Onboarding
[22m[39m[Mock amplifyClient] getAmplifyClient() called - returning mock client
[90mstdout[2m | .storybook/components/OnboardingPanel.stories.tsx[2m > [22m[2mDeveloper Onboarding
[22m[39m[Mock Data] Word.observeQuery() called with filter: undefined
[90mstdout[2m | .storybook/components/OnboardingPanel.stories.tsx[2m > [22m[2mDeveloper Onboarding
[22m[39m[Mock Data] Word.observeQuery() returning 0 items (filter applied) undefined
[90mstdout[2m | .storybook/components/OnboardingPanel.stories.tsx[2m > [22m[2mDeveloper Onboarding
[22m[39m[Mock Data] Word subscription added. Total subscriptions: 1
[90mstdout[2m | .storybook/components/OnboardingPanel.stories.tsx[2m > [22m[2mDeveloper Onboarding
[22m[39m[Mock Data] generateClient() called - returning mock client
[90mstdout[2m | .storybook/components/OnboardingPanel.stories.tsx[2m > [22m[2mDeveloper Onboarding
[22m[39m[Mock amplifyClient] getAmplifyClient() called - returning mock client
[90mstdout[2m | .storybook/components/OnboardingPanel.stories.tsx[2m > [22m[2mDeveloper Onboarding
[22m[39m[Mock Data] Question.observeQuery() called with filter: undefined
[90mstdout[2m | .storybook/components/OnboardingPanel.stories.tsx[2m > [22m[2mDeveloper Onboarding
[22m[39m[Mock Data] Question.observeQuery() returning 0 items (filter applied) undefined
[90mstdout[2m | .storybook/components/OnboardingPanel.stories.tsx[2m > [22m[2mDeveloper Onboarding
[22m[39m[Mock Data] Question subscription added. Total subscriptions: 1
[90mstdout[2m | .storybook/components/OnboardingPanel.stories.tsx[2m > [22m[2mDeveloper Onboarding
[22m[39m[FilesContext] Initializing vector store from IndexedDB
[90mstdout[2m | .storybook/components/OnboardingPanel.stories.tsx[2m > [22m[2mDeveloper Onboarding
[22m[39m[FilesContext] fetchFiles called
[90mstdout[2m | .storybook/components/OnboardingPanel.stories.tsx[2m > [22m[2mDeveloper Onboarding
[22m[39m[FilesContext] User authenticated: mock-user-sub
[90mstdout[2m | .storybook/components/OnboardingPanel.stories.tsx[2m > [22m[2mDeveloper Onboarding
[22m[39m[FilesContext] Identity ID: us-east-1:mock-identity-123
[90mstdout[2m | .storybook/components/OnboardingPanel.stories.tsx[2m > [22m[2mDeveloper Onboarding
[22m[39m[FilesContext] About to subscribe to File model
[90mstdout[2m | .storybook/components/OnboardingPanel.stories.tsx[2m > [22m[2mDeveloper Onboarding
[22m[39m[Mock Data] generateClient() called - returning mock client
[90mstdout[2m | .storybook/components/OnboardingPanel.stories.tsx[2m > [22m[2mDeveloper Onboarding
[22m[39m[Mock amplifyClient] getAmplifyClient() called - returning mock client
[90mstdout[2m | .storybook/components/OnboardingPanel.stories.tsx[2m > [22m[2mDeveloper Onboarding
[22m[39m[Mock Data] File.observeQuery() called with filter: undefined
[90mstdout[2m | .storybook/components/OnboardingPanel.stories.tsx[2m > [22m[2mDeveloper Onboarding
[22m[39m[Mock Data] File.observeQuery() returning 6 items (filter applied) undefined
[90mstdout[2m | .storybook/components/OnboardingPanel.stories.tsx[2m > [22m[2mDeveloper Onboarding
[22m[39m[Mock Data] File subscription added. Total subscriptions: 1
[90mstdout[2m | .storybook/components/OnboardingPanel.stories.tsx[2m > [22m[2mDeveloper Onboarding
[22m[39m[Mock Data] generateClient() called - returning mock client
[90mstdout[2m | .storybook/components/OnboardingPanel.stories.tsx[2m > [22m[2mDeveloper Onboarding
[22m[39m[Mock amplifyClient] getAmplifyClient() called - returning mock client
[90mstdout[2m | .storybook/components/OnboardingPanel.stories.tsx[2m > [22m[2mDeveloper Onboarding
[22m[39m[Mock Data] Document.observeQuery() called with filter: undefined
[90mstdout[2m | .storybook/components/OnboardingPanel.stories.tsx[2m > [22m[2mDeveloper Onboarding
[22m[39m[Mock Data] Document.observeQuery() returning 0 items (filter applied) undefined
[90mstdout[2m | .storybook/components/OnboardingPanel.stories.tsx[2m > [22m[2mDeveloper Onboarding
[22m[39m[Mock Data] Document subscription added. Total subscriptions: 1
[90mstdout[2m | .storybook/components/OnboardingPanel.stories.tsx[2m > [22m[2mDeveloper Onboarding
[22m[39m[SectionContext] Initial sections: 0 []
[90mstdout[2m | .storybook/components/OnboardingPanel.stories.tsx[2m > [22m[2mDeveloper Onboarding
[22m[39m[Mock Data] Section.onCreate() called with filter: undefined
[90mstdout[2m | .storybook/components/OnboardingPanel.stories.tsx[2m > [22m[2mDeveloper Onboarding
[22m[39m[Mock Data] Section.onCreate() subscription added. Total: 1
[90mstdout[2m | .storybook/components/OnboardingPanel.stories.tsx[2m > [22m[2mDeveloper Onboarding
[22m[39m[Mock Data] Section.onUpdate() called with filter: undefined
[90mstdout[2m | .storybook/components/OnboardingPanel.stories.tsx[2m > [22m[2mDeveloper Onboarding
[22m[39m[Mock Data] Section.onUpdate() subscription added. Total: 1
[90mstdout[2m | .storybook/components/OnboardingPanel.stories.tsx[2m > [22m[2mDeveloper Onboarding
[22m[39m[Mock Data] Section.onDelete() called with filter: undefined
[90mstdout[2m | .storybook/components/OnboardingPanel.stories.tsx[2m > [22m[2mDeveloper Onboarding
[22m[39m[Mock Data] Section.onDelete() subscription added. Total: 1
[90mstdout[2m | .storybook/components/OnboardingPanel.stories.tsx[2m > [22m[2mDeveloper Onboarding
[22m[39m[Mock Data] Assignment.onCreate() called with filter: {
  "filter": {
    "unitID": {
      "eq": "mock-unit-id",
    },
  },
}
[90mstdout[2m | .storybook/components/OnboardingPanel.stories.tsx[2m > [22m[2mDeveloper Onboarding
[22m[39m[Mock Data] Assignment.onCreate() subscription added. Total: 1
[90mstdout[2m | .storybook/components/OnboardingPanel.stories.tsx[2m > [22m[2mDeveloper Onboarding
[22m[39m[Mock Data] Assignment.onUpdate() called with filter: {
  "filter": {
    "unitID": {
      "eq": "mock-unit-id",
    },
  },
}
[90mstdout[2m | .storybook/components/OnboardingPanel.stories.tsx[2m > [22m[2mDeveloper Onboarding
[22m[39m[Mock Data] Assignment.onUpdate() subscription added. Total: 1
[90mstdout[2m | .storybook/components/OnboardingPanel.stories.tsx[2m > [22m[2mDeveloper Onboarding
[22m[39m[Mock Data] Assignment.onDelete() called with filter: {
  "filter": {
    "unitID": {
      "eq": "mock-unit-id",
    },
  },
}
[90mstdout[2m | .storybook/components/OnboardingPanel.stories.tsx[2m > [22m[2mDeveloper Onboarding
[22m[39m[Mock Data] Assignment.onDelete() subscription added. Total: 1
[90mstdout[2m | .storybook/components/OnboardingPanel.stories.tsx[2m > [22m[2mDeveloper Onboarding
[22m[39m[FilesContext] File observeQuery subscription triggered:
[90mstdout[2m | .storybook/components/OnboardingPanel.stories.tsx[2m > [22m[2mDeveloper Onboarding
[22m[39m  - items.length: 6
[90mstdout[2m | .storybook/components/OnboardingPanel.stories.tsx[2m > [22m[2mDeveloper Onboarding
[22m[39m  - isSynced: true
[90mstdout[2m | .storybook/components/OnboardingPanel.stories.tsx[2m > [22m[2mDeveloper Onboarding
[22m[39m  - items: [
  {
    "_deleted": null,
    "_lastChangedAt": 1767711773285,
    "_version": 1,
    "byHex": null,
    "createdAt": "2026-01-06T15:02:53.253Z",
    "description": "Japanese language textbook - Chapter 1",
    "document": Promise {},
    "documentID": "e01017e1-fe7a-4521-b71c-09ec31b18639",
    "duration": null,
    "embedding": null,
    "generated": null,
    "hex": null,
    "id": "a57d7833-5fa7-4cb7-8b7a-ce7c6e10e551",
    "identityId": "us-east-1:b0eadde9-f02c-c71b-17a6-22ffd37d89c8",
    "key": "files/Japanese Wind 1.pdf",
    "level": "protected",
    "mimeType": "application/pdf",
    "model": null,
    "name": "Japanese Wind 1.pdf",
    "owner": "64d81418-7021-701d-9fed-a4c2e0735711",
    "parsedContent": [Function anonymous],
    "parsedContentID": null,
    "path": "files/Japanese Wind 1.pdf",
    "prompt": null,
    "size": 4706654,
    "thumbnail": null,
    "type": "pdf",
    "updatedAt": "2026-01-06T15:02:53.253Z",
    "variant": null,
    "waveformData": null,
  },
  {
    "_version": 2,
    "createdAt": "2026-01-15T10:00:00.000Z",
    "description": "Sample report with vocabulary",
    "document": Promise {},
    "documentID": "cd824b5b-2c66-41f8-8571-aa6794ff590c",
    "generated": false,
    "id": "mock-pdf-file-2",
    "identityId": "us-east-1:mock-identity",
    "key": "files/report.pdf",
    "level": "protected",
    "mimeType": "application/pdf",
    "name": "report.pdf",
    "owner": "mock-user-id",
    "parsedContent": [Function anonymous],
    "path": "files/report.pdf",
    "size": 123456,
    "type": "pdf",
    "updatedAt": "2026-01-15T10:30:00.000Z",
  },
  {
    "_version": 3,
    "createdAt": "2026-01-14T08:00:00.000Z",
    "description": "Vocabulary lesson PDF with extracted content",
    "document": Promise {},
    "documentID": "mock-document-3",
    "generated": false,
    "id": "mock-pdf-file-3",
    "identityId": "us-east-1:mock-identity",
    "key": "files/vocabulary-lesson.pdf",
    "level": "public",
    "mimeType": "application/pdf",
    "name": "vocabulary-lesson.pdf",
    "owner": "mock-user-id",
    "parsedContent": [Function anonymous],
    "path": "files/vocabulary-lesson.pdf",
    "size": 567890,
    "type": "pdf",
    "updatedAt": "2026-01-14T08:45:00.000Z",
  },
  {
    "_version": 1,
    "createdAt": "2026-01-20T10:00:00.000Z",
    "description": "Sample pronunciation audio",
    "documentID": null,
    "duration": 3.5,
    "generated": true,
    "id": "mock-audio-file-1",
    "identityId": "us-east-1:mock-identity",
    "key": "audio/pronunciation-demo.mp3",
    "level": "public",
    "mimeType": "audio/mpeg",
    "name": "pronunciation-demo.mp3",
    "owner": "mock-user-id",
    "parsedContent": [Function anonymous],
    "path": "audio/pronunciation-demo.mp3",
    "size": 56789,
    "type": "audio",
    "updatedAt": "2026-01-20T10:00:00.000Z",
    "waveformData": "[0.1, 0.3, 0.5, 0.7, 0.9, 0.7, 0.5, 0.3, 0.1]",
  },
  {
    "_version": 1,
    "createdAt": "2026-01-19T14:30:00.000Z",
    "description": "Lesson introduction audio",
    "documentID": null,
    "duration": 5.2,
    "generated": false,
    "id": "mock-audio-file-2",
    "identityId": "us-east-1:mock-identity",
    "key": "audio/lesson-intro.mp3",
    "level": "public",
    "mimeType": "audio/mpeg",
    "name": "lesson-intro.mp3",
    "owner": "mock-user-id",
    "parsedContent": [Function anonymous],
    "path": "audio/lesson-intro.mp3",
    "size": 87654,
    "type": "audio",
    "updatedAt": "2026-01-19T14:30:00.000Z",
    "waveformData": "[0.2, 0.4, 0.6, 0.8, 1.0, 0.8, 0.6, 0.4, 0.2]",
  },
  {
    "_version": 1,
    "createdAt": "2026-01-18T09:15:00.000Z",
    "description": "Hiragana character chart",
    "documentID": null,
    "generated": false,
    "id": "mock-image-file-1",
    "identityId": "us-east-1:mock-identity",
    "key": "images/hiragana-chart.png",
    "level": "public",
    "mimeType": "image/png",
    "name": "hiragana-chart.png",
    "owner": "mock-user-id",
    "parsedContent": [Function anonymous],
    "path": "images/hiragana-chart.png",
    "size": 234567,
    "thumbnail": "thumbnails/hiragana-chart-thumb.png",
    "type": "image",
    "updatedAt": "2026-01-18T09:15:00.000Z",
  },
]
[90mstdout[2m | .storybook/components/OnboardingPanel.stories.tsx[2m > [22m[2mDeveloper Onboarding
[22m[39m[FilesContext] Files count changed: 0 → 6
[90mstdout[2m | .storybook/components/OnboardingPanel.stories.tsx[2m > [22m[2mDeveloper Onboarding
[22m[39m[MOCK CourseVectorStore] Initialized with mock data
[90mstdout[2m | .storybook/components/OnboardingPanel.stories.tsx[2m > [22m[2mDeveloper Onboarding
[22m[39m[MOCK CourseVectorStore] Initialized with mock data
[90mstdout[2m | .storybook/components/OnboardingPanel.stories.tsx[2m > [22m[2mDeveloper Onboarding
[22m[39m[FilesContext] Vector store population triggered {
  "currentVectorStoreSize": 3,
  "documentsCount": 0,
  "filesCount": 6,
  "isInitialLoad": true,
}
[90mstdout[2m | .storybook/components/OnboardingPanel.stories.tsx[2m > [22m[2mDeveloper Onboarding
[22m[39m[FilesContext] Vector store population complete - 3 total embeddings
[90mstdout[2m | .storybook/components/OnboardingPanel.stories.tsx[2m > [22m[2mDeveloper Onboarding
[22m[39m[MOCK CourseVectorStore] Initialized with mock data
 [32m✓[39m [30m[45m storybook (chromium) [49m[39m .storybook/components/OnboardingPanel.stories.tsx [2m([22m[2m5 tests[22m[2m)[22m[33m 677[2mms[22m[39m
 [32m✓[39m [30m[42m unit [49m[39m .github/skills/mock-data-validator/mock-data-validator.test.ts [2m([22m[2m15 tests[22m[2m)[22m[32m 72[2mms[22m[39m
[90mstdout[2m | .storybook/components/SpotlightOverlay.stories.tsx[2m > [22m[2mTutorial Mode
[22m[39m[Mock Data] File subscription unsubscribed. Remaining: 0
[90mstdout[2m | .storybook/components/SpotlightOverlay.stories.tsx[2m > [22m[2mTutorial Mode
[22m[39m[Mock Data] Document subscription unsubscribed. Remaining: 0
[90mstdout[2m | .storybook/components/SpotlightOverlay.stories.tsx[2m > [22m[2mTutorial Mode
[22m[39m[Mock Data] Word subscription unsubscribed. Remaining: 0
[90mstdout[2m | .storybook/components/SpotlightOverlay.stories.tsx[2m > [22m[2mTutorial Mode
[22m[39m[Mock Data] Question subscription unsubscribed. Remaining: 0
[90mstdout[2m | .storybook/components/SpotlightOverlay.stories.tsx[2m > [22m[2mTutorial Mode
[22m[39m[Mock Data] Grade subscription unsubscribed. Remaining: 0
[90mstdout[2m | .storybook/components/SpotlightOverlay.stories.tsx[2m > [22m[2mTutorial Mode
[22m[39m[Mock Data] Unit subscription unsubscribed. Remaining: 0
[90mstdout[2m | .storybook/components/SpotlightOverlay.stories.tsx[2m > [22m[2mTutorial Mode
[22m[39m[SectionContext] Cleaning up subscriptions
[90mstdout[2m | .storybook/components/SpotlightOverlay.stories.tsx[2m > [22m[2mTutorial Mode
[22m[39m[Mock Data] Section.onCreate() subscription removed. Remaining: 0
[90mstdout[2m | .storybook/components/SpotlightOverlay.stories.tsx[2m > [22m[2mTutorial Mode
[22m[39m[Mock Data] Section.onUpdate() subscription removed. Remaining: 0
[90mstdout[2m | .storybook/components/SpotlightOverlay.stories.tsx[2m > [22m[2mTutorial Mode
[22m[39m[Mock Data] Section.onDelete() subscription removed. Remaining: 0
[90mstdout[2m | .storybook/components/SpotlightOverlay.stories.tsx[2m > [22m[2mTutorial Mode
[22m[39m[Mock Data] Assignment.onCreate() subscription removed. Remaining: 0
[90mstdout[2m | .storybook/components/SpotlightOverlay.stories.tsx[2m > [22m[2mTutorial Mode
[22m[39m[Mock Data] Assignment.onUpdate() subscription removed. Remaining: 0
[90mstdout[2m | .storybook/components/SpotlightOverlay.stories.tsx[2m > [22m[2mTutorial Mode
[22m[39m[Mock Data] Assignment.onDelete() subscription removed. Remaining: 0
[90mstdout[2m | .storybook/components/SpotlightOverlay.stories.tsx[2m > [22m[2mTutorial Mode
[22m[39m[Mock Data] Clearing all data stores
[90mstdout[2m | .storybook/components/SpotlightOverlay.stories.tsx[2m > [22m[2mTutorial Mode
[22m[39m[Mock Data] All data stores cleared
[90mstdout[2m | .storybook/components/SpotlightOverlay.stories.tsx[2m > [22m[2mTutorial Mode
[22m[39m[Preview] Cleared mock data for story
[90mstdout[2m | .storybook/components/SpotlightOverlay.stories.tsx[2m > [22m[2mTutorial Mode
[22m[39m[Mock Data Gen 2] Initializing mock data
[90mstdout[2m | .storybook/components/SpotlightOverlay.stories.tsx[2m > [22m[2mTutorial Mode
[22m[39m[Mock Data] seedMockAssistantChats: Replacing with 1 assistant chats
[90mstdout[2m | .storybook/components/SpotlightOverlay.stories.tsx[2m > [22m[2mTutorial Mode
[22m[39m[Mock Data Gen 2] Seeded AssistantChat: mock-assistant-chat-1
[90mstdout[2m | .storybook/components/SpotlightOverlay.stories.tsx[2m > [22m[2mTutorial Mode
[22m[39m[Mock Data] seedMockFiles: Adding 6 files
[90mstdout[2m | .storybook/components/SpotlightOverlay.stories.tsx[2m > [22m[2mTutorial Mode
[22m[39m[Mock Data Gen 2] Seeded Files: 6
[90mstdout[2m | .storybook/components/SpotlightOverlay.stories.tsx[2m > [22m[2mTutorial Mode
[22m[39m[Mock Data Gen 2] Initializing mock data
[90mstdout[2m | .storybook/components/SpotlightOverlay.stories.tsx[2m > [22m[2mTutorial Mode
[22m[39m[Mock Data] seedMockAssistantChats: Replacing with 1 assistant chats
[90mstdout[2m | .storybook/components/SpotlightOverlay.stories.tsx[2m > [22m[2mTutorial Mode
[22m[39m[Mock Data Gen 2] Seeded AssistantChat: mock-assistant-chat-1
[90mstdout[2m | .storybook/components/SpotlightOverlay.stories.tsx[2m > [22m[2mTutorial Mode
[22m[39m[Mock Data] seedMockFiles: Adding 6 files
[90mstdout[2m | .storybook/components/SpotlightOverlay.stories.tsx[2m > [22m[2mTutorial Mode
[22m[39m[Mock Data Gen 2] Seeded Files: 6
[90mstdout[2m | .storybook/components/SpotlightOverlay.stories.tsx[2m > [22m[2mTutorial Mode
[22m[39m[Preview] Initialized default mock data for story
[90mstdout[2m | .storybook/components/SpotlightOverlay.stories.tsx[2m > [22m[2mTutorial Mode
[22m[39m[Mock AuthContext] Providing auth: {
  "error": undefined,
  "isLoading": false,
  "session": {
    "idToken": {
      "toString": [Function toString],
    },
    "identityId": "us-east-1:mock-identity-123",
    "username": "mock-user-sub",
  },
  "user": {
    "attributes": {
      "email": "alice@example.com",
      "name": "Alice Student",
      "sub": "mock-user-sub",
    },
  },
}
[90mstdout[2m | .storybook/components/SpotlightOverlay.stories.tsx[2m > [22m[2mTutorial Mode
[22m[39m[MOCK CourseVectorStore] Initialized with mock data
[90mstdout[2m | .storybook/components/SpotlightOverlay.stories.tsx[2m > [22m[2mTutorial Mode
[22m[39m[TranslationModeController] Setting mode to: off
[90mstdout[2m | .storybook/components/SpotlightOverlay.stories.tsx[2m > [22m[2mTutorial Mode
[22m[39m[SectionContext] useEffect triggered {
  "authLoading": false,
  "hasUser": true,
  "userSub": "mock-user-sub",
}
[90mstdout[2m | .storybook/components/SpotlightOverlay.stories.tsx[2m > [22m[2mTutorial Mode
[22m[39m[SectionContext] Fetching sections for userId: mock-user-sub
[90mstdout[2m | .storybook/components/SpotlightOverlay.stories.tsx[2m > [22m[2mTutorial Mode
[22m[39m[Mock Data] generateClient() called - returning mock client
[90mstdout[2m | .storybook/components/SpotlightOverlay.stories.tsx[2m > [22m[2mTutorial Mode
[22m[39m[Mock amplifyClient] getAmplifyClient() called - returning mock client
[90mstdout[2m | .storybook/components/SpotlightOverlay.stories.tsx[2m > [22m[2mTutorial Mode
[22m[39m[Mock Data] Section.list() called with options: undefined
[90mstdout[2m | .storybook/components/SpotlightOverlay.stories.tsx[2m > [22m[2mTutorial Mode
[22m[39m[Mock Data] generateClient() called - returning mock client
[90mstdout[2m | .storybook/components/SpotlightOverlay.stories.tsx[2m > [22m[2mTutorial Mode
[22m[39m[Mock amplifyClient] getAmplifyClient() called - returning mock client
[90mstdout[2m | .storybook/components/SpotlightOverlay.stories.tsx[2m > [22m[2mTutorial Mode
[22m[39m[Mock Data] Assignment.list() called with options: {
  "filter": {
    "unitID": {
      "eq": "mock-unit-id",
    },
  },
}
[90mstdout[2m | .storybook/components/SpotlightOverlay.stories.tsx[2m > [22m[2mTutorial Mode
[22m[39m[Mock Data] generateClient() called - returning mock client
[90mstdout[2m | .storybook/components/SpotlightOverlay.stories.tsx[2m > [22m[2mTutorial Mode
[22m[39m[Mock amplifyClient] getAmplifyClient() called - returning mock client
[90mstdout[2m | .storybook/components/SpotlightOverlay.stories.tsx[2m > [22m[2mTutorial Mode
[22m[39m[Mock Data] Grade.observeQuery() called with filter: {
  "filter": {
    "unitID": {
      "eq": "mock-unit-id",
    },
  },
}
[90mstdout[2m | .storybook/components/SpotlightOverlay.stories.tsx[2m > [22m[2mTutorial Mode
[22m[39m[Mock Data] Grade.observeQuery() applying filter: {
  "unitID": {
    "eq": "mock-unit-id",
  },
}
[90mstdout[2m | .storybook/components/SpotlightOverlay.stories.tsx[2m > [22m[2mTutorial Mode
[22m[39m[Mock Data] Grade.observeQuery() items before filter: 0
[90mstdout[2m | .storybook/components/SpotlightOverlay.stories.tsx[2m > [22m[2mTutorial Mode
[22m[39m[Mock Data] Grade.observeQuery() items after filter: 0
[90mstdout[2m | .storybook/components/SpotlightOverlay.stories.tsx[2m > [22m[2mTutorial Mode
[22m[39m[Mock Data] Grade.observeQuery() returning 0 items (filter applied) {
  "filter": {
    "unitID": {
      "eq": "mock-unit-id",
    },
  },
}
[90mstdout[2m | .storybook/components/SpotlightOverlay.stories.tsx[2m > [22m[2mTutorial Mode
[22m[39m[Mock Data] Grade subscription added. Total subscriptions: 1
[90mstdout[2m | .storybook/components/SpotlightOverlay.stories.tsx[2m > [22m[2mTutorial Mode
[22m[39m[UnitContext] useEffect triggered {
  "authLoading": false,
  "hasUser": true,
  "id": "mock-unit-id",
  "userSub": "mock-user-sub",
}
[90mstdout[2m | .storybook/components/SpotlightOverlay.stories.tsx[2m > [22m[2mTutorial Mode
[22m[39m[UnitContext] Fetching unit data for id: mock-unit-id
[90mstdout[2m | .storybook/components/SpotlightOverlay.stories.tsx[2m > [22m[2mTutorial Mode
[22m[39m[Mock Data] generateClient() called - returning mock client
[90mstdout[2m | .storybook/components/SpotlightOverlay.stories.tsx[2m > [22m[2mTutorial Mode
[22m[39m[Mock amplifyClient] getAmplifyClient() called - returning mock client
[90mstdout[2m | .storybook/components/SpotlightOverlay.stories.tsx[2m > [22m[2mTutorial Mode
[22m[39m[Mock Data] Unit.observeQuery() called with filter: {
  "filter": {
    "id": {
      "eq": "mock-unit-id",
    },
  },
}
[90mstdout[2m | .storybook/components/SpotlightOverlay.stories.tsx[2m > [22m[2mTutorial Mode
[22m[39m[Mock Data] Unit.observeQuery() applying filter: {
  "id": {
    "eq": "mock-unit-id",
  },
}
[90mstdout[2m | .storybook/components/SpotlightOverlay.stories.tsx[2m > [22m[2mTutorial Mode
[22m[39m[Mock Data] Unit.observeQuery() items before filter: 0
[90mstdout[2m | .storybook/components/SpotlightOverlay.stories.tsx[2m > [22m[2mTutorial Mode
[22m[39m[Mock Data] Unit.observeQuery() items after filter: 0
[90mstdout[2m | .storybook/components/SpotlightOverlay.stories.tsx[2m > [22m[2mTutorial Mode
[22m[39m[Mock Data] Unit.observeQuery() returning 0 items (filter applied) {
  "filter": {
    "id": {
      "eq": "mock-unit-id",
    },
  },
}
[90mstdout[2m | .storybook/components/SpotlightOverlay.stories.tsx[2m > [22m[2mTutorial Mode
[22m[39m[Mock Data] Unit subscription added. Total subscriptions: 1
[90mstdout[2m | .storybook/components/SpotlightOverlay.stories.tsx[2m > [22m[2mTutorial Mode
[22m[39m[Mock Data] generateClient() called - returning mock client
[90mstdout[2m | .storybook/components/SpotlightOverlay.stories.tsx[2m > [22m[2mTutorial Mode
[22m[39m[Mock amplifyClient] getAmplifyClient() called - returning mock client
[90mstdout[2m | .storybook/components/SpotlightOverlay.stories.tsx[2m > [22m[2mTutorial Mode
[22m[39m[Mock Data] Word.observeQuery() called with filter: undefined
[90mstdout[2m | .storybook/components/SpotlightOverlay.stories.tsx[2m > [22m[2mTutorial Mode
[22m[39m[Mock Data] Word.observeQuery() returning 0 items (filter applied) undefined
[90mstdout[2m | .storybook/components/SpotlightOverlay.stories.tsx[2m > [22m[2mTutorial Mode
[22m[39m[Mock Data] Word subscription added. Total subscriptions: 1
[90mstdout[2m | .storybook/components/SpotlightOverlay.stories.tsx[2m > [22m[2mTutorial Mode
[22m[39m[Mock Data] generateClient() called - returning mock client
[90mstdout[2m | .storybook/components/SpotlightOverlay.stories.tsx[2m > [22m[2mTutorial Mode
[22m[39m[Mock amplifyClient] getAmplifyClient() called - returning mock client
[90mstdout[2m | .storybook/components/SpotlightOverlay.stories.tsx[2m > [22m[2mTutorial Mode
[22m[39m[Mock Data] Question.observeQuery() called with filter: undefined
[90mstdout[2m | .storybook/components/SpotlightOverlay.stories.tsx[2m > [22m[2mTutorial Mode
[22m[39m[Mock Data] Question.observeQuery() returning 0 items (filter applied) undefined
[90mstdout[2m | .storybook/components/SpotlightOverlay.stories.tsx[2m > [22m[2mTutorial Mode
[22m[39m[Mock Data] Question subscription added. Total subscriptions: 1
[90mstdout[2m | .storybook/components/SpotlightOverlay.stories.tsx[2m > [22m[2mTutorial Mode
[22m[39m[FilesContext] Initializing vector store from IndexedDB
[90mstdout[2m | .storybook/components/SpotlightOverlay.stories.tsx[2m > [22m[2mTutorial Mode
[22m[39m[FilesContext] fetchFiles called
[90mstdout[2m | .storybook/components/SpotlightOverlay.stories.tsx[2m > [22m[2mTutorial Mode
[22m[39m[FilesContext] User authenticated: mock-user-sub
[90mstdout[2m | .storybook/components/SpotlightOverlay.stories.tsx[2m > [22m[2mTutorial Mode
[22m[39m[FilesContext] Identity ID: us-east-1:mock-identity-123
[90mstdout[2m | .storybook/components/SpotlightOverlay.stories.tsx[2m > [22m[2mTutorial Mode
[22m[39m[FilesContext] About to subscribe to File model
[90mstdout[2m | .storybook/components/SpotlightOverlay.stories.tsx[2m > [22m[2mTutorial Mode
[22m[39m[Mock Data] generateClient() called - returning mock client
[90mstdout[2m | .storybook/components/SpotlightOverlay.stories.tsx[2m > [22m[2mTutorial Mode
[22m[39m[Mock amplifyClient] getAmplifyClient() called - returning mock client
[90mstdout[2m | .storybook/components/SpotlightOverlay.stories.tsx[2m > [22m[2mTutorial Mode
[22m[39m[Mock Data] File.observeQuery() called with filter: undefined
[90mstdout[2m | .storybook/components/SpotlightOverlay.stories.tsx[2m > [22m[2mTutorial Mode
[22m[39m[Mock Data] File.observeQuery() returning 6 items (filter applied) undefined
[90mstdout[2m | .storybook/components/SpotlightOverlay.stories.tsx[2m > [22m[2mTutorial Mode
[22m[39m[Mock Data] File subscription added. Total subscriptions: 1
[90mstdout[2m | .storybook/components/SpotlightOverlay.stories.tsx[2m > [22m[2mTutorial Mode
[22m[39m[Mock Data] generateClient() called - returning mock client
[90mstdout[2m | .storybook/components/SpotlightOverlay.stories.tsx[2m > [22m[2mTutorial Mode
[22m[39m[Mock amplifyClient] getAmplifyClient() called - returning mock client
[90mstdout[2m | .storybook/components/SpotlightOverlay.stories.tsx[2m > [22m[2mTutorial Mode
[22m[39m[Mock Data] Document.observeQuery() called with filter: undefined
[90mstdout[2m | .storybook/components/SpotlightOverlay.stories.tsx[2m > [22m[2mTutorial Mode
[22m[39m[Mock Data] Document.observeQuery() returning 0 items (filter applied) undefined
[90mstdout[2m | .storybook/components/SpotlightOverlay.stories.tsx[2m > [22m[2mTutorial Mode
[22m[39m[Mock Data] Document subscription added. Total subscriptions: 1
[90mstdout[2m | .storybook/components/SpotlightOverlay.stories.tsx[2m > [22m[2mTutorial Mode
[22m[39m[SectionContext] Initial sections: 0 []
[90mstdout[2m | .storybook/components/SpotlightOverlay.stories.tsx[2m > [22m[2mTutorial Mode
[22m[39m[Mock Data] Section.onCreate() called with filter: undefined
[90mstdout[2m | .storybook/components/SpotlightOverlay.stories.tsx[2m > [22m[2mTutorial Mode
[22m[39m[Mock Data] Section.onCreate() subscription added. Total: 1
[90mstdout[2m | .storybook/components/SpotlightOverlay.stories.tsx[2m > [22m[2mTutorial Mode
[22m[39m[Mock Data] Section.onUpdate() called with filter: undefined
[90mstdout[2m | .storybook/components/SpotlightOverlay.stories.tsx[2m > [22m[2mTutorial Mode
[22m[39m[Mock Data] Section.onUpdate() subscription added. Total: 1
[90mstdout[2m | .storybook/components/SpotlightOverlay.stories.tsx[2m > [22m[2mTutorial Mode
[22m[39m[Mock Data] Section.onDelete() called with filter: undefined
[90mstdout[2m | .storybook/components/SpotlightOverlay.stories.tsx[2m > [22m[2mTutorial Mode
[22m[39m[Mock Data] Section.onDelete() subscription added. Total: 1
[90mstdout[2m | .storybook/components/SpotlightOverlay.stories.tsx[2m > [22m[2mTutorial Mode
[22m[39m[Mock Data] Assignment.onCreate() called with filter: {
  "filter": {
    "unitID": {
      "eq": "mock-unit-id",
    },
  },
}
[90mstdout[2m | .storybook/components/SpotlightOverlay.stories.tsx[2m > [22m[2mTutorial Mode
[22m[39m[Mock Data] Assignment.onCreate() subscription added. Total: 1
[90mstdout[2m | .storybook/components/SpotlightOverlay.stories.tsx[2m > [22m[2mTutorial Mode
[22m[39m[Mock Data] Assignment.onUpdate() called with filter: {
  "filter": {
    "unitID": {
      "eq": "mock-unit-id",
    },
  },
}
[90mstdout[2m | .storybook/components/SpotlightOverlay.stories.tsx[2m > [22m[2mTutorial Mode
[22m[39m[Mock Data] Assignment.onUpdate() subscription added. Total: 1
[90mstdout[2m | .storybook/components/SpotlightOverlay.stories.tsx[2m > [22m[2mTutorial Mode
[22m[39m[Mock Data] Assignment.onDelete() called with filter: {
  "filter": {
    "unitID": {
      "eq": "mock-unit-id",
    },
  },
}
[90mstdout[2m | .storybook/components/SpotlightOverlay.stories.tsx[2m > [22m[2mTutorial Mode
[22m[39m[Mock Data] Assignment.onDelete() subscription added. Total: 1
[90mstdout[2m | .storybook/components/SpotlightOverlay.stories.tsx[2m > [22m[2mTutorial Mode
[22m[39m[FilesContext] File observeQuery subscription triggered:
[90mstdout[2m | .storybook/components/SpotlightOverlay.stories.tsx[2m > [22m[2mTutorial Mode
[22m[39m  - items.length: 6
[90mstdout[2m | .storybook/components/SpotlightOverlay.stories.tsx[2m > [22m[2mTutorial Mode
[22m[39m  - isSynced: true
[90mstdout[2m | .storybook/components/SpotlightOverlay.stories.tsx[2m > [22m[2mTutorial Mode
[22m[39m  - items: [
  {
    "_deleted": null,
    "_lastChangedAt": 1767711773285,
    "_version": 1,
    "byHex": null,
    "createdAt": "2026-01-06T15:02:53.253Z",
    "description": "Japanese language textbook - Chapter 1",
    "document": Promise {},
    "documentID": "e01017e1-fe7a-4521-b71c-09ec31b18639",
    "duration": null,
    "embedding": null,
    "generated": null,
    "hex": null,
    "id": "a57d7833-5fa7-4cb7-8b7a-ce7c6e10e551",
    "identityId": "us-east-1:b0eadde9-f02c-c71b-17a6-22ffd37d89c8",
    "key": "files/Japanese Wind 1.pdf",
    "level": "protected",
    "mimeType": "application/pdf",
    "model": null,
    "name": "Japanese Wind 1.pdf",
    "owner": "64d81418-7021-701d-9fed-a4c2e0735711",
    "parsedContent": [Function anonymous],
    "parsedContentID": null,
    "path": "files/Japanese Wind 1.pdf",
    "prompt": null,
    "size": 4706654,
    "thumbnail": null,
    "type": "pdf",
    "updatedAt": "2026-01-06T15:02:53.253Z",
    "variant": null,
    "waveformData": null,
  },
  {
    "_version": 2,
    "createdAt": "2026-01-15T10:00:00.000Z",
    "description": "Sample report with vocabulary",
    "document": Promise {},
    "documentID": "cd824b5b-2c66-41f8-8571-aa6794ff590c",
    "generated": false,
    "id": "mock-pdf-file-2",
    "identityId": "us-east-1:mock-identity",
    "key": "files/report.pdf",
    "level": "protected",
    "mimeType": "application/pdf",
    "name": "report.pdf",
    "owner": "mock-user-id",
    "parsedContent": [Function anonymous],
    "path": "files/report.pdf",
    "size": 123456,
    "type": "pdf",
    "updatedAt": "2026-01-15T10:30:00.000Z",
  },
  {
    "_version": 3,
    "createdAt": "2026-01-14T08:00:00.000Z",
    "description": "Vocabulary lesson PDF with extracted content",
    "document": Promise {},
    "documentID": "mock-document-3",
    "generated": false,
    "id": "mock-pdf-file-3",
    "identityId": "us-east-1:mock-identity",
    "key": "files/vocabulary-lesson.pdf",
    "level": "public",
    "mimeType": "application/pdf",
    "name": "vocabulary-lesson.pdf",
    "owner": "mock-user-id",
    "parsedContent": [Function anonymous],
    "path": "files/vocabulary-lesson.pdf",
    "size": 567890,
    "type": "pdf",
    "updatedAt": "2026-01-14T08:45:00.000Z",
  },
  {
    "_version": 1,
    "createdAt": "2026-01-20T10:00:00.000Z",
    "description": "Sample pronunciation audio",
    "documentID": null,
    "duration": 3.5,
    "generated": true,
    "id": "mock-audio-file-1",
    "identityId": "us-east-1:mock-identity",
    "key": "audio/pronunciation-demo.mp3",
    "level": "public",
    "mimeType": "audio/mpeg",
    "name": "pronunciation-demo.mp3",
    "owner": "mock-user-id",
    "parsedContent": [Function anonymous],
    "path": "audio/pronunciation-demo.mp3",
    "size": 56789,
    "type": "audio",
    "updatedAt": "2026-01-20T10:00:00.000Z",
    "waveformData": "[0.1, 0.3, 0.5, 0.7, 0.9, 0.7, 0.5, 0.3, 0.1]",
  },
  {
    "_version": 1,
    "createdAt": "2026-01-19T14:30:00.000Z",
    "description": "Lesson introduction audio",
    "documentID": null,
    "duration": 5.2,
    "generated": false,
    "id": "mock-audio-file-2",
    "identityId": "us-east-1:mock-identity",
    "key": "audio/lesson-intro.mp3",
    "level": "public",
    "mimeType": "audio/mpeg",
    "name": "lesson-intro.mp3",
    "owner": "mock-user-id",
    "parsedContent": [Function anonymous],
    "path": "audio/lesson-intro.mp3",
    "size": 87654,
    "type": "audio",
    "updatedAt": "2026-01-19T14:30:00.000Z",
    "waveformData": "[0.2, 0.4, 0.6, 0.8, 1.0, 0.8, 0.6, 0.4, 0.2]",
  },
  {
    "_version": 1,
    "createdAt": "2026-01-18T09:15:00.000Z",
    "description": "Hiragana character chart",
    "documentID": null,
    "generated": false,
    "id": "mock-image-file-1",
    "identityId": "us-east-1:mock-identity",
    "key": "images/hiragana-chart.png",
    "level": "public",
    "mimeType": "image/png",
    "name": "hiragana-chart.png",
    "owner": "mock-user-id",
    "parsedContent": [Function anonymous],
    "path": "images/hiragana-chart.png",
    "size": 234567,
    "thumbnail": "thumbnails/hiragana-chart-thumb.png",
    "type": "image",
    "updatedAt": "2026-01-18T09:15:00.000Z",
  },
]
[90mstdout[2m | .storybook/components/SpotlightOverlay.stories.tsx[2m > [22m[2mTutorial Mode
[22m[39m[FilesContext] Files count changed: 0 → 6
[90mstdout[2m | .storybook/components/SpotlightOverlay.stories.tsx[2m > [22m[2mTutorial Mode
[22m[39m[MOCK CourseVectorStore] Initialized with mock data
[90mstdout[2m | .storybook/components/SpotlightOverlay.stories.tsx[2m > [22m[2mTutorial Mode
[22m[39m[MOCK CourseVectorStore] Initialized with mock data
[90mstdout[2m | .github/skills/component-versioning/component-versioning.test.ts
[22m[39m✓ Loaded .env.test

[90mstdout[2m | amplify/functions/__tests__/suggestBlocksStream.integration.test.ts
[22m[39m✓ Loaded .env.test

[90mstdout[2m | src/utils/debug/__tests__/ComponentTreeStore.test.ts
[22m[39m✓ Loaded .env.test

[90mstdout[2m | .storybook/components/SpotlightOverlay.stories.tsx[2m > [22m[2mTutorial Mode
[22m[39m[FilesContext] Vector store population triggered {
  "currentVectorStoreSize": 3,
  "documentsCount": 0,
  "filesCount": 6,
  "isInitialLoad": true,
}
[90mstdout[2m | .storybook/components/SpotlightOverlay.stories.tsx[2m > [22m[2mTutorial Mode
[22m[39m[FilesContext] Vector store population complete - 3 total embeddings
[90mstdout[2m | .storybook/components/SpotlightOverlay.stories.tsx[2m > [22m[2mTutorial Mode
[22m[39m[MOCK CourseVectorStore] Initialized with mock data
[90mstdout[2m | .storybook/components/SpotlightOverlay.stories.tsx[2m > [22m[2mQuiz Mode
[22m[39m[Mock Data] File subscription unsubscribed. Remaining: 0
[90mstdout[2m | .storybook/components/SpotlightOverlay.stories.tsx[2m > [22m[2mQuiz Mode
[22m[39m[Mock Data] Document subscription unsubscribed. Remaining: 0
[90mstdout[2m | .storybook/components/SpotlightOverlay.stories.tsx[2m > [22m[2mQuiz Mode
[22m[39m[Mock Data] Word subscription unsubscribed. Remaining: 0
[90mstdout[2m | .storybook/components/SpotlightOverlay.stories.tsx[2m > [22m[2mQuiz Mode
[22m[39m[Mock Data] Question subscription unsubscribed. Remaining: 0
[90mstdout[2m | .storybook/components/SpotlightOverlay.stories.tsx[2m > [22m[2mQuiz Mode
[22m[39m[Mock Data] Grade subscription unsubscribed. Remaining: 0
[90mstdout[2m | .storybook/components/SpotlightOverlay.stories.tsx[2m > [22m[2mQuiz Mode
[22m[39m[Mock Data] Unit subscription unsubscribed. Remaining: 0
[90mstdout[2m | .storybook/components/SpotlightOverlay.stories.tsx[2m > [22m[2mQuiz Mode
[22m[39m[SectionContext] Cleaning up subscriptions
[90mstdout[2m | .storybook/components/SpotlightOverlay.stories.tsx[2m > [22m[2mQuiz Mode
[22m[39m[Mock Data] Section.onCreate() subscription removed. Remaining: 0
[90mstdout[2m | .storybook/components/SpotlightOverlay.stories.tsx[2m > [22m[2mQuiz Mode
[22m[39m[Mock Data] Section.onUpdate() subscription removed. Remaining: 0
[90mstdout[2m | .storybook/components/SpotlightOverlay.stories.tsx[2m > [22m[2mQuiz Mode
[22m[39m[Mock Data] Section.onDelete() subscription removed. Remaining: 0
[90mstdout[2m | .storybook/components/SpotlightOverlay.stories.tsx[2m > [22m[2mQuiz Mode
[22m[39m[Mock Data] Assignment.onCreate() subscription removed. Remaining: 0
[90mstdout[2m | .storybook/components/SpotlightOverlay.stories.tsx[2m > [22m[2mQuiz Mode
[22m[39m[Mock Data] Assignment.onUpdate() subscription removed. Remaining: 0
[90mstdout[2m | .storybook/components/SpotlightOverlay.stories.tsx[2m > [22m[2mQuiz Mode
[22m[39m[Mock Data] Assignment.onDelete() subscription removed. Remaining: 0
[90mstdout[2m | .storybook/components/SpotlightOverlay.stories.tsx[2m > [22m[2mQuiz Mode
[22m[39m[Mock Data] Clearing all data stores
[90mstdout[2m | .storybook/components/SpotlightOverlay.stories.tsx[2m > [22m[2mQuiz Mode
[22m[39m[Mock Data] All data stores cleared
[90mstdout[2m | .storybook/components/SpotlightOverlay.stories.tsx[2m > [22m[2mQuiz Mode
[22m[39m[Preview] Cleared mock data for story
[90mstdout[2m | .storybook/components/SpotlightOverlay.stories.tsx[2m > [22m[2mQuiz Mode
[22m[39m[Mock Data Gen 2] Initializing mock data
[90mstdout[2m | .storybook/components/SpotlightOverlay.stories.tsx[2m > [22m[2mQuiz Mode
[22m[39m[Mock Data] seedMockAssistantChats: Replacing with 1 assistant chats
[90mstdout[2m | .storybook/components/SpotlightOverlay.stories.tsx[2m > [22m[2mQuiz Mode
[22m[39m[Mock Data Gen 2] Seeded AssistantChat: mock-assistant-chat-1
[90mstdout[2m | .storybook/components/SpotlightOverlay.stories.tsx[2m > [22m[2mQuiz Mode
[22m[39m[Mock Data] seedMockFiles: Adding 6 files
[90mstdout[2m | .storybook/components/SpotlightOverlay.stories.tsx[2m > [22m[2mQuiz Mode
[22m[39m[Mock Data Gen 2] Seeded Files: 6
[90mstdout[2m | .storybook/components/SpotlightOverlay.stories.tsx[2m > [22m[2mQuiz Mode
[22m[39m[Mock Data Gen 2] Initializing mock data
[90mstdout[2m | .storybook/components/SpotlightOverlay.stories.tsx[2m > [22m[2mQuiz Mode
[22m[39m[Mock Data] seedMockAssistantChats: Replacing with 1 assistant chats
[90mstdout[2m | .storybook/components/SpotlightOverlay.stories.tsx[2m > [22m[2mQuiz Mode
[22m[39m[Mock Data Gen 2] Seeded AssistantChat: mock-assistant-chat-1
[90mstdout[2m | .storybook/components/SpotlightOverlay.stories.tsx[2m > [22m[2mQuiz Mode
[22m[39m[Mock Data] seedMockFiles: Adding 6 files
[90mstdout[2m | .storybook/components/SpotlightOverlay.stories.tsx[2m > [22m[2mQuiz Mode
[22m[39m[Mock Data Gen 2] Seeded Files: 6
[90mstdout[2m | .storybook/components/SpotlightOverlay.stories.tsx[2m > [22m[2mQuiz Mode
[22m[39m[Preview] Initialized default mock data for story
[90mstdout[2m | .storybook/components/SpotlightOverlay.stories.tsx[2m > [22m[2mQuiz Mode
[22m[39m[Mock AuthContext] Providing auth: {
  "error": undefined,
  "isLoading": false,
  "session": {
    "idToken": {
      "toString": [Function toString],
    },
    "identityId": "us-east-1:mock-identity-123",
    "username": "mock-user-sub",
  },
  "user": {
    "attributes": {
      "email": "alice@example.com",
      "name": "Alice Student",
      "sub": "mock-user-sub",
    },
  },
}
[90mstdout[2m | .storybook/components/SpotlightOverlay.stories.tsx[2m > [22m[2mQuiz Mode
[22m[39m[MOCK CourseVectorStore] Initialized with mock data
 [32m✓[39m [30m[42m unit [49m[39m amplify/functions/__tests__/suggestBlocksStream.integration.test.ts [2m([22m[2m8 tests[22m[2m)[22m[32m 68[2mms[22m[39m
 [32m✓[39m [30m[42m unit [49m[39m .github/skills/component-versioning/component-versioning.test.ts [2m([22m[2m13 tests[22m[2m)[22m[32m 42[2mms[22m[39m
[90mstdout[2m | .github/skills/storybook-validation/storybook-validation.test.ts
[22m[39m✓ Loaded .env.test

[90mstdout[2m | .storybook/components/SpotlightOverlay.stories.tsx[2m > [22m[2mQuiz Mode
[22m[39m[TranslationModeController] Setting mode to: off
[90mstdout[2m | .storybook/components/SpotlightOverlay.stories.tsx[2m > [22m[2mQuiz Mode
[22m[39m[SectionContext] useEffect triggered {
  "authLoading": false,
  "hasUser": true,
  "userSub": "mock-user-sub",
}
[90mstdout[2m | .storybook/components/SpotlightOverlay.stories.tsx[2m > [22m[2mQuiz Mode
[22m[39m[SectionContext] Fetching sections for userId: mock-user-sub
[90mstdout[2m | .storybook/components/SpotlightOverlay.stories.tsx[2m > [22m[2mQuiz Mode
[22m[39m[Mock Data] generateClient() called - returning mock client
[90mstdout[2m | .storybook/components/SpotlightOverlay.stories.tsx[2m > [22m[2mQuiz Mode
[22m[39m[Mock amplifyClient] getAmplifyClient() called - returning mock client
[90mstdout[2m | .storybook/components/SpotlightOverlay.stories.tsx[2m > [22m[2mQuiz Mode
[22m[39m[Mock Data] Section.list() called with options: undefined
[90mstdout[2m | .storybook/components/SpotlightOverlay.stories.tsx[2m > [22m[2mQuiz Mode
[22m[39m[Mock Data] generateClient() called - returning mock client
[90mstdout[2m | .storybook/components/SpotlightOverlay.stories.tsx[2m > [22m[2mQuiz Mode
[22m[39m[Mock amplifyClient] getAmplifyClient() called - returning mock client
[90mstdout[2m | .storybook/components/SpotlightOverlay.stories.tsx[2m > [22m[2mQuiz Mode
[22m[39m[Mock Data] Assignment.list() called with options: {
  "filter": {
    "unitID": {
      "eq": "mock-unit-id",
    },
  },
}
[90mstdout[2m | .storybook/components/SpotlightOverlay.stories.tsx[2m > [22m[2mQuiz Mode
[22m[39m[Mock Data] generateClient() called - returning mock client
[90mstdout[2m | .storybook/components/SpotlightOverlay.stories.tsx[2m > [22m[2mQuiz Mode
[22m[39m[Mock amplifyClient] getAmplifyClient() called - returning mock client
[90mstdout[2m | .storybook/components/SpotlightOverlay.stories.tsx[2m > [22m[2mQuiz Mode
[22m[39m[Mock Data] Grade.observeQuery() called with filter: {
  "filter": {
    "unitID": {
      "eq": "mock-unit-id",
    },
  },
}
[90mstdout[2m | .storybook/components/SpotlightOverlay.stories.tsx[2m > [22m[2mQuiz Mode
[22m[39m[Mock Data] Grade.observeQuery() applying filter: {
  "unitID": {
    "eq": "mock-unit-id",
  },
}
[90mstdout[2m | .storybook/components/SpotlightOverlay.stories.tsx[2m > [22m[2mQuiz Mode
[22m[39m[Mock Data] Grade.observeQuery() items before filter: 0
[90mstdout[2m | .storybook/components/SpotlightOverlay.stories.tsx[2m > [22m[2mQuiz Mode
[22m[39m[Mock Data] Grade.observeQuery() items after filter: 0
[90mstdout[2m | .storybook/components/SpotlightOverlay.stories.tsx[2m > [22m[2mQuiz Mode
[22m[39m[Mock Data] Grade.observeQuery() returning 0 items (filter applied) {
  "filter": {
    "unitID": {
      "eq": "mock-unit-id",
    },
  },
}
[90mstdout[2m | .storybook/components/SpotlightOverlay.stories.tsx[2m > [22m[2mQuiz Mode
[22m[39m[Mock Data] Grade subscription added. Total subscriptions: 1
[90mstdout[2m | .storybook/components/SpotlightOverlay.stories.tsx[2m > [22m[2mQuiz Mode
[22m[39m[UnitContext] useEffect triggered {
  "authLoading": false,
  "hasUser": true,
  "id": "mock-unit-id",
  "userSub": "mock-user-sub",
}
[90mstdout[2m | .storybook/components/SpotlightOverlay.stories.tsx[2m > [22m[2mQuiz Mode
[22m[39m[UnitContext] Fetching unit data for id: mock-unit-id
[90mstdout[2m | .storybook/components/SpotlightOverlay.stories.tsx[2m > [22m[2mQuiz Mode
[22m[39m[Mock Data] generateClient() called - returning mock client
[90mstdout[2m | .storybook/components/SpotlightOverlay.stories.tsx[2m > [22m[2mQuiz Mode
[22m[39m[Mock amplifyClient] getAmplifyClient() called - returning mock client
[90mstdout[2m | .storybook/components/SpotlightOverlay.stories.tsx[2m > [22m[2mQuiz Mode
[22m[39m[Mock Data] Unit.observeQuery() called with filter: {
  "filter": {
    "id": {
      "eq": "mock-unit-id",
    },
  },
}
[90mstdout[2m | .storybook/components/SpotlightOverlay.stories.tsx[2m > [22m[2mQuiz Mode
[22m[39m[Mock Data] Unit.observeQuery() applying filter: {
  "id": {
    "eq": "mock-unit-id",
  },
}
[90mstdout[2m | .storybook/components/SpotlightOverlay.stories.tsx[2m > [22m[2mQuiz Mode
[22m[39m[Mock Data] Unit.observeQuery() items before filter: 0
[90mstdout[2m | .storybook/components/SpotlightOverlay.stories.tsx[2m > [22m[2mQuiz Mode
[22m[39m[Mock Data] Unit.observeQuery() items after filter: 0
[90mstdout[2m | .storybook/components/SpotlightOverlay.stories.tsx[2m > [22m[2mQuiz Mode
[22m[39m[Mock Data] Unit.observeQuery() returning 0 items (filter applied) {
  "filter": {
    "id": {
      "eq": "mock-unit-id",
    },
  },
}
[90mstdout[2m | .storybook/components/SpotlightOverlay.stories.tsx[2m > [22m[2mQuiz Mode
[22m[39m[Mock Data] Unit subscription added. Total subscriptions: 1
[90mstdout[2m | .storybook/components/SpotlightOverlay.stories.tsx[2m > [22m[2mQuiz Mode
[22m[39m[Mock Data] generateClient() called - returning mock client
[90mstdout[2m | .storybook/components/SpotlightOverlay.stories.tsx[2m > [22m[2mQuiz Mode
[22m[39m[Mock amplifyClient] getAmplifyClient() called - returning mock client
[90mstdout[2m | .storybook/components/SpotlightOverlay.stories.tsx[2m > [22m[2mQuiz Mode
[22m[39m[Mock Data] Word.observeQuery() called with filter: undefined
[90mstdout[2m | .storybook/components/SpotlightOverlay.stories.tsx[2m > [22m[2mQuiz Mode
[22m[39m[Mock Data] Word.observeQuery() returning 0 items (filter applied) undefined
[90mstdout[2m | .storybook/components/SpotlightOverlay.stories.tsx[2m > [22m[2mQuiz Mode
[22m[39m[Mock Data] Word subscription added. Total subscriptions: 1
[90mstdout[2m | .storybook/components/SpotlightOverlay.stories.tsx[2m > [22m[2mQuiz Mode
[22m[39m[Mock Data] generateClient() called - returning mock client
 [32m✓[39m [30m[42m unit [49m[39m src/utils/debug/__tests__/ComponentTreeStore.test.ts [2m([22m[2m27 tests[22m[2m)[22m[32m 49[2mms[22m[39m
[90mstdout[2m | .storybook/components/SpotlightOverlay.stories.tsx[2m > [22m[2mQuiz Mode
[22m[39m[Mock amplifyClient] getAmplifyClient() called - returning mock client
[90mstdout[2m | .storybook/components/SpotlightOverlay.stories.tsx[2m > [22m[2mQuiz Mode
[22m[39m[Mock Data] Question.observeQuery() called with filter: undefined
[90mstdout[2m | .storybook/components/SpotlightOverlay.stories.tsx[2m > [22m[2mQuiz Mode
[22m[39m[Mock Data] Question.observeQuery() returning 0 items (filter applied) undefined
[90mstdout[2m | .storybook/components/SpotlightOverlay.stories.tsx[2m > [22m[2mQuiz Mode
[22m[39m[Mock Data] Question subscription added. Total subscriptions: 1
[90mstdout[2m | .storybook/components/SpotlightOverlay.stories.tsx[2m > [22m[2mQuiz Mode
[22m[39m[FilesContext] Initializing vector store from IndexedDB
[90mstdout[2m | .storybook/components/SpotlightOverlay.stories.tsx[2m > [22m[2mQuiz Mode
[22m[39m[FilesContext] fetchFiles called
[90mstdout[2m | .storybook/components/SpotlightOverlay.stories.tsx[2m > [22m[2mQuiz Mode
[22m[39m[FilesContext] User authenticated: mock-user-sub
[90mstdout[2m | .storybook/components/SpotlightOverlay.stories.tsx[2m > [22m[2mQuiz Mode
[22m[39m[FilesContext] Identity ID: us-east-1:mock-identity-123
[90mstdout[2m | .storybook/components/SpotlightOverlay.stories.tsx[2m > [22m[2mQuiz Mode
[22m[39m[FilesContext] About to subscribe to File model
[90mstdout[2m | .storybook/components/SpotlightOverlay.stories.tsx[2m > [22m[2mQuiz Mode
[22m[39m[Mock Data] generateClient() called - returning mock client
[90mstdout[2m | .storybook/components/SpotlightOverlay.stories.tsx[2m > [22m[2mQuiz Mode
[22m[39m[Mock amplifyClient] getAmplifyClient() called - returning mock client
[90mstdout[2m | .storybook/components/SpotlightOverlay.stories.tsx[2m > [22m[2mQuiz Mode
[22m[39m[Mock Data] File.observeQuery() called with filter: undefined
[90mstdout[2m | .storybook/components/SpotlightOverlay.stories.tsx[2m > [22m[2mQuiz Mode
[22m[39m[Mock Data] File.observeQuery() returning 6 items (filter applied) undefined
[90mstdout[2m | .storybook/components/SpotlightOverlay.stories.tsx[2m > [22m[2mQuiz Mode
[22m[39m[Mock Data] File subscription added. Total subscriptions: 1
[90mstdout[2m | .storybook/components/SpotlightOverlay.stories.tsx[2m > [22m[2mQuiz Mode
[22m[39m[Mock Data] generateClient() called - returning mock client
[90mstdout[2m | .storybook/components/SpotlightOverlay.stories.tsx[2m > [22m[2mQuiz Mode
[22m[39m[Mock amplifyClient] getAmplifyClient() called - returning mock client
[90mstdout[2m | .storybook/components/SpotlightOverlay.stories.tsx[2m > [22m[2mQuiz Mode
[22m[39m[Mock Data] Document.observeQuery() called with filter: undefined
[90mstdout[2m | .storybook/components/SpotlightOverlay.stories.tsx[2m > [22m[2mQuiz Mode
[22m[39m[Mock Data] Document.observeQuery() returning 0 items (filter applied) undefined
[90mstdout[2m | .storybook/components/SpotlightOverlay.stories.tsx[2m > [22m[2mQuiz Mode
[22m[39m[Mock Data] Document subscription added. Total subscriptions: 1
[90mstdout[2m | .storybook/components/SpotlightOverlay.stories.tsx[2m > [22m[2mQuiz Mode
[22m[39m[SectionContext] Initial sections: 0 []
[90mstdout[2m | .storybook/components/SpotlightOverlay.stories.tsx[2m > [22m[2mQuiz Mode
[22m[39m[Mock Data] Section.onCreate() called with filter: undefined
[90mstdout[2m | .storybook/components/SpotlightOverlay.stories.tsx[2m > [22m[2mQuiz Mode
[22m[39m[Mock Data] Section.onCreate() subscription added. Total: 1
[90mstdout[2m | .storybook/components/SpotlightOverlay.stories.tsx[2m > [22m[2mQuiz Mode
[22m[39m[Mock Data] Section.onUpdate() called with filter: undefined
[90mstdout[2m | .storybook/components/SpotlightOverlay.stories.tsx[2m > [22m[2mQuiz Mode
[22m[39m[Mock Data] Section.onUpdate() subscription added. Total: 1
[90mstdout[2m | .storybook/components/SpotlightOverlay.stories.tsx[2m > [22m[2mQuiz Mode
[22m[39m[Mock Data] Section.onDelete() called with filter: undefined
[90mstdout[2m | .storybook/components/SpotlightOverlay.stories.tsx[2m > [22m[2mQuiz Mode
[22m[39m[Mock Data] Section.onDelete() subscription added. Total: 1
[90mstdout[2m | .storybook/components/SpotlightOverlay.stories.tsx[2m > [22m[2mQuiz Mode
[22m[39m[Mock Data] Assignment.onCreate() called with filter: {
  "filter": {
    "unitID": {
      "eq": "mock-unit-id",
    },
  },
}
[90mstdout[2m | .storybook/components/SpotlightOverlay.stories.tsx[2m > [22m[2mQuiz Mode
[22m[39m[Mock Data] Assignment.onCreate() subscription added. Total: 1
[90mstdout[2m | .storybook/components/SpotlightOverlay.stories.tsx[2m > [22m[2mQuiz Mode
[22m[39m[Mock Data] Assignment.onUpdate() called with filter: {
  "filter": {
    "unitID": {
      "eq": "mock-unit-id",
    },
  },
}
[90mstdout[2m | .storybook/components/SpotlightOverlay.stories.tsx[2m > [22m[2mQuiz Mode
[22m[39m[Mock Data] Assignment.onUpdate() subscription added. Total: 1
[90mstdout[2m | .storybook/components/SpotlightOverlay.stories.tsx[2m > [22m[2mQuiz Mode
[22m[39m[Mock Data] Assignment.onDelete() called with filter: {
  "filter": {
    "unitID": {
      "eq": "mock-unit-id",
    },
  },
}
[90mstdout[2m | .storybook/components/SpotlightOverlay.stories.tsx[2m > [22m[2mQuiz Mode
[22m[39m[Mock Data] Assignment.onDelete() subscription added. Total: 1
[90mstdout[2m | .storybook/components/SpotlightOverlay.stories.tsx[2m > [22m[2mQuiz Mode
[22m[39m[FilesContext] File observeQuery subscription triggered:
[90mstdout[2m | .storybook/components/SpotlightOverlay.stories.tsx[2m > [22m[2mQuiz Mode
[22m[39m  - items.length: 6
[90mstdout[2m | .storybook/components/SpotlightOverlay.stories.tsx[2m > [22m[2mQuiz Mode
[22m[39m  - isSynced: true
[90mstdout[2m | .storybook/components/SpotlightOverlay.stories.tsx[2m > [22m[2mQuiz Mode
[22m[39m  - items: [
  {
    "_deleted": null,
    "_lastChangedAt": 1767711773285,
    "_version": 1,
    "byHex": null,
    "createdAt": "2026-01-06T15:02:53.253Z",
    "description": "Japanese language textbook - Chapter 1",
    "document": Promise {},
    "documentID": "e01017e1-fe7a-4521-b71c-09ec31b18639",
    "duration": null,
    "embedding": null,
    "generated": null,
    "hex": null,
    "id": "a57d7833-5fa7-4cb7-8b7a-ce7c6e10e551",
    "identityId": "us-east-1:b0eadde9-f02c-c71b-17a6-22ffd37d89c8",
    "key": "files/Japanese Wind 1.pdf",
    "level": "protected",
    "mimeType": "application/pdf",
    "model": null,
    "name": "Japanese Wind 1.pdf",
    "owner": "64d81418-7021-701d-9fed-a4c2e0735711",
    "parsedContent": [Function anonymous],
    "parsedContentID": null,
    "path": "files/Japanese Wind 1.pdf",
    "prompt": null,
    "size": 4706654,
    "thumbnail": null,
    "type": "pdf",
    "updatedAt": "2026-01-06T15:02:53.253Z",
    "variant": null,
    "waveformData": null,
  },
  {
    "_version": 2,
    "createdAt": "2026-01-15T10:00:00.000Z",
    "description": "Sample report with vocabulary",
    "document": Promise {},
    "documentID": "cd824b5b-2c66-41f8-8571-aa6794ff590c",
    "generated": false,
    "id": "mock-pdf-file-2",
    "identityId": "us-east-1:mock-identity",
    "key": "files/report.pdf",
    "level": "protected",
    "mimeType": "application/pdf",
    "name": "report.pdf",
    "owner": "mock-user-id",
    "parsedContent": [Function anonymous],
    "path": "files/report.pdf",
    "size": 123456,
    "type": "pdf",
    "updatedAt": "2026-01-15T10:30:00.000Z",
  },
  {
    "_version": 3,
    "createdAt": "2026-01-14T08:00:00.000Z",
    "description": "Vocabulary lesson PDF with extracted content",
    "document": Promise {},
    "documentID": "mock-document-3",
    "generated": false,
    "id": "mock-pdf-file-3",
    "identityId": "us-east-1:mock-identity",
    "key": "files/vocabulary-lesson.pdf",
    "level": "public",
    "mimeType": "application/pdf",
    "name": "vocabulary-lesson.pdf",
    "owner": "mock-user-id",
    "parsedContent": [Function anonymous],
    "path": "files/vocabulary-lesson.pdf",
    "size": 567890,
    "type": "pdf",
    "updatedAt": "2026-01-14T08:45:00.000Z",
  },
  {
    "_version": 1,
    "createdAt": "2026-01-20T10:00:00.000Z",
    "description": "Sample pronunciation audio",
    "documentID": null,
    "duration": 3.5,
    "generated": true,
    "id": "mock-audio-file-1",
    "identityId": "us-east-1:mock-identity",
    "key": "audio/pronunciation-demo.mp3",
    "level": "public",
    "mimeType": "audio/mpeg",
    "name": "pronunciation-demo.mp3",
    "owner": "mock-user-id",
    "parsedContent": [Function anonymous],
    "path": "audio/pronunciation-demo.mp3",
    "size": 56789,
    "type": "audio",
    "updatedAt": "2026-01-20T10:00:00.000Z",
    "waveformData": "[0.1, 0.3, 0.5, 0.7, 0.9, 0.7, 0.5, 0.3, 0.1]",
  },
  {
    "_version": 1,
    "createdAt": "2026-01-19T14:30:00.000Z",
    "description": "Lesson introduction audio",
    "documentID": null,
    "duration": 5.2,
    "generated": false,
    "id": "mock-audio-file-2",
    "identityId": "us-east-1:mock-identity",
    "key": "audio/lesson-intro.mp3",
    "level": "public",
    "mimeType": "audio/mpeg",
    "name": "lesson-intro.mp3",
    "owner": "mock-user-id",
    "parsedContent": [Function anonymous],
    "path": "audio/lesson-intro.mp3",
    "size": 87654,
    "type": "audio",
    "updatedAt": "2026-01-19T14:30:00.000Z",
    "waveformData": "[0.2, 0.4, 0.6, 0.8, 1.0, 0.8, 0.6, 0.4, 0.2]",
  },
  {
    "_version": 1,
    "createdAt": "2026-01-18T09:15:00.000Z",
    "description": "Hiragana character chart",
    "documentID": null,
    "generated": false,
    "id": "mock-image-file-1",
    "identityId": "us-east-1:mock-identity",
    "key": "images/hiragana-chart.png",
    "level": "public",
    "mimeType": "image/png",
    "name": "hiragana-chart.png",
    "owner": "mock-user-id",
    "parsedContent": [Function anonymous],
    "path": "images/hiragana-chart.png",
    "size": 234567,
    "thumbnail": "thumbnails/hiragana-chart-thumb.png",
    "type": "image",
    "updatedAt": "2026-01-18T09:15:00.000Z",
  },
]
[90mstdout[2m | .storybook/components/SpotlightOverlay.stories.tsx[2m > [22m[2mQuiz Mode
[22m[39m[FilesContext] Files count changed: 0 → 6
[90mstdout[2m | .storybook/components/SpotlightOverlay.stories.tsx[2m > [22m[2mQuiz Mode
[22m[39m[MOCK CourseVectorStore] Initialized with mock data
[90mstdout[2m | .storybook/components/SpotlightOverlay.stories.tsx[2m > [22m[2mQuiz Mode
[22m[39m[MOCK CourseVectorStore] Initialized with mock data
[90mstdout[2m | src/components/Editor3/plugins/__tests__/ToolBarPlugin.shortcuts.test.ts
[22m[39m✓ Loaded .env.test

[90mstdout[2m | src/utils/debug/__tests__/sanitizeComponentData.test.ts
[22m[39m✓ Loaded .env.test

 [32m✓[39m [30m[42m unit [49m[39m .github/skills/storybook-validation/storybook-validation.test.ts [2m([22m[2m45 tests[22m[2m)[22m[32m 45[2mms[22m[39m
[90mstdout[2m | src/components/Editor3/utils/__tests__/keyboardUtils.test.ts
[22m[39m✓ Loaded .env.test

[90mstdout[2m | .storybook/components/SpotlightOverlay.stories.tsx[2m > [22m[2mQuiz Mode
[22m[39m[FilesContext] Vector store population triggered {
  "currentVectorStoreSize": 3,
  "documentsCount": 0,
  "filesCount": 6,
  "isInitialLoad": true,
}
[90mstdout[2m | .storybook/components/SpotlightOverlay.stories.tsx[2m > [22m[2mQuiz Mode
[22m[39m[FilesContext] Vector store population complete - 3 total embeddings
[90mstdout[2m | .storybook/components/SpotlightOverlay.stories.tsx[2m > [22m[2mSingle Step
[22m[39m[Mock Data] File subscription unsubscribed. Remaining: 0
[90mstdout[2m | .storybook/components/SpotlightOverlay.stories.tsx[2m > [22m[2mSingle Step
[22m[39m[Mock Data] Document subscription unsubscribed. Remaining: 0
[90mstdout[2m | .storybook/components/SpotlightOverlay.stories.tsx[2m > [22m[2mSingle Step
[22m[39m[Mock Data] Word subscription unsubscribed. Remaining: 0
[90mstdout[2m | .storybook/components/SpotlightOverlay.stories.tsx[2m > [22m[2mSingle Step
[22m[39m[Mock Data] Question subscription unsubscribed. Remaining: 0
[90mstdout[2m | .storybook/components/SpotlightOverlay.stories.tsx[2m > [22m[2mSingle Step
[22m[39m[Mock Data] Grade subscription unsubscribed. Remaining: 0
[90mstdout[2m | .storybook/components/SpotlightOverlay.stories.tsx[2m > [22m[2mSingle Step
[22m[39m[Mock Data] Unit subscription unsubscribed. Remaining: 0
[90mstdout[2m | .storybook/components/SpotlightOverlay.stories.tsx[2m > [22m[2mSingle Step
[22m[39m[SectionContext] Cleaning up subscriptions
[90mstdout[2m | .storybook/components/SpotlightOverlay.stories.tsx[2m > [22m[2mSingle Step
[22m[39m[Mock Data] Section.onCreate() subscription removed. Remaining: 0
[90mstdout[2m | .storybook/components/SpotlightOverlay.stories.tsx[2m > [22m[2mSingle Step
[22m[39m[Mock Data] Section.onUpdate() subscription removed. Remaining: 0
[90mstdout[2m | .storybook/components/SpotlightOverlay.stories.tsx[2m > [22m[2mSingle Step
[22m[39m[Mock Data] Section.onDelete() subscription removed. Remaining: 0
[90mstdout[2m | .storybook/components/SpotlightOverlay.stories.tsx[2m > [22m[2mSingle Step
[22m[39m[Mock Data] Assignment.onCreate() subscription removed. Remaining: 0
[90mstdout[2m | .storybook/components/SpotlightOverlay.stories.tsx[2m > [22m[2mSingle Step
[22m[39m[Mock Data] Assignment.onUpdate() subscription removed. Remaining: 0
[90mstdout[2m | .storybook/components/SpotlightOverlay.stories.tsx[2m > [22m[2mSingle Step
[22m[39m[Mock Data] Assignment.onDelete() subscription removed. Remaining: 0
[90mstdout[2m | .storybook/components/SpotlightOverlay.stories.tsx[2m > [22m[2mSingle Step
[22m[39m[Mock Data] Clearing all data stores
[90mstdout[2m | .storybook/components/SpotlightOverlay.stories.tsx[2m > [22m[2mSingle Step
[22m[39m[Mock Data] All data stores cleared
[90mstdout[2m | .storybook/components/SpotlightOverlay.stories.tsx[2m > [22m[2mSingle Step
[22m[39m[Preview] Cleared mock data for story
[90mstdout[2m | .storybook/components/SpotlightOverlay.stories.tsx[2m > [22m[2mSingle Step
[22m[39m[Mock Data Gen 2] Initializing mock data
[90mstdout[2m | .storybook/components/SpotlightOverlay.stories.tsx[2m > [22m[2mSingle Step
[22m[39m[Mock Data] seedMockAssistantChats: Replacing with 1 assistant chats
[90mstdout[2m | .storybook/components/SpotlightOverlay.stories.tsx[2m > [22m[2mSingle Step
[22m[39m[Mock Data Gen 2] Seeded AssistantChat: mock-assistant-chat-1
[90mstdout[2m | .storybook/components/SpotlightOverlay.stories.tsx[2m > [22m[2mSingle Step
[22m[39m[Mock Data] seedMockFiles: Adding 6 files
[90mstdout[2m | .storybook/components/SpotlightOverlay.stories.tsx[2m > [22m[2mSingle Step
[22m[39m[Mock Data Gen 2] Seeded Files: 6
[90mstdout[2m | .storybook/components/SpotlightOverlay.stories.tsx[2m > [22m[2mSingle Step
[22m[39m[Mock Data Gen 2] Initializing mock data
[90mstdout[2m | .storybook/components/SpotlightOverlay.stories.tsx[2m > [22m[2mSingle Step
[22m[39m[Mock Data] seedMockAssistantChats: Replacing with 1 assistant chats
[90mstdout[2m | .storybook/components/SpotlightOverlay.stories.tsx[2m > [22m[2mSingle Step
[22m[39m[Mock Data Gen 2] Seeded AssistantChat: mock-assistant-chat-1
[90mstdout[2m | .storybook/components/SpotlightOverlay.stories.tsx[2m > [22m[2mSingle Step
[22m[39m[Mock Data] seedMockFiles: Adding 6 files
[90mstdout[2m | .storybook/components/SpotlightOverlay.stories.tsx[2m > [22m[2mSingle Step
[22m[39m[Mock Data Gen 2] Seeded Files: 6
[90mstdout[2m | .storybook/components/SpotlightOverlay.stories.tsx[2m > [22m[2mSingle Step
[22m[39m[Preview] Initialized default mock data for story
[90mstdout[2m | .storybook/components/SpotlightOverlay.stories.tsx[2m > [22m[2mSingle Step
[22m[39m[Mock AuthContext] Providing auth: {
  "error": undefined,
  "isLoading": false,
  "session": {
    "idToken": {
      "toString": [Function toString],
    },
    "identityId": "us-east-1:mock-identity-123",
    "username": "mock-user-sub",
  },
  "user": {
    "attributes": {
      "email": "alice@example.com",
      "name": "Alice Student",
      "sub": "mock-user-sub",
    },
  },
}
[90mstdout[2m | .storybook/components/SpotlightOverlay.stories.tsx[2m > [22m[2mSingle Step
[22m[39m[MOCK CourseVectorStore] Initialized with mock data
[90mstdout[2m | .storybook/components/SpotlightOverlay.stories.tsx[2m > [22m[2mSingle Step
[22m[39m[SpotlightOverlay] Looking for selector: #start-tour-button
[90mstdout[2m | .storybook/components/SpotlightOverlay.stories.tsx[2m > [22m[2mSingle Step
[22m[39m[SpotlightOverlay] Element found: true
[90mstdout[2m | .storybook/components/SpotlightOverlay.stories.tsx[2m > [22m[2mSingle Step
[22m[39m[SpotlightOverlay] Target rect: {
  "height": 36.5,
  "left": 48,
  "top": 141.875,
  "width": 148.75,
}
[90mstdout[2m | .storybook/components/SpotlightOverlay.stories.tsx[2m > [22m[2mSingle Step
[22m[39m[TranslationModeController] Setting mode to: off
[90mstdout[2m | .storybook/components/SpotlightOverlay.stories.tsx[2m > [22m[2mSingle Step
[22m[39m[SectionContext] useEffect triggered {
  "authLoading": false,
  "hasUser": true,
  "userSub": "mock-user-sub",
}
[90mstdout[2m | .storybook/components/SpotlightOverlay.stories.tsx[2m > [22m[2mSingle Step
[22m[39m[SectionContext] Fetching sections for userId: mock-user-sub
[90mstdout[2m | .storybook/components/SpotlightOverlay.stories.tsx[2m > [22m[2mSingle Step
[22m[39m[Mock Data] generateClient() called - returning mock client
[90mstdout[2m | .storybook/components/SpotlightOverlay.stories.tsx[2m > [22m[2mSingle Step
[22m[39m[Mock amplifyClient] getAmplifyClient() called - returning mock client
[90mstdout[2m | .storybook/components/SpotlightOverlay.stories.tsx[2m > [22m[2mSingle Step
[22m[39m[Mock Data] Section.list() called with options: undefined
[90mstdout[2m | .storybook/components/SpotlightOverlay.stories.tsx[2m > [22m[2mSingle Step
[22m[39m[Mock Data] generateClient() called - returning mock client
[90mstdout[2m | .storybook/components/SpotlightOverlay.stories.tsx[2m > [22m[2mSingle Step
[22m[39m[Mock amplifyClient] getAmplifyClient() called - returning mock client
[90mstdout[2m | .storybook/components/SpotlightOverlay.stories.tsx[2m > [22m[2mSingle Step
[22m[39m[Mock Data] Assignment.list() called with options: {
  "filter": {
    "unitID": {
      "eq": "mock-unit-id",
    },
  },
}
[90mstdout[2m | .storybook/components/SpotlightOverlay.stories.tsx[2m > [22m[2mSingle Step
[22m[39m[Mock Data] generateClient() called - returning mock client
[90mstdout[2m | .storybook/components/SpotlightOverlay.stories.tsx[2m > [22m[2mSingle Step
[22m[39m[Mock amplifyClient] getAmplifyClient() called - returning mock client
[90mstdout[2m | .storybook/components/SpotlightOverlay.stories.tsx[2m > [22m[2mSingle Step
[22m[39m[Mock Data] Grade.observeQuery() called with filter: {
  "filter": {
    "unitID": {
      "eq": "mock-unit-id",
    },
  },
}
[90mstdout[2m | .storybook/components/SpotlightOverlay.stories.tsx[2m > [22m[2mSingle Step
[22m[39m[Mock Data] Grade.observeQuery() applying filter: {
  "unitID": {
    "eq": "mock-unit-id",
  },
}
[90mstdout[2m | .storybook/components/SpotlightOverlay.stories.tsx[2m > [22m[2mSingle Step
[22m[39m[Mock Data] Grade.observeQuery() items before filter: 0
[90mstdout[2m | .storybook/components/SpotlightOverlay.stories.tsx[2m > [22m[2mSingle Step
[22m[39m[Mock Data] Grade.observeQuery() items after filter: 0
[90mstdout[2m | .storybook/components/SpotlightOverlay.stories.tsx[2m > [22m[2mSingle Step
[22m[39m[Mock Data] Grade.observeQuery() returning 0 items (filter applied) {
  "filter": {
    "unitID": {
      "eq": "mock-unit-id",
    },
  },
}
[90mstdout[2m | .storybook/components/SpotlightOverlay.stories.tsx[2m > [22m[2mSingle Step
[22m[39m[Mock Data] Grade subscription added. Total subscriptions: 1
[90mstdout[2m | .storybook/components/SpotlightOverlay.stories.tsx[2m > [22m[2mSingle Step
[22m[39m[UnitContext] useEffect triggered {
  "authLoading": false,
  "hasUser": true,
  "id": "mock-unit-id",
  "userSub": "mock-user-sub",
}
[90mstdout[2m | .storybook/components/SpotlightOverlay.stories.tsx[2m > [22m[2mSingle Step
[22m[39m[UnitContext] Fetching unit data for id: mock-unit-id
[90mstdout[2m | .storybook/components/SpotlightOverlay.stories.tsx[2m > [22m[2mSingle Step
[22m[39m[Mock Data] generateClient() called - returning mock client
[90mstdout[2m | .storybook/components/SpotlightOverlay.stories.tsx[2m > [22m[2mSingle Step
[22m[39m[Mock amplifyClient] getAmplifyClient() called - returning mock client
[90mstdout[2m | .storybook/components/SpotlightOverlay.stories.tsx[2m > [22m[2mSingle Step
[22m[39m[Mock Data] Unit.observeQuery() called with filter: {
  "filter": {
    "id": {
      "eq": "mock-unit-id",
    },
  },
}
[90mstdout[2m | .storybook/components/SpotlightOverlay.stories.tsx[2m > [22m[2mSingle Step
[22m[39m[Mock Data] Unit.observeQuery() applying filter: {
  "id": {
    "eq": "mock-unit-id",
  },
}
[90mstdout[2m | .storybook/components/SpotlightOverlay.stories.tsx[2m > [22m[2mSingle Step
[22m[39m[Mock Data] Unit.observeQuery() items before filter: 0
[90mstdout[2m | .storybook/components/SpotlightOverlay.stories.tsx[2m > [22m[2mSingle Step
[22m[39m[Mock Data] Unit.observeQuery() items after filter: 0
[90mstdout[2m | .storybook/components/SpotlightOverlay.stories.tsx[2m > [22m[2mSingle Step
[22m[39m[Mock Data] Unit.observeQuery() returning 0 items (filter applied) {
  "filter": {
    "id": {
      "eq": "mock-unit-id",
    },
  },
}
[90mstdout[2m | .storybook/components/SpotlightOverlay.stories.tsx[2m > [22m[2mSingle Step
[22m[39m[Mock Data] Unit subscription added. Total subscriptions: 1
[90mstdout[2m | .storybook/components/SpotlightOverlay.stories.tsx[2m > [22m[2mSingle Step
[22m[39m[Mock Data] generateClient() called - returning mock client
[90mstdout[2m | .storybook/components/SpotlightOverlay.stories.tsx[2m > [22m[2mSingle Step
[22m[39m[Mock amplifyClient] getAmplifyClient() called - returning mock client
[90mstdout[2m | .storybook/components/SpotlightOverlay.stories.tsx[2m > [22m[2mSingle Step
[22m[39m[Mock Data] Word.observeQuery() called with filter: undefined
[90mstdout[2m | .storybook/components/SpotlightOverlay.stories.tsx[2m > [22m[2mSingle Step
[22m[39m[Mock Data] Word.observeQuery() returning 0 items (filter applied) undefined
[90mstdout[2m | .storybook/components/SpotlightOverlay.stories.tsx[2m > [22m[2mSingle Step
[22m[39m[Mock Data] Word subscription added. Total subscriptions: 1
[90mstdout[2m | .storybook/components/SpotlightOverlay.stories.tsx[2m > [22m[2mSingle Step
[22m[39m[Mock Data] generateClient() called - returning mock client
[90mstdout[2m | .storybook/components/SpotlightOverlay.stories.tsx[2m > [22m[2mSingle Step
[22m[39m[Mock amplifyClient] getAmplifyClient() called - returning mock client
[90mstdout[2m | .storybook/components/SpotlightOverlay.stories.tsx[2m > [22m[2mSingle Step
[22m[39m[Mock Data] Question.observeQuery() called with filter: undefined
[90mstdout[2m | .storybook/components/SpotlightOverlay.stories.tsx[2m > [22m[2mSingle Step
[22m[39m[Mock Data] Question.observeQuery() returning 0 items (filter applied) undefined
[90mstdout[2m | .storybook/components/SpotlightOverlay.stories.tsx[2m > [22m[2mSingle Step
[22m[39m[Mock Data] Question subscription added. Total subscriptions: 1
[90mstdout[2m | .storybook/components/SpotlightOverlay.stories.tsx[2m > [22m[2mSingle Step
[22m[39m[FilesContext] Initializing vector store from IndexedDB
[90mstdout[2m | .storybook/components/SpotlightOverlay.stories.tsx[2m > [22m[2mSingle Step
[22m[39m[FilesContext] fetchFiles called
[90mstdout[2m | .storybook/components/SpotlightOverlay.stories.tsx[2m > [22m[2mSingle Step
[22m[39m[FilesContext] User authenticated: mock-user-sub
[90mstdout[2m | .storybook/components/SpotlightOverlay.stories.tsx[2m > [22m[2mSingle Step
[22m[39m[FilesContext] Identity ID: us-east-1:mock-identity-123
[90mstdout[2m | .storybook/components/SpotlightOverlay.stories.tsx[2m > [22m[2mSingle Step
[22m[39m[FilesContext] About to subscribe to File model
[90mstdout[2m | .storybook/components/SpotlightOverlay.stories.tsx[2m > [22m[2mSingle Step
[22m[39m[Mock Data] generateClient() called - returning mock client
[90mstdout[2m | .storybook/components/SpotlightOverlay.stories.tsx[2m > [22m[2mSingle Step
[22m[39m[Mock amplifyClient] getAmplifyClient() called - returning mock client
[90mstdout[2m | .storybook/components/SpotlightOverlay.stories.tsx[2m > [22m[2mSingle Step
[22m[39m[Mock Data] File.observeQuery() called with filter: undefined
[90mstdout[2m | .storybook/components/SpotlightOverlay.stories.tsx[2m > [22m[2mSingle Step
[22m[39m[Mock Data] File.observeQuery() returning 6 items (filter applied) undefined
[90mstdout[2m | .storybook/components/SpotlightOverlay.stories.tsx[2m > [22m[2mSingle Step
[22m[39m[Mock Data] File subscription added. Total subscriptions: 1
[90mstdout[2m | .storybook/components/SpotlightOverlay.stories.tsx[2m > [22m[2mSingle Step
[22m[39m[Mock Data] generateClient() called - returning mock client
[90mstdout[2m | .storybook/components/SpotlightOverlay.stories.tsx[2m > [22m[2mSingle Step
[22m[39m[Mock amplifyClient] getAmplifyClient() called - returning mock client
[90mstdout[2m | .storybook/components/SpotlightOverlay.stories.tsx[2m > [22m[2mSingle Step
[22m[39m[Mock Data] Document.observeQuery() called with filter: undefined
[90mstdout[2m | .storybook/components/SpotlightOverlay.stories.tsx[2m > [22m[2mSingle Step
[22m[39m[Mock Data] Document.observeQuery() returning 0 items (filter applied) undefined
[90mstdout[2m | .storybook/components/SpotlightOverlay.stories.tsx[2m > [22m[2mSingle Step
[22m[39m[Mock Data] Document subscription added. Total subscriptions: 1
 [32m✓[39m [30m[42m unit [49m[39m src/utils/debug/__tests__/sanitizeComponentData.test.ts [2m([22m[2m16 tests[22m[2m)[22m[32m 40[2mms[22m[39m
 [32m✓[39m [30m[42m unit [49m[39m src/components/Editor3/utils/__tests__/keyboardUtils.test.ts [2m([22m[2m21 tests[22m[2m)[22m[32m 30[2mms[22m[39m
 [32m✓[39m [30m[42m unit [49m[39m src/components/Editor3/plugins/__tests__/ToolBarPlugin.shortcuts.test.ts [2m([22m[2m29 tests[22m[2m)[22m[32m 25[2mms[22m[39m
[90mstdout[2m | .storybook/components/SpotlightOverlay.stories.tsx[2m > [22m[2mSingle Step
[22m[39m[SectionContext] Initial sections: 0 []
[90mstdout[2m | .storybook/components/SpotlightOverlay.stories.tsx[2m > [22m[2mSingle Step
[22m[39m[Mock Data] Section.onCreate() called with filter: undefined
[90mstdout[2m | .storybook/components/SpotlightOverlay.stories.tsx[2m > [22m[2mSingle Step
[22m[39m[Mock Data] Section.onCreate() subscription added. Total: 1
[90mstdout[2m | .storybook/components/SpotlightOverlay.stories.tsx[2m > [22m[2mSingle Step
[22m[39m[Mock Data] Section.onUpdate() called with filter: undefined
[90mstdout[2m | .storybook/components/SpotlightOverlay.stories.tsx[2m > [22m[2mSingle Step
[22m[39m[Mock Data] Section.onUpdate() subscription added. Total: 1
[90mstdout[2m | .storybook/components/SpotlightOverlay.stories.tsx[2m > [22m[2mSingle Step
[22m[39m[Mock Data] Section.onDelete() called with filter: undefined
[90mstdout[2m | .storybook/components/SpotlightOverlay.stories.tsx[2m > [22m[2mSingle Step
[22m[39m[Mock Data] Section.onDelete() subscription added. Total: 1
[90mstdout[2m | .storybook/components/SpotlightOverlay.stories.tsx[2m > [22m[2mSingle Step
[22m[39m[Mock Data] Assignment.onCreate() called with filter: {
  "filter": {
    "unitID": {
      "eq": "mock-unit-id",
    },
  },
}
[90mstdout[2m | .storybook/components/SpotlightOverlay.stories.tsx[2m > [22m[2mSingle Step
[22m[39m[Mock Data] Assignment.onCreate() subscription added. Total: 1
[90mstdout[2m | .storybook/components/SpotlightOverlay.stories.tsx[2m > [22m[2mSingle Step
[22m[39m[Mock Data] Assignment.onUpdate() called with filter: {
  "filter": {
    "unitID": {
      "eq": "mock-unit-id",
    },
  },
}
[90mstdout[2m | .storybook/components/SpotlightOverlay.stories.tsx[2m > [22m[2mSingle Step
[22m[39m[Mock Data] Assignment.onUpdate() subscription added. Total: 1
[90mstdout[2m | .storybook/components/SpotlightOverlay.stories.tsx[2m > [22m[2mSingle Step
[22m[39m[Mock Data] Assignment.onDelete() called with filter: {
  "filter": {
    "unitID": {
      "eq": "mock-unit-id",
    },
  },
}
[90mstdout[2m | .storybook/components/SpotlightOverlay.stories.tsx[2m > [22m[2mSingle Step
[22m[39m[Mock Data] Assignment.onDelete() subscription added. Total: 1
[90mstdout[2m | .storybook/components/SpotlightOverlay.stories.tsx[2m > [22m[2mSingle Step
[22m[39m[FilesContext] File observeQuery subscription triggered:
[90mstdout[2m | .storybook/components/SpotlightOverlay.stories.tsx[2m > [22m[2mSingle Step
[22m[39m  - items.length: 6
[90mstdout[2m | .storybook/components/SpotlightOverlay.stories.tsx[2m > [22m[2mSingle Step
[22m[39m  - isSynced: true
[90mstdout[2m | .storybook/components/SpotlightOverlay.stories.tsx[2m > [22m[2mSingle Step
[22m[39m  - items: [
  {
    "_deleted": null,
    "_lastChangedAt": 1767711773285,
    "_version": 1,
    "byHex": null,
    "createdAt": "2026-01-06T15:02:53.253Z",
    "description": "Japanese language textbook - Chapter 1",
    "document": Promise {},
    "documentID": "e01017e1-fe7a-4521-b71c-09ec31b18639",
    "duration": null,
    "embedding": null,
    "generated": null,
    "hex": null,
    "id": "a57d7833-5fa7-4cb7-8b7a-ce7c6e10e551",
    "identityId": "us-east-1:b0eadde9-f02c-c71b-17a6-22ffd37d89c8",
    "key": "files/Japanese Wind 1.pdf",
    "level": "protected",
    "mimeType": "application/pdf",
    "model": null,
    "name": "Japanese Wind 1.pdf",
    "owner": "64d81418-7021-701d-9fed-a4c2e0735711",
    "parsedContent": [Function anonymous],
    "parsedContentID": null,
    "path": "files/Japanese Wind 1.pdf",
    "prompt": null,
    "size": 4706654,
    "thumbnail": null,
    "type": "pdf",
    "updatedAt": "2026-01-06T15:02:53.253Z",
    "variant": null,
    "waveformData": null,
  },
  {
    "_version": 2,
    "createdAt": "2026-01-15T10:00:00.000Z",
    "description": "Sample report with vocabulary",
    "document": Promise {},
    "documentID": "cd824b5b-2c66-41f8-8571-aa6794ff590c",
    "generated": false,
    "id": "mock-pdf-file-2",
    "identityId": "us-east-1:mock-identity",
    "key": "files/report.pdf",
    "level": "protected",
    "mimeType": "application/pdf",
    "name": "report.pdf",
    "owner": "mock-user-id",
    "parsedContent": [Function anonymous],
    "path": "files/report.pdf",
    "size": 123456,
    "type": "pdf",
    "updatedAt": "2026-01-15T10:30:00.000Z",
  },
  {
    "_version": 3,
    "createdAt": "2026-01-14T08:00:00.000Z",
    "description": "Vocabulary lesson PDF with extracted content",
    "document": Promise {},
    "documentID": "mock-document-3",
    "generated": false,
    "id": "mock-pdf-file-3",
    "identityId": "us-east-1:mock-identity",
    "key": "files/vocabulary-lesson.pdf",
    "level": "public",
    "mimeType": "application/pdf",
    "name": "vocabulary-lesson.pdf",
    "owner": "mock-user-id",
    "parsedContent": [Function anonymous],
    "path": "files/vocabulary-lesson.pdf",
    "size": 567890,
    "type": "pdf",
    "updatedAt": "2026-01-14T08:45:00.000Z",
  },
  {
    "_version": 1,
    "createdAt": "2026-01-20T10:00:00.000Z",
    "description": "Sample pronunciation audio",
    "documentID": null,
    "duration": 3.5,
    "generated": true,
    "id": "mock-audio-file-1",
    "identityId": "us-east-1:mock-identity",
    "key": "audio/pronunciation-demo.mp3",
    "level": "public",
    "mimeType": "audio/mpeg",
    "name": "pronunciation-demo.mp3",
    "owner": "mock-user-id",
    "parsedContent": [Function anonymous],
    "path": "audio/pronunciation-demo.mp3",
    "size": 56789,
    "type": "audio",
    "updatedAt": "2026-01-20T10:00:00.000Z",
    "waveformData": "[0.1, 0.3, 0.5, 0.7, 0.9, 0.7, 0.5, 0.3, 0.1]",
  },
  {
    "_version": 1,
    "createdAt": "2026-01-19T14:30:00.000Z",
    "description": "Lesson introduction audio",
    "documentID": null,
    "duration": 5.2,
    "generated": false,
    "id": "mock-audio-file-2",
    "identityId": "us-east-1:mock-identity",
    "key": "audio/lesson-intro.mp3",
    "level": "public",
    "mimeType": "audio/mpeg",
    "name": "lesson-intro.mp3",
    "owner": "mock-user-id",
    "parsedContent": [Function anonymous],
    "path": "audio/lesson-intro.mp3",
    "size": 87654,
    "type": "audio",
    "updatedAt": "2026-01-19T14:30:00.000Z",
    "waveformData": "[0.2, 0.4, 0.6, 0.8, 1.0, 0.8, 0.6, 0.4, 0.2]",
  },
  {
    "_version": 1,
    "createdAt": "2026-01-18T09:15:00.000Z",
    "description": "Hiragana character chart",
    "documentID": null,
    "generated": false,
    "id": "mock-image-file-1",
    "identityId": "us-east-1:mock-identity",
    "key": "images/hiragana-chart.png",
    "level": "public",
    "mimeType": "image/png",
    "name": "hiragana-chart.png",
    "owner": "mock-user-id",
    "parsedContent": [Function anonymous],
    "path": "images/hiragana-chart.png",
    "size": 234567,
    "thumbnail": "thumbnails/hiragana-chart-thumb.png",
    "type": "image",
    "updatedAt": "2026-01-18T09:15:00.000Z",
  },
]
[90mstdout[2m | .storybook/components/SpotlightOverlay.stories.tsx[2m > [22m[2mSingle Step
[22m[39m[FilesContext] Files count changed: 0 → 6
[90mstdout[2m | .storybook/components/SpotlightOverlay.stories.tsx[2m > [22m[2mSingle Step
[22m[39m[MOCK CourseVectorStore] Initialized with mock data
[90mstdout[2m | .storybook/components/SpotlightOverlay.stories.tsx[2m > [22m[2mSingle Step
[22m[39m[MOCK CourseVectorStore] Initialized with mock data
[90mstdout[2m | .storybook/components/SpotlightOverlay.stories.tsx[2m > [22m[2mSingle Step
[22m[39m[FilesContext] Vector store population triggered {
  "currentVectorStoreSize": 3,
  "documentsCount": 0,
  "filesCount": 6,
  "isInitialLoad": true,
}
[90mstdout[2m | .storybook/components/SpotlightOverlay.stories.tsx[2m > [22m[2mSingle Step
[22m[39m[FilesContext] Vector store population complete - 3 total embeddings
[90mstdout[2m | .storybook/components/SpotlightOverlay.stories.tsx[2m > [22m[2mSingle Step
[22m[39m[SpotlightOverlay] ⏱️ Retry attempt after 100 ms
[90mstdout[2m | .storybook/components/SpotlightOverlay.stories.tsx[2m > [22m[2mSingle Step
[22m[39m[SpotlightOverlay] Looking for selector: #start-tour-button
[90mstdout[2m | .storybook/components/SpotlightOverlay.stories.tsx[2m > [22m[2mSingle Step
[22m[39m[SpotlightOverlay] Element found: true
[90mstdout[2m | .storybook/components/SpotlightOverlay.stories.tsx[2m > [22m[2mSingle Step
[22m[39m[SpotlightOverlay] Target rect: {
  "height": 36.5,
  "left": 48,
  "top": 141.875,
  "width": 148.75,
}
[90mstdout[2m | .storybook/components/SpotlightOverlay.stories.tsx[2m > [22m[2mNo Target Element
[22m[39m[Mock Data] File subscription unsubscribed. Remaining: 0
[90mstdout[2m | .storybook/components/SpotlightOverlay.stories.tsx[2m > [22m[2mNo Target Element
[22m[39m[Mock Data] Document subscription unsubscribed. Remaining: 0
[90mstdout[2m | .storybook/components/SpotlightOverlay.stories.tsx[2m > [22m[2mNo Target Element
[22m[39m[Mock Data] Word subscription unsubscribed. Remaining: 0
[90mstdout[2m | .storybook/components/SpotlightOverlay.stories.tsx[2m > [22m[2mNo Target Element
[22m[39m[Mock Data] Question subscription unsubscribed. Remaining: 0
[90mstdout[2m | .storybook/components/SpotlightOverlay.stories.tsx[2m > [22m[2mNo Target Element
[22m[39m[Mock Data] Grade subscription unsubscribed. Remaining: 0
[90mstdout[2m | .storybook/components/SpotlightOverlay.stories.tsx[2m > [22m[2mNo Target Element
[22m[39m[Mock Data] Unit subscription unsubscribed. Remaining: 0
[90mstdout[2m | .storybook/components/SpotlightOverlay.stories.tsx[2m > [22m[2mNo Target Element
[22m[39m[SectionContext] Cleaning up subscriptions
[90mstdout[2m | .storybook/components/SpotlightOverlay.stories.tsx[2m > [22m[2mNo Target Element
[22m[39m[Mock Data] Section.onCreate() subscription removed. Remaining: 0
[90mstdout[2m | .storybook/components/SpotlightOverlay.stories.tsx[2m > [22m[2mNo Target Element
[22m[39m[Mock Data] Section.onUpdate() subscription removed. Remaining: 0
[90mstdout[2m | .storybook/components/SpotlightOverlay.stories.tsx[2m > [22m[2mNo Target Element
[22m[39m[Mock Data] Section.onDelete() subscription removed. Remaining: 0
[90mstdout[2m | .storybook/components/SpotlightOverlay.stories.tsx[2m > [22m[2mNo Target Element
[22m[39m[Mock Data] Assignment.onCreate() subscription removed. Remaining: 0
[90mstdout[2m | .storybook/components/SpotlightOverlay.stories.tsx[2m > [22m[2mNo Target Element
[22m[39m[Mock Data] Assignment.onUpdate() subscription removed. Remaining: 0
[90mstdout[2m | .storybook/components/SpotlightOverlay.stories.tsx[2m > [22m[2mNo Target Element
[22m[39m[Mock Data] Assignment.onDelete() subscription removed. Remaining: 0
[90mstdout[2m | .storybook/components/SpotlightOverlay.stories.tsx[2m > [22m[2mNo Target Element
[22m[39m[Mock Data] Clearing all data stores
[90mstdout[2m | .storybook/components/SpotlightOverlay.stories.tsx[2m > [22m[2mNo Target Element
[22m[39m[Mock Data] All data stores cleared
[90mstdout[2m | .storybook/components/SpotlightOverlay.stories.tsx[2m > [22m[2mNo Target Element
[22m[39m[Preview] Cleared mock data for story
[90mstdout[2m | .storybook/components/SpotlightOverlay.stories.tsx[2m > [22m[2mNo Target Element
[22m[39m[Mock Data Gen 2] Initializing mock data
[90mstdout[2m | .storybook/components/SpotlightOverlay.stories.tsx[2m > [22m[2mNo Target Element
[22m[39m[Mock Data] seedMockAssistantChats: Replacing with 1 assistant chats
[90mstdout[2m | .storybook/components/SpotlightOverlay.stories.tsx[2m > [22m[2mNo Target Element
[22m[39m[Mock Data Gen 2] Seeded AssistantChat: mock-assistant-chat-1
[90mstdout[2m | .storybook/components/SpotlightOverlay.stories.tsx[2m > [22m[2mNo Target Element
[22m[39m[Mock Data] seedMockFiles: Adding 6 files
[90mstdout[2m | .storybook/components/SpotlightOverlay.stories.tsx[2m > [22m[2mNo Target Element
[22m[39m[Mock Data Gen 2] Seeded Files: 6
[90mstdout[2m | .storybook/components/SpotlightOverlay.stories.tsx[2m > [22m[2mNo Target Element
[22m[39m[Mock Data Gen 2] Initializing mock data
[90mstdout[2m | .storybook/components/SpotlightOverlay.stories.tsx[2m > [22m[2mNo Target Element
[22m[39m[Mock Data] seedMockAssistantChats: Replacing with 1 assistant chats
[90mstdout[2m | .storybook/components/SpotlightOverlay.stories.tsx[2m > [22m[2mNo Target Element
[22m[39m[Mock Data Gen 2] Seeded AssistantChat: mock-assistant-chat-1
[90mstdout[2m | .storybook/components/SpotlightOverlay.stories.tsx[2m > [22m[2mNo Target Element
[22m[39m[Mock Data] seedMockFiles: Adding 6 files
[90mstdout[2m | .storybook/components/SpotlightOverlay.stories.tsx[2m > [22m[2mNo Target Element
[22m[39m[Mock Data Gen 2] Seeded Files: 6
[90mstdout[2m | .storybook/components/SpotlightOverlay.stories.tsx[2m > [22m[2mNo Target Element
[22m[39m[Preview] Initialized default mock data for story
[90mstdout[2m | .storybook/components/SpotlightOverlay.stories.tsx[2m > [22m[2mNo Target Element
[22m[39m[Mock AuthContext] Providing auth: {
  "error": undefined,
  "isLoading": false,
  "session": {
    "idToken": {
      "toString": [Function toString],
    },
    "identityId": "us-east-1:mock-identity-123",
    "username": "mock-user-sub",
  },
  "user": {
    "attributes": {
      "email": "alice@example.com",
      "name": "Alice Student",
      "sub": "mock-user-sub",
    },
  },
}
[90mstdout[2m | .storybook/components/SpotlightOverlay.stories.tsx[2m > [22m[2mNo Target Element
[22m[39m[MOCK CourseVectorStore] Initialized with mock data
[90mstdout[2m | .storybook/components/SpotlightOverlay.stories.tsx[2m > [22m[2mNo Target Element
[22m[39m[SpotlightOverlay] No target selector or position, centering
[90mstdout[2m | .storybook/components/SpotlightOverlay.stories.tsx[2m > [22m[2mNo Target Element
[22m[39m[TranslationModeController] Setting mode to: off
[90mstdout[2m | .storybook/components/SpotlightOverlay.stories.tsx[2m > [22m[2mNo Target Element
[22m[39m[SectionContext] useEffect triggered {
  "authLoading": false,
  "hasUser": true,
  "userSub": "mock-user-sub",
}
[90mstdout[2m | .storybook/components/SpotlightOverlay.stories.tsx[2m > [22m[2mNo Target Element
[22m[39m[SectionContext] Fetching sections for userId: mock-user-sub
[90mstdout[2m | .storybook/components/SpotlightOverlay.stories.tsx[2m > [22m[2mNo Target Element
[22m[39m[Mock Data] generateClient() called - returning mock client
[90mstdout[2m | .storybook/components/SpotlightOverlay.stories.tsx[2m > [22m[2mNo Target Element
[22m[39m[Mock amplifyClient] getAmplifyClient() called - returning mock client
[90mstdout[2m | .storybook/components/SpotlightOverlay.stories.tsx[2m > [22m[2mNo Target Element
[22m[39m[Mock Data] Section.list() called with options: undefined
[90mstdout[2m | .storybook/components/SpotlightOverlay.stories.tsx[2m > [22m[2mNo Target Element
[22m[39m[Mock Data] generateClient() called - returning mock client
[90mstdout[2m | .storybook/components/SpotlightOverlay.stories.tsx[2m > [22m[2mNo Target Element
[22m[39m[Mock amplifyClient] getAmplifyClient() called - returning mock client
[90mstdout[2m | .storybook/components/SpotlightOverlay.stories.tsx[2m > [22m[2mNo Target Element
[22m[39m[Mock Data] Assignment.list() called with options: {
  "filter": {
    "unitID": {
      "eq": "mock-unit-id",
    },
  },
}
[90mstdout[2m | .storybook/components/SpotlightOverlay.stories.tsx[2m > [22m[2mNo Target Element
[22m[39m[Mock Data] generateClient() called - returning mock client
[90mstdout[2m | .storybook/components/SpotlightOverlay.stories.tsx[2m > [22m[2mNo Target Element
[22m[39m[Mock amplifyClient] getAmplifyClient() called - returning mock client
[90mstdout[2m | .storybook/components/SpotlightOverlay.stories.tsx[2m > [22m[2mNo Target Element
[22m[39m[Mock Data] Grade.observeQuery() called with filter: {
  "filter": {
    "unitID": {
      "eq": "mock-unit-id",
    },
  },
}
[90mstdout[2m | .storybook/components/SpotlightOverlay.stories.tsx[2m > [22m[2mNo Target Element
[22m[39m[Mock Data] Grade.observeQuery() applying filter: {
  "unitID": {
    "eq": "mock-unit-id",
  },
}
[90mstdout[2m | .storybook/components/SpotlightOverlay.stories.tsx[2m > [22m[2mNo Target Element
[22m[39m[Mock Data] Grade.observeQuery() items before filter: 0
[90mstdout[2m | .storybook/components/SpotlightOverlay.stories.tsx[2m > [22m[2mNo Target Element
[22m[39m[Mock Data] Grade.observeQuery() items after filter: 0
[90mstdout[2m | .storybook/components/SpotlightOverlay.stories.tsx[2m > [22m[2mNo Target Element
[22m[39m[Mock Data] Grade.observeQuery() returning 0 items (filter applied) {
  "filter": {
    "unitID": {
      "eq": "mock-unit-id",
    },
  },
}
[90mstdout[2m | .storybook/components/SpotlightOverlay.stories.tsx[2m > [22m[2mNo Target Element
[22m[39m[Mock Data] Grade subscription added. Total subscriptions: 1
[90mstdout[2m | .storybook/components/SpotlightOverlay.stories.tsx[2m > [22m[2mNo Target Element
[22m[39m[UnitContext] useEffect triggered {
  "authLoading": false,
  "hasUser": true,
  "id": "mock-unit-id",
  "userSub": "mock-user-sub",
}
[90mstdout[2m | .storybook/components/SpotlightOverlay.stories.tsx[2m > [22m[2mNo Target Element
[22m[39m[UnitContext] Fetching unit data for id: mock-unit-id
[90mstdout[2m | .storybook/components/SpotlightOverlay.stories.tsx[2m > [22m[2mNo Target Element
[22m[39m[Mock Data] generateClient() called - returning mock client
[90mstdout[2m | .storybook/components/SpotlightOverlay.stories.tsx[2m > [22m[2mNo Target Element
[22m[39m[Mock amplifyClient] getAmplifyClient() called - returning mock client
[90mstdout[2m | .storybook/components/SpotlightOverlay.stories.tsx[2m > [22m[2mNo Target Element
[22m[39m[Mock Data] Unit.observeQuery() called with filter: {
  "filter": {
    "id": {
      "eq": "mock-unit-id",
    },
  },
}
[90mstdout[2m | .storybook/components/SpotlightOverlay.stories.tsx[2m > [22m[2mNo Target Element
[22m[39m[Mock Data] Unit.observeQuery() applying filter: {
  "id": {
    "eq": "mock-unit-id",
  },
}
[90mstdout[2m | .storybook/components/SpotlightOverlay.stories.tsx[2m > [22m[2mNo Target Element
[22m[39m[Mock Data] Unit.observeQuery() items before filter: 0
[90mstdout[2m | .storybook/components/SpotlightOverlay.stories.tsx[2m > [22m[2mNo Target Element
[22m[39m[Mock Data] Unit.observeQuery() items after filter: 0
[90mstdout[2m | .storybook/components/SpotlightOverlay.stories.tsx[2m > [22m[2mNo Target Element
[22m[39m[Mock Data] Unit.observeQuery() returning 0 items (filter applied) {
  "filter": {
    "id": {
      "eq": "mock-unit-id",
    },
  },
}
[90mstdout[2m | .storybook/components/SpotlightOverlay.stories.tsx[2m > [22m[2mNo Target Element
[22m[39m[Mock Data] Unit subscription added. Total subscriptions: 1
[90mstdout[2m | .storybook/components/SpotlightOverlay.stories.tsx[2m > [22m[2mNo Target Element
[22m[39m[Mock Data] generateClient() called - returning mock client
[90mstdout[2m | .storybook/components/SpotlightOverlay.stories.tsx[2m > [22m[2mNo Target Element
[22m[39m[Mock amplifyClient] getAmplifyClient() called - returning mock client
[90mstdout[2m | .storybook/components/SpotlightOverlay.stories.tsx[2m > [22m[2mNo Target Element
[22m[39m[Mock Data] Word.observeQuery() called with filter: undefined
[90mstdout[2m | .storybook/components/SpotlightOverlay.stories.tsx[2m > [22m[2mNo Target Element
[22m[39m[Mock Data] Word.observeQuery() returning 0 items (filter applied) undefined
[90mstdout[2m | .storybook/components/SpotlightOverlay.stories.tsx[2m > [22m[2mNo Target Element
[22m[39m[Mock Data] Word subscription added. Total subscriptions: 1
[90mstdout[2m | .storybook/components/SpotlightOverlay.stories.tsx[2m > [22m[2mNo Target Element
[22m[39m[Mock Data] generateClient() called - returning mock client
[90mstdout[2m | .storybook/components/SpotlightOverlay.stories.tsx[2m > [22m[2mNo Target Element
[22m[39m[Mock amplifyClient] getAmplifyClient() called - returning mock client
[90mstdout[2m | .storybook/components/SpotlightOverlay.stories.tsx[2m > [22m[2mNo Target Element
[22m[39m[Mock Data] Question.observeQuery() called with filter: undefined
[90mstdout[2m | .storybook/components/SpotlightOverlay.stories.tsx[2m > [22m[2mNo Target Element
[22m[39m[Mock Data] Question.observeQuery() returning 0 items (filter applied) undefined
[90mstdout[2m | .storybook/components/SpotlightOverlay.stories.tsx[2m > [22m[2mNo Target Element
[22m[39m[Mock Data] Question subscription added. Total subscriptions: 1
[90mstdout[2m | .storybook/components/SpotlightOverlay.stories.tsx[2m > [22m[2mNo Target Element
[22m[39m[FilesContext] Initializing vector store from IndexedDB
[90mstdout[2m | .storybook/components/SpotlightOverlay.stories.tsx[2m > [22m[2mNo Target Element
[22m[39m[FilesContext] fetchFiles called
[90mstdout[2m | .storybook/components/SpotlightOverlay.stories.tsx[2m > [22m[2mNo Target Element
[22m[39m[FilesContext] User authenticated: mock-user-sub
[90mstdout[2m | .storybook/components/SpotlightOverlay.stories.tsx[2m > [22m[2mNo Target Element
[22m[39m[FilesContext] Identity ID: us-east-1:mock-identity-123
[90mstdout[2m | .storybook/components/SpotlightOverlay.stories.tsx[2m > [22m[2mNo Target Element
[22m[39m[FilesContext] About to subscribe to File model
[90mstdout[2m | .storybook/components/SpotlightOverlay.stories.tsx[2m > [22m[2mNo Target Element
[22m[39m[Mock Data] generateClient() called - returning mock client
[90mstdout[2m | .storybook/components/SpotlightOverlay.stories.tsx[2m > [22m[2mNo Target Element
[22m[39m[Mock amplifyClient] getAmplifyClient() called - returning mock client
[90mstdout[2m | .storybook/components/SpotlightOverlay.stories.tsx[2m > [22m[2mNo Target Element
[22m[39m[Mock Data] File.observeQuery() called with filter: undefined
[90mstdout[2m | .storybook/components/SpotlightOverlay.stories.tsx[2m > [22m[2mNo Target Element
[22m[39m[Mock Data] File.observeQuery() returning 6 items (filter applied) undefined
[90mstdout[2m | .storybook/components/SpotlightOverlay.stories.tsx[2m > [22m[2mNo Target Element
[22m[39m[Mock Data] File subscription added. Total subscriptions: 1
[90mstdout[2m | .storybook/components/SpotlightOverlay.stories.tsx[2m > [22m[2mNo Target Element
[22m[39m[Mock Data] generateClient() called - returning mock client
[90mstdout[2m | .storybook/components/SpotlightOverlay.stories.tsx[2m > [22m[2mNo Target Element
[22m[39m[Mock amplifyClient] getAmplifyClient() called - returning mock client
[90mstdout[2m | .storybook/components/SpotlightOverlay.stories.tsx[2m > [22m[2mNo Target Element
[22m[39m[Mock Data] Document.observeQuery() called with filter: undefined
[90mstdout[2m | .storybook/components/SpotlightOverlay.stories.tsx[2m > [22m[2mNo Target Element
[22m[39m[Mock Data] Document.observeQuery() returning 0 items (filter applied) undefined
[90mstdout[2m | .storybook/components/SpotlightOverlay.stories.tsx[2m > [22m[2mNo Target Element
[22m[39m[Mock Data] Document subscription added. Total subscriptions: 1
[90mstdout[2m | .storybook/components/SpotlightOverlay.stories.tsx[2m > [22m[2mNo Target Element
[22m[39m[SectionContext] Initial sections: 0 []
[90mstdout[2m | .storybook/components/SpotlightOverlay.stories.tsx[2m > [22m[2mNo Target Element
[22m[39m[Mock Data] Section.onCreate() called with filter: undefined
[90mstdout[2m | .storybook/components/SpotlightOverlay.stories.tsx[2m > [22m[2mNo Target Element
[22m[39m[Mock Data] Section.onCreate() subscription added. Total: 1
[90mstdout[2m | .storybook/components/SpotlightOverlay.stories.tsx[2m > [22m[2mNo Target Element
[22m[39m[Mock Data] Section.onUpdate() called with filter: undefined
[90mstdout[2m | .storybook/components/SpotlightOverlay.stories.tsx[2m > [22m[2mNo Target Element
[22m[39m[Mock Data] Section.onUpdate() subscription added. Total: 1
[90mstdout[2m | .storybook/components/SpotlightOverlay.stories.tsx[2m > [22m[2mNo Target Element
[22m[39m[Mock Data] Section.onDelete() called with filter: undefined
[90mstdout[2m | .storybook/components/SpotlightOverlay.stories.tsx[2m > [22m[2mNo Target Element
[22m[39m[Mock Data] Section.onDelete() subscription added. Total: 1
[90mstdout[2m | .storybook/components/SpotlightOverlay.stories.tsx[2m > [22m[2mNo Target Element
[22m[39m[Mock Data] Assignment.onCreate() called with filter: {
  "filter": {
    "unitID": {
      "eq": "mock-unit-id",
    },
  },
}
[90mstdout[2m | .storybook/components/SpotlightOverlay.stories.tsx[2m > [22m[2mNo Target Element
[22m[39m[Mock Data] Assignment.onCreate() subscription added. Total: 1
[90mstdout[2m | .storybook/components/SpotlightOverlay.stories.tsx[2m > [22m[2mNo Target Element
[22m[39m[Mock Data] Assignment.onUpdate() called with filter: {
  "filter": {
    "unitID": {
      "eq": "mock-unit-id",
    },
  },
}
[90mstdout[2m | .storybook/components/SpotlightOverlay.stories.tsx[2m > [22m[2mNo Target Element
[22m[39m[Mock Data] Assignment.onUpdate() subscription added. Total: 1
[90mstdout[2m | .storybook/components/SpotlightOverlay.stories.tsx[2m > [22m[2mNo Target Element
[22m[39m[Mock Data] Assignment.onDelete() called with filter: {
  "filter": {
    "unitID": {
      "eq": "mock-unit-id",
    },
  },
}
[90mstdout[2m | .storybook/components/SpotlightOverlay.stories.tsx[2m > [22m[2mNo Target Element
[22m[39m[Mock Data] Assignment.onDelete() subscription added. Total: 1
[90mstdout[2m | .storybook/components/SpotlightOverlay.stories.tsx[2m > [22m[2mNo Target Element
[22m[39m[FilesContext] File observeQuery subscription triggered:
[90mstdout[2m | .storybook/components/SpotlightOverlay.stories.tsx[2m > [22m[2mNo Target Element
[22m[39m  - items.length: 6
[90mstdout[2m | .storybook/components/SpotlightOverlay.stories.tsx[2m > [22m[2mNo Target Element
[22m[39m  - isSynced: true
[90mstdout[2m | .storybook/components/SpotlightOverlay.stories.tsx[2m > [22m[2mNo Target Element
[22m[39m  - items: [
  {
    "_deleted": null,
    "_lastChangedAt": 1767711773285,
    "_version": 1,
    "byHex": null,
    "createdAt": "2026-01-06T15:02:53.253Z",
    "description": "Japanese language textbook - Chapter 1",
    "document": Promise {},
    "documentID": "e01017e1-fe7a-4521-b71c-09ec31b18639",
    "duration": null,
    "embedding": null,
    "generated": null,
    "hex": null,
    "id": "a57d7833-5fa7-4cb7-8b7a-ce7c6e10e551",
    "identityId": "us-east-1:b0eadde9-f02c-c71b-17a6-22ffd37d89c8",
    "key": "files/Japanese Wind 1.pdf",
    "level": "protected",
    "mimeType": "application/pdf",
    "model": null,
    "name": "Japanese Wind 1.pdf",
    "owner": "64d81418-7021-701d-9fed-a4c2e0735711",
    "parsedContent": [Function anonymous],
    "parsedContentID": null,
    "path": "files/Japanese Wind 1.pdf",
    "prompt": null,
    "size": 4706654,
    "thumbnail": null,
    "type": "pdf",
    "updatedAt": "2026-01-06T15:02:53.253Z",
    "variant": null,
    "waveformData": null,
  },
  {
    "_version": 2,
    "createdAt": "2026-01-15T10:00:00.000Z",
    "description": "Sample report with vocabulary",
    "document": Promise {},
    "documentID": "cd824b5b-2c66-41f8-8571-aa6794ff590c",
    "generated": false,
    "id": "mock-pdf-file-2",
    "identityId": "us-east-1:mock-identity",
    "key": "files/report.pdf",
    "level": "protected",
    "mimeType": "application/pdf",
    "name": "report.pdf",
    "owner": "mock-user-id",
    "parsedContent": [Function anonymous],
    "path": "files/report.pdf",
    "size": 123456,
    "type": "pdf",
    "updatedAt": "2026-01-15T10:30:00.000Z",
  },
  {
    "_version": 3,
    "createdAt": "2026-01-14T08:00:00.000Z",
    "description": "Vocabulary lesson PDF with extracted content",
    "document": Promise {},
    "documentID": "mock-document-3",
    "generated": false,
    "id": "mock-pdf-file-3",
    "identityId": "us-east-1:mock-identity",
    "key": "files/vocabulary-lesson.pdf",
    "level": "public",
    "mimeType": "application/pdf",
    "name": "vocabulary-lesson.pdf",
    "owner": "mock-user-id",
    "parsedContent": [Function anonymous],
    "path": "files/vocabulary-lesson.pdf",
    "size": 567890,
    "type": "pdf",
    "updatedAt": "2026-01-14T08:45:00.000Z",
  },
  {
    "_version": 1,
    "createdAt": "2026-01-20T10:00:00.000Z",
    "description": "Sample pronunciation audio",
    "documentID": null,
    "duration": 3.5,
    "generated": true,
    "id": "mock-audio-file-1",
    "identityId": "us-east-1:mock-identity",
    "key": "audio/pronunciation-demo.mp3",
    "level": "public",
    "mimeType": "audio/mpeg",
    "name": "pronunciation-demo.mp3",
    "owner": "mock-user-id",
    "parsedContent": [Function anonymous],
    "path": "audio/pronunciation-demo.mp3",
    "size": 56789,
    "type": "audio",
    "updatedAt": "2026-01-20T10:00:00.000Z",
    "waveformData": "[0.1, 0.3, 0.5, 0.7, 0.9, 0.7, 0.5, 0.3, 0.1]",
  },
  {
    "_version": 1,
    "createdAt": "2026-01-19T14:30:00.000Z",
    "description": "Lesson introduction audio",
    "documentID": null,
    "duration": 5.2,
    "generated": false,
    "id": "mock-audio-file-2",
    "identityId": "us-east-1:mock-identity",
    "key": "audio/lesson-intro.mp3",
    "level": "public",
    "mimeType": "audio/mpeg",
    "name": "lesson-intro.mp3",
    "owner": "mock-user-id",
    "parsedContent": [Function anonymous],
    "path": "audio/lesson-intro.mp3",
    "size": 87654,
    "type": "audio",
    "updatedAt": "2026-01-19T14:30:00.000Z",
    "waveformData": "[0.2, 0.4, 0.6, 0.8, 1.0, 0.8, 0.6, 0.4, 0.2]",
  },
  {
    "_version": 1,
    "createdAt": "2026-01-18T09:15:00.000Z",
    "description": "Hiragana character chart",
    "documentID": null,
    "generated": false,
    "id": "mock-image-file-1",
    "identityId": "us-east-1:mock-identity",
    "key": "images/hiragana-chart.png",
    "level": "public",
    "mimeType": "image/png",
    "name": "hiragana-chart.png",
    "owner": "mock-user-id",
    "parsedContent": [Function anonymous],
    "path": "images/hiragana-chart.png",
    "size": 234567,
    "thumbnail": "thumbnails/hiragana-chart-thumb.png",
    "type": "image",
    "updatedAt": "2026-01-18T09:15:00.000Z",
  },
]
[90mstdout[2m | .storybook/components/SpotlightOverlay.stories.tsx[2m > [22m[2mNo Target Element
[22m[39m[FilesContext] Files count changed: 0 → 6
[90mstdout[2m | .storybook/components/SpotlightOverlay.stories.tsx[2m > [22m[2mNo Target Element
[22m[39m[MOCK CourseVectorStore] Initialized with mock data
[90mstdout[2m | .storybook/components/SpotlightOverlay.stories.tsx[2m > [22m[2mNo Target Element
[22m[39m[MOCK CourseVectorStore] Initialized with mock data
[90mstdout[2m | .storybook/components/SpotlightOverlay.stories.tsx[2m > [22m[2mNo Target Element
[22m[39m[FilesContext] Vector store population triggered {
  "currentVectorStoreSize": 3,
  "documentsCount": 0,
  "filesCount": 6,
  "isInitialLoad": true,
}
[90mstdout[2m | .storybook/components/SpotlightOverlay.stories.tsx[2m > [22m[2mNo Target Element
[22m[39m[FilesContext] Vector store population complete - 3 total embeddings
[90mstdout[2m | .storybook/components/SpotlightOverlay.stories.tsx[2m > [22m[2mNo Target Element
[22m[39m[SpotlightOverlay] ⏱️ Retry attempt after 100 ms
[90mstdout[2m | .storybook/components/SpotlightOverlay.stories.tsx[2m > [22m[2mNo Target Element
[22m[39m[SpotlightOverlay] No target selector or position, centering
[90mstdout[2m | .storybook/components/SpotlightOverlay.stories.tsx[2m > [22m[2mManual Positioning
[22m[39m[Mock Data] File subscription unsubscribed. Remaining: 0
[90mstdout[2m | .storybook/components/SpotlightOverlay.stories.tsx[2m > [22m[2mManual Positioning
[22m[39m[Mock Data] Document subscription unsubscribed. Remaining: 0
[90mstdout[2m | .storybook/components/SpotlightOverlay.stories.tsx[2m > [22m[2mManual Positioning
[22m[39m[Mock Data] Word subscription unsubscribed. Remaining: 0
[90mstdout[2m | .storybook/components/SpotlightOverlay.stories.tsx[2m > [22m[2mManual Positioning
[22m[39m[Mock Data] Question subscription unsubscribed. Remaining: 0
[90mstdout[2m | .storybook/components/SpotlightOverlay.stories.tsx[2m > [22m[2mManual Positioning
[22m[39m[Mock Data] Grade subscription unsubscribed. Remaining: 0
[90mstdout[2m | .storybook/components/SpotlightOverlay.stories.tsx[2m > [22m[2mManual Positioning
[22m[39m[Mock Data] Unit subscription unsubscribed. Remaining: 0
[90mstdout[2m | .storybook/components/SpotlightOverlay.stories.tsx[2m > [22m[2mManual Positioning
[22m[39m[SectionContext] Cleaning up subscriptions
[90mstdout[2m | .storybook/components/SpotlightOverlay.stories.tsx[2m > [22m[2mManual Positioning
[22m[39m[Mock Data] Section.onCreate() subscription removed. Remaining: 0
[90mstdout[2m | .storybook/components/SpotlightOverlay.stories.tsx[2m > [22m[2mManual Positioning
[22m[39m[Mock Data] Section.onUpdate() subscription removed. Remaining: 0
[90mstdout[2m | .storybook/components/SpotlightOverlay.stories.tsx[2m > [22m[2mManual Positioning
[22m[39m[Mock Data] Section.onDelete() subscription removed. Remaining: 0
[90mstdout[2m | .storybook/components/SpotlightOverlay.stories.tsx[2m > [22m[2mManual Positioning
[22m[39m[Mock Data] Assignment.onCreate() subscription removed. Remaining: 0
[90mstdout[2m | .storybook/components/SpotlightOverlay.stories.tsx[2m > [22m[2mManual Positioning
[22m[39m[Mock Data] Assignment.onUpdate() subscription removed. Remaining: 0
[90mstdout[2m | .storybook/components/SpotlightOverlay.stories.tsx[2m > [22m[2mManual Positioning
[22m[39m[Mock Data] Assignment.onDelete() subscription removed. Remaining: 0
[90mstdout[2m | .storybook/components/SpotlightOverlay.stories.tsx[2m > [22m[2mManual Positioning
[22m[39m[Mock Data] Clearing all data stores
[90mstdout[2m | .storybook/components/SpotlightOverlay.stories.tsx[2m > [22m[2mManual Positioning
[22m[39m[Mock Data] All data stores cleared
[90mstdout[2m | .storybook/components/SpotlightOverlay.stories.tsx[2m > [22m[2mManual Positioning
[22m[39m[Preview] Cleared mock data for story
[90mstdout[2m | .storybook/components/SpotlightOverlay.stories.tsx[2m > [22m[2mManual Positioning
[22m[39m[Mock Data Gen 2] Initializing mock data
[90mstdout[2m | .storybook/components/SpotlightOverlay.stories.tsx[2m > [22m[2mManual Positioning
[22m[39m[Mock Data] seedMockAssistantChats: Replacing with 1 assistant chats
[90mstdout[2m | .storybook/components/SpotlightOverlay.stories.tsx[2m > [22m[2mManual Positioning
[22m[39m[Mock Data Gen 2] Seeded AssistantChat: mock-assistant-chat-1
[90mstdout[2m | .storybook/components/SpotlightOverlay.stories.tsx[2m > [22m[2mManual Positioning
[22m[39m[Mock Data] seedMockFiles: Adding 6 files
[90mstdout[2m | .storybook/components/SpotlightOverlay.stories.tsx[2m > [22m[2mManual Positioning
[22m[39m[Mock Data Gen 2] Seeded Files: 6
[90mstdout[2m | .storybook/components/SpotlightOverlay.stories.tsx[2m > [22m[2mManual Positioning
[22m[39m[Mock Data Gen 2] Initializing mock data
[90mstdout[2m | .storybook/components/SpotlightOverlay.stories.tsx[2m > [22m[2mManual Positioning
[22m[39m[Mock Data] seedMockAssistantChats: Replacing with 1 assistant chats
[90mstdout[2m | .storybook/components/SpotlightOverlay.stories.tsx[2m > [22m[2mManual Positioning
[22m[39m[Mock Data Gen 2] Seeded AssistantChat: mock-assistant-chat-1
[90mstdout[2m | .storybook/components/SpotlightOverlay.stories.tsx[2m > [22m[2mManual Positioning
[22m[39m[Mock Data] seedMockFiles: Adding 6 files
[90mstdout[2m | .storybook/components/SpotlightOverlay.stories.tsx[2m > [22m[2mManual Positioning
[22m[39m[Mock Data Gen 2] Seeded Files: 6
[90mstdout[2m | .storybook/components/SpotlightOverlay.stories.tsx[2m > [22m[2mManual Positioning
[22m[39m[Preview] Initialized default mock data for story
[90mstdout[2m | .storybook/components/SpotlightOverlay.stories.tsx[2m > [22m[2mManual Positioning
[22m[39m[Mock AuthContext] Providing auth: {
  "error": undefined,
  "isLoading": false,
  "session": {
    "idToken": {
      "toString": [Function toString],
    },
    "identityId": "us-east-1:mock-identity-123",
    "username": "mock-user-sub",
  },
  "user": {
    "attributes": {
      "email": "alice@example.com",
      "name": "Alice Student",
      "sub": "mock-user-sub",
    },
  },
}
[90mstdout[2m | .storybook/components/SpotlightOverlay.stories.tsx[2m > [22m[2mManual Positioning
[22m[39m[MOCK CourseVectorStore] Initialized with mock data
[90mstdout[2m | .storybook/components/SpotlightOverlay.stories.tsx[2m > [22m[2mManual Positioning
[22m[39m[SpotlightOverlay] Using manual position: {
  "height": 100,
  "left": 300,
  "top": 200,
  "width": 200,
}
[90mstdout[2m | .storybook/components/SpotlightOverlay.stories.tsx[2m > [22m[2mManual Positioning
[22m[39m[TranslationModeController] Setting mode to: off
[90mstdout[2m | .storybook/components/SpotlightOverlay.stories.tsx[2m > [22m[2mManual Positioning
[22m[39m[SectionContext] useEffect triggered {
  "authLoading": false,
  "hasUser": true,
  "userSub": "mock-user-sub",
}
[90mstdout[2m | .storybook/components/SpotlightOverlay.stories.tsx[2m > [22m[2mManual Positioning
[22m[39m[SectionContext] Fetching sections for userId: mock-user-sub
[90mstdout[2m | .storybook/components/SpotlightOverlay.stories.tsx[2m > [22m[2mManual Positioning
[22m[39m[Mock Data] generateClient() called - returning mock client
[90mstdout[2m | .storybook/components/SpotlightOverlay.stories.tsx[2m > [22m[2mManual Positioning
[22m[39m[Mock amplifyClient] getAmplifyClient() called - returning mock client
[90mstdout[2m | .storybook/components/SpotlightOverlay.stories.tsx[2m > [22m[2mManual Positioning
[22m[39m[Mock Data] Section.list() called with options: undefined
[90mstdout[2m | .storybook/components/SpotlightOverlay.stories.tsx[2m > [22m[2mManual Positioning
[22m[39m[Mock Data] generateClient() called - returning mock client
[90mstdout[2m | .storybook/components/SpotlightOverlay.stories.tsx[2m > [22m[2mManual Positioning
[22m[39m[Mock amplifyClient] getAmplifyClient() called - returning mock client
[90mstdout[2m | .storybook/components/SpotlightOverlay.stories.tsx[2m > [22m[2mManual Positioning
[22m[39m[Mock Data] Assignment.list() called with options: {
  "filter": {
    "unitID": {
      "eq": "mock-unit-id",
    },
  },
}
[90mstdout[2m | .storybook/components/SpotlightOverlay.stories.tsx[2m > [22m[2mManual Positioning
[22m[39m[Mock Data] generateClient() called - returning mock client
[90mstdout[2m | .storybook/components/SpotlightOverlay.stories.tsx[2m > [22m[2mManual Positioning
[22m[39m[Mock amplifyClient] getAmplifyClient() called - returning mock client
[90mstdout[2m | .storybook/components/SpotlightOverlay.stories.tsx[2m > [22m[2mManual Positioning
[22m[39m[Mock Data] Grade.observeQuery() called with filter: {
  "filter": {
    "unitID": {
      "eq": "mock-unit-id",
    },
  },
}
[90mstdout[2m | .storybook/components/SpotlightOverlay.stories.tsx[2m > [22m[2mManual Positioning
[22m[39m[Mock Data] Grade.observeQuery() applying filter: {
  "unitID": {
    "eq": "mock-unit-id",
  },
}
[90mstdout[2m | .storybook/components/SpotlightOverlay.stories.tsx[2m > [22m[2mManual Positioning
[22m[39m[Mock Data] Grade.observeQuery() items before filter: 0
[90mstdout[2m | .storybook/components/SpotlightOverlay.stories.tsx[2m > [22m[2mManual Positioning
[22m[39m[Mock Data] Grade.observeQuery() items after filter: 0
[90mstdout[2m | .storybook/components/SpotlightOverlay.stories.tsx[2m > [22m[2mManual Positioning
[22m[39m[Mock Data] Grade.observeQuery() returning 0 items (filter applied) {
  "filter": {
    "unitID": {
      "eq": "mock-unit-id",
    },
  },
}
[90mstdout[2m | .storybook/components/SpotlightOverlay.stories.tsx[2m > [22m[2mManual Positioning
[22m[39m[Mock Data] Grade subscription added. Total subscriptions: 1
[90mstdout[2m | .storybook/components/SpotlightOverlay.stories.tsx[2m > [22m[2mManual Positioning
[22m[39m[UnitContext] useEffect triggered {
  "authLoading": false,
  "hasUser": true,
  "id": "mock-unit-id",
  "userSub": "mock-user-sub",
}
[90mstdout[2m | .storybook/components/SpotlightOverlay.stories.tsx[2m > [22m[2mManual Positioning
[22m[39m[UnitContext] Fetching unit data for id: mock-unit-id
[90mstdout[2m | .storybook/components/SpotlightOverlay.stories.tsx[2m > [22m[2mManual Positioning
[22m[39m[Mock Data] generateClient() called - returning mock client
[90mstdout[2m | .storybook/components/SpotlightOverlay.stories.tsx[2m > [22m[2mManual Positioning
[22m[39m[Mock amplifyClient] getAmplifyClient() called - returning mock client
[90mstdout[2m | .storybook/components/SpotlightOverlay.stories.tsx[2m > [22m[2mManual Positioning
[22m[39m[Mock Data] Unit.observeQuery() called with filter: {
  "filter": {
    "id": {
      "eq": "mock-unit-id",
    },
  },
}
[90mstdout[2m | .storybook/components/SpotlightOverlay.stories.tsx[2m > [22m[2mManual Positioning
[22m[39m[Mock Data] Unit.observeQuery() applying filter: {
  "id": {
    "eq": "mock-unit-id",
  },
}
[90mstdout[2m | .storybook/components/SpotlightOverlay.stories.tsx[2m > [22m[2mManual Positioning
[22m[39m[Mock Data] Unit.observeQuery() items before filter: 0
[90mstdout[2m | .storybook/components/SpotlightOverlay.stories.tsx[2m > [22m[2mManual Positioning
[22m[39m[Mock Data] Unit.observeQuery() items after filter: 0
[90mstdout[2m | .storybook/components/SpotlightOverlay.stories.tsx[2m > [22m[2mManual Positioning
[22m[39m[Mock Data] Unit.observeQuery() returning 0 items (filter applied) {
  "filter": {
    "id": {
      "eq": "mock-unit-id",
    },
  },
}
[90mstdout[2m | .storybook/components/SpotlightOverlay.stories.tsx[2m > [22m[2mManual Positioning
[22m[39m[Mock Data] Unit subscription added. Total subscriptions: 1
[90mstdout[2m | .storybook/components/SpotlightOverlay.stories.tsx[2m > [22m[2mManual Positioning
[22m[39m[Mock Data] generateClient() called - returning mock client
[90mstdout[2m | .storybook/components/SpotlightOverlay.stories.tsx[2m > [22m[2mManual Positioning
[22m[39m[Mock amplifyClient] getAmplifyClient() called - returning mock client
[90mstdout[2m | .storybook/components/SpotlightOverlay.stories.tsx[2m > [22m[2mManual Positioning
[22m[39m[Mock Data] Word.observeQuery() called with filter: undefined
[90mstdout[2m | .storybook/components/SpotlightOverlay.stories.tsx[2m > [22m[2mManual Positioning
[22m[39m[Mock Data] Word.observeQuery() returning 0 items (filter applied) undefined
[90mstdout[2m | .storybook/components/SpotlightOverlay.stories.tsx[2m > [22m[2mManual Positioning
[22m[39m[Mock Data] Word subscription added. Total subscriptions: 1
[90mstdout[2m | .storybook/components/SpotlightOverlay.stories.tsx[2m > [22m[2mManual Positioning
[22m[39m[Mock Data] generateClient() called - returning mock client
[90mstdout[2m | .storybook/components/SpotlightOverlay.stories.tsx[2m > [22m[2mManual Positioning
[22m[39m[Mock amplifyClient] getAmplifyClient() called - returning mock client
[90mstdout[2m | .storybook/components/SpotlightOverlay.stories.tsx[2m > [22m[2mManual Positioning
[22m[39m[Mock Data] Question.observeQuery() called with filter: undefined
[90mstdout[2m | .storybook/components/SpotlightOverlay.stories.tsx[2m > [22m[2mManual Positioning
[22m[39m[Mock Data] Question.observeQuery() returning 0 items (filter applied) undefined
[90mstdout[2m | .storybook/components/SpotlightOverlay.stories.tsx[2m > [22m[2mManual Positioning
[22m[39m[Mock Data] Question subscription added. Total subscriptions: 1
[90mstdout[2m | .storybook/components/SpotlightOverlay.stories.tsx[2m > [22m[2mManual Positioning
[22m[39m[FilesContext] Initializing vector store from IndexedDB
[90mstdout[2m | .storybook/components/SpotlightOverlay.stories.tsx[2m > [22m[2mManual Positioning
[22m[39m[FilesContext] fetchFiles called
[90mstdout[2m | .storybook/components/SpotlightOverlay.stories.tsx[2m > [22m[2mManual Positioning
[22m[39m[FilesContext] User authenticated: mock-user-sub
[90mstdout[2m | .storybook/components/SpotlightOverlay.stories.tsx[2m > [22m[2mManual Positioning
[22m[39m[FilesContext] Identity ID: us-east-1:mock-identity-123
[90mstdout[2m | .storybook/components/SpotlightOverlay.stories.tsx[2m > [22m[2mManual Positioning
[22m[39m[FilesContext] About to subscribe to File model
[90mstdout[2m | .storybook/components/SpotlightOverlay.stories.tsx[2m > [22m[2mManual Positioning
[22m[39m[Mock Data] generateClient() called - returning mock client
[90mstdout[2m | .storybook/components/SpotlightOverlay.stories.tsx[2m > [22m[2mManual Positioning
[22m[39m[Mock amplifyClient] getAmplifyClient() called - returning mock client
[90mstdout[2m | .storybook/components/SpotlightOverlay.stories.tsx[2m > [22m[2mManual Positioning
[22m[39m[Mock Data] File.observeQuery() called with filter: undefined
[90mstdout[2m | .storybook/components/SpotlightOverlay.stories.tsx[2m > [22m[2mManual Positioning
[22m[39m[Mock Data] File.observeQuery() returning 6 items (filter applied) undefined
[90mstdout[2m | .storybook/components/SpotlightOverlay.stories.tsx[2m > [22m[2mManual Positioning
[22m[39m[Mock Data] File subscription added. Total subscriptions: 1
[90mstdout[2m | .storybook/components/SpotlightOverlay.stories.tsx[2m > [22m[2mManual Positioning
[22m[39m[Mock Data] generateClient() called - returning mock client
[90mstdout[2m | .storybook/components/SpotlightOverlay.stories.tsx[2m > [22m[2mManual Positioning
[22m[39m[Mock amplifyClient] getAmplifyClient() called - returning mock client
[90mstdout[2m | .storybook/components/SpotlightOverlay.stories.tsx[2m > [22m[2mManual Positioning
[22m[39m[Mock Data] Document.observeQuery() called with filter: undefined
[90mstdout[2m | .storybook/components/SpotlightOverlay.stories.tsx[2m > [22m[2mManual Positioning
[22m[39m[Mock Data] Document.observeQuery() returning 0 items (filter applied) undefined
[90mstdout[2m | .storybook/components/SpotlightOverlay.stories.tsx[2m > [22m[2mManual Positioning
[22m[39m[Mock Data] Document subscription added. Total subscriptions: 1
[90mstdout[2m | .storybook/components/SpotlightOverlay.stories.tsx[2m > [22m[2mManual Positioning
[22m[39m[SectionContext] Initial sections: 0 []
[90mstdout[2m | .storybook/components/SpotlightOverlay.stories.tsx[2m > [22m[2mManual Positioning
[22m[39m[Mock Data] Section.onCreate() called with filter: undefined
[90mstdout[2m | .storybook/components/SpotlightOverlay.stories.tsx[2m > [22m[2mManual Positioning
[22m[39m[Mock Data] Section.onCreate() subscription added. Total: 1
[90mstdout[2m | .storybook/components/SpotlightOverlay.stories.tsx[2m > [22m[2mManual Positioning
[22m[39m[Mock Data] Section.onUpdate() called with filter: undefined
[90mstdout[2m | .storybook/components/SpotlightOverlay.stories.tsx[2m > [22m[2mManual Positioning
[22m[39m[Mock Data] Section.onUpdate() subscription added. Total: 1
[90mstdout[2m | .storybook/components/SpotlightOverlay.stories.tsx[2m > [22m[2mManual Positioning
[22m[39m[Mock Data] Section.onDelete() called with filter: undefined
[90mstdout[2m | .storybook/components/SpotlightOverlay.stories.tsx[2m > [22m[2mManual Positioning
[22m[39m[Mock Data] Section.onDelete() subscription added. Total: 1
[90mstdout[2m | .storybook/components/SpotlightOverlay.stories.tsx[2m > [22m[2mManual Positioning
[22m[39m[Mock Data] Assignment.onCreate() called with filter: {
  "filter": {
    "unitID": {
      "eq": "mock-unit-id",
    },
  },
}
[90mstdout[2m | .storybook/components/SpotlightOverlay.stories.tsx[2m > [22m[2mManual Positioning
[22m[39m[Mock Data] Assignment.onCreate() subscription added. Total: 1
[90mstdout[2m | .storybook/components/SpotlightOverlay.stories.tsx[2m > [22m[2mManual Positioning
[22m[39m[Mock Data] Assignment.onUpdate() called with filter: {
  "filter": {
    "unitID": {
      "eq": "mock-unit-id",
    },
  },
}
[90mstdout[2m | .storybook/components/SpotlightOverlay.stories.tsx[2m > [22m[2mManual Positioning
[22m[39m[Mock Data] Assignment.onUpdate() subscription added. Total: 1
[90mstdout[2m | .storybook/components/SpotlightOverlay.stories.tsx[2m > [22m[2mManual Positioning
[22m[39m[Mock Data] Assignment.onDelete() called with filter: {
  "filter": {
    "unitID": {
      "eq": "mock-unit-id",
    },
  },
}
[90mstdout[2m | .storybook/components/SpotlightOverlay.stories.tsx[2m > [22m[2mManual Positioning
[22m[39m[Mock Data] Assignment.onDelete() subscription added. Total: 1
[90mstdout[2m | .storybook/components/SpotlightOverlay.stories.tsx[2m > [22m[2mManual Positioning
[22m[39m[FilesContext] File observeQuery subscription triggered:
[90mstdout[2m | .storybook/components/SpotlightOverlay.stories.tsx[2m > [22m[2mManual Positioning
[22m[39m  - items.length: 6
[90mstdout[2m | .storybook/components/SpotlightOverlay.stories.tsx[2m > [22m[2mManual Positioning
[22m[39m  - isSynced: true
[90mstdout[2m | .storybook/components/SpotlightOverlay.stories.tsx[2m > [22m[2mManual Positioning
[22m[39m  - items: [
  {
    "_deleted": null,
    "_lastChangedAt": 1767711773285,
    "_version": 1,
    "byHex": null,
    "createdAt": "2026-01-06T15:02:53.253Z",
    "description": "Japanese language textbook - Chapter 1",
    "document": Promise {},
    "documentID": "e01017e1-fe7a-4521-b71c-09ec31b18639",
    "duration": null,
    "embedding": null,
    "generated": null,
    "hex": null,
    "id": "a57d7833-5fa7-4cb7-8b7a-ce7c6e10e551",
    "identityId": "us-east-1:b0eadde9-f02c-c71b-17a6-22ffd37d89c8",
    "key": "files/Japanese Wind 1.pdf",
    "level": "protected",
    "mimeType": "application/pdf",
    "model": null,
    "name": "Japanese Wind 1.pdf",
    "owner": "64d81418-7021-701d-9fed-a4c2e0735711",
    "parsedContent": [Function anonymous],
    "parsedContentID": null,
    "path": "files/Japanese Wind 1.pdf",
    "prompt": null,
    "size": 4706654,
    "thumbnail": null,
    "type": "pdf",
    "updatedAt": "2026-01-06T15:02:53.253Z",
    "variant": null,
    "waveformData": null,
  },
  {
    "_version": 2,
    "createdAt": "2026-01-15T10:00:00.000Z",
    "description": "Sample report with vocabulary",
    "document": Promise {},
    "documentID": "cd824b5b-2c66-41f8-8571-aa6794ff590c",
    "generated": false,
    "id": "mock-pdf-file-2",
    "identityId": "us-east-1:mock-identity",
    "key": "files/report.pdf",
    "level": "protected",
    "mimeType": "application/pdf",
    "name": "report.pdf",
    "owner": "mock-user-id",
    "parsedContent": [Function anonymous],
    "path": "files/report.pdf",
    "size": 123456,
    "type": "pdf",
    "updatedAt": "2026-01-15T10:30:00.000Z",
  },
  {
    "_version": 3,
    "createdAt": "2026-01-14T08:00:00.000Z",
    "description": "Vocabulary lesson PDF with extracted content",
    "document": Promise {},
    "documentID": "mock-document-3",
    "generated": false,
    "id": "mock-pdf-file-3",
    "identityId": "us-east-1:mock-identity",
    "key": "files/vocabulary-lesson.pdf",
    "level": "public",
    "mimeType": "application/pdf",
    "name": "vocabulary-lesson.pdf",
    "owner": "mock-user-id",
    "parsedContent": [Function anonymous],
    "path": "files/vocabulary-lesson.pdf",
    "size": 567890,
    "type": "pdf",
    "updatedAt": "2026-01-14T08:45:00.000Z",
  },
  {
    "_version": 1,
    "createdAt": "2026-01-20T10:00:00.000Z",
    "description": "Sample pronunciation audio",
    "documentID": null,
    "duration": 3.5,
    "generated": true,
    "id": "mock-audio-file-1",
    "identityId": "us-east-1:mock-identity",
    "key": "audio/pronunciation-demo.mp3",
    "level": "public",
    "mimeType": "audio/mpeg",
    "name": "pronunciation-demo.mp3",
    "owner": "mock-user-id",
    "parsedContent": [Function anonymous],
    "path": "audio/pronunciation-demo.mp3",
    "size": 56789,
    "type": "audio",
    "updatedAt": "2026-01-20T10:00:00.000Z",
    "waveformData": "[0.1, 0.3, 0.5, 0.7, 0.9, 0.7, 0.5, 0.3, 0.1]",
  },
  {
    "_version": 1,
    "createdAt": "2026-01-19T14:30:00.000Z",
    "description": "Lesson introduction audio",
    "documentID": null,
    "duration": 5.2,
    "generated": false,
    "id": "mock-audio-file-2",
    "identityId": "us-east-1:mock-identity",
    "key": "audio/lesson-intro.mp3",
    "level": "public",
    "mimeType": "audio/mpeg",
    "name": "lesson-intro.mp3",
    "owner": "mock-user-id",
    "parsedContent": [Function anonymous],
    "path": "audio/lesson-intro.mp3",
    "size": 87654,
    "type": "audio",
    "updatedAt": "2026-01-19T14:30:00.000Z",
    "waveformData": "[0.2, 0.4, 0.6, 0.8, 1.0, 0.8, 0.6, 0.4, 0.2]",
  },
  {
    "_version": 1,
    "createdAt": "2026-01-18T09:15:00.000Z",
    "description": "Hiragana character chart",
    "documentID": null,
    "generated": false,
    "id": "mock-image-file-1",
    "identityId": "us-east-1:mock-identity",
    "key": "images/hiragana-chart.png",
    "level": "public",
    "mimeType": "image/png",
    "name": "hiragana-chart.png",
    "owner": "mock-user-id",
    "parsedContent": [Function anonymous],
    "path": "images/hiragana-chart.png",
    "size": 234567,
    "thumbnail": "thumbnails/hiragana-chart-thumb.png",
    "type": "image",
    "updatedAt": "2026-01-18T09:15:00.000Z",
  },
]
[90mstdout[2m | .storybook/components/SpotlightOverlay.stories.tsx[2m > [22m[2mManual Positioning
[22m[39m[FilesContext] Files count changed: 0 → 6
[90mstdout[2m | .storybook/components/SpotlightOverlay.stories.tsx[2m > [22m[2mManual Positioning
[22m[39m[MOCK CourseVectorStore] Initialized with mock data
[90mstdout[2m | .storybook/components/SpotlightOverlay.stories.tsx[2m > [22m[2mManual Positioning
[22m[39m[MOCK CourseVectorStore] Initialized with mock data
[90mstdout[2m | .storybook/components/SpotlightOverlay.stories.tsx[2m > [22m[2mManual Positioning
[22m[39m[FilesContext] Vector store population triggered {
  "currentVectorStoreSize": 3,
  "documentsCount": 0,
  "filesCount": 6,
  "isInitialLoad": true,
}
[90mstdout[2m | .storybook/components/SpotlightOverlay.stories.tsx[2m > [22m[2mManual Positioning
[22m[39m[FilesContext] Vector store population complete - 3 total embeddings
[90mstdout[2m | .storybook/components/SpotlightOverlay.stories.tsx[2m > [22m[2mManual Positioning
[22m[39m[SpotlightOverlay] ⏱️ Retry attempt after 100 ms
[90mstdout[2m | .storybook/components/SpotlightOverlay.stories.tsx[2m > [22m[2mManual Positioning
[22m[39m[SpotlightOverlay] Using manual position: {
  "height": 100,
  "left": 300,
  "top": 200,
  "width": 200,
}
 [32m✓[39m [30m[45m storybook (chromium) [49m[39m .storybook/components/SpotlightOverlay.stories.tsx [2m([22m[2m5 tests[22m[2m)[22m[33m 1167[2mms[22m[39m
   [33m[2m✓[22m[39m Quiz Mode [33m 351[2mms[22m[39m
[90mstdout[2m | unknown test
[22m[39m[SpotlightOverlay] Using manual position: {
  "height": 100,
  "left": 300,
  "top": 200,
  "width": 200,
}
[90mstdout[2m | unknown test
[22m[39m[SpotlightOverlay] ⏱️ Retry attempt after 300 ms
[90mstdout[2m | unknown test
[22m[39m[SpotlightOverlay] Using manual position: {
  "height": 100,
  "left": 300,
  "top": 200,
  "width": 200,
}
[90mstdout[2m | unknown test
[22m[39m[SpotlightOverlay] ⏱️ Retry attempt after 500 ms
[90mstdout[2m | unknown test
[22m[39m[SpotlightOverlay] Using manual position: {
  "height": 100,
  "left": 300,
  "top": 200,
  "width": 200,
}
[90mstdout[2m | unknown test
[22m[39m[SpotlightOverlay] ⏱️ Retry attempt after 1000 ms
[90mstdout[2m | unknown test
[22m[39m[SpotlightOverlay] Using manual position: {
  "height": 100,
  "left": 300,
  "top": 200,
  "width": 200,
}
[90mstdout[2m | unknown test
[22m[39m[SpotlightOverlay] ⏱️ Retry attempt after 2000 ms
[90mstdout[2m | unknown test
[22m[39m[SpotlightOverlay] Using manual position: {
  "height": 100,
  "left": 300,
  "top": 200,
  "width": 200,
}
[2m10:21:04 AM[22m [36m[1m[vite][22m[39m (client) ✨ new dependencies optimized: @storybook/addon-links, @mui/icons-material/MenuBook, @mui/icons-material/RecordVoiceOver, @mui/icons-material/Chat, @mui/icons-material/Folder, @mui/icons-material/ArrowBack, @mui/icons-material/ArrowDownward, @mui/icons-material/ArrowUpward, @mui/icons-material/Translate, @mui/icons-material/Language
[2m10:21:04 AM[22m [36m[1m[vite][22m[39m (client) ✨ optimized dependencies changed. reloading
 [31m❯[39m [30m[45m storybook (chromium) [49m[39m .storybook/components/Welcome.stories.tsx [2m([22m[2m0 test[22m[2m)[22m
 [31m❯[39m [30m[45m storybook (chromium) [49m[39m src/components/AIFeedbackWidget.stories.jsx [2m([22m[2m0 test[22m[2m)[22m
 [31m❯[39m [30m[45m storybook (chromium) [49m[39m src/components/ChatSidebar.stories.jsx [2m([22m[2m0 test[22m[2m)[22m
 [31m❯[39m [30m[45m storybook (chromium) [49m[39m src/components/MainToolbar.stories.jsx [2m([22m[2m0 test[22m[2m)[22m
 [31m❯[39m [30m[45m storybook (chromium) [49m[39m src/components/ModerationBadge.stories.jsx [2m([22m[2m0 test[22m[2m)[22m
 [31m❯[39m [30m[45m storybook (chromium) [49m[39m src/components/ModerationPanel.stories.jsx [2m([22m[2m0 test[22m[2m)[22m
 [31m❯[39m [30m[45m storybook (chromium) [49m[39m src/components/PdfThumbnail.stories.tsx [2m([22m[2m0 test[22m[2m)[22m
 [31m❯[39m [30m[45m storybook (chromium) [49m[39m src/components/PermissionErrorOverlay.stories.jsx [2m([22m[2m0 test[22m[2m)[22m
 [31m❯[39m [30m[45m storybook (chromium) [49m[39m src/components/QuestionBlock.stories.jsx [2m([22m[2m0 test[22m[2m)[22m
 [31m❯[39m [30m[45m storybook (chromium) [49m[39m src/components/QuestionsReview2.stories.tsx [2m([22m[2m0 test[22m[2m)[22m
 [31m❯[39m [30m[45m storybook (chromium) [49m[39m src/components/RecordingStudio2.stories.jsx [2m([22m[2m0 test[22m[2m)[22m
 [31m❯[39m [30m[45m storybook (chromium) [49m[39m src/components/RecordingStudio3.stories.jsx [2m([22m[2m0 test[22m[2m)[22m
 [31m❯[39m [30m[45m storybook (chromium) [49m[39m src/components/SafeHydrate.stories.jsx [2m([22m[2m0 test[22m[2m)[22m
 [31m❯[39m [30m[45m storybook (chromium) [49m[39m src/components/SectionAssigner.stories.jsx [2m([22m[2m0 test[22m[2m)[22m
 [31m❯[39m [30m[45m storybook (chromium) [49m[39m src/components/SortableAnswers.stories.jsx [2m([22m[2m0 test[22m[2m)[22m
 [31m❯[39m [30m[45m storybook (chromium) [49m[39m src/components/VocabularyReview2.stories.tsx [2m([22m[2m0 test[22m[2m)[22m
 [31m❯[39m [30m[45m storybook (chromium) [49m[39m src/stories/Button.stories.ts [2m([22m[2m0 test[22m[2m)[22m
 [31m❯[39m [30m[45m storybook (chromium) [49m[39m src/stories/Header.stories.ts [2m([22m[2m0 test[22m[2m)[22m
 [31m❯[39m [30m[45m storybook (chromium) [49m[39m src/stories/KeyboardShortcutTrainer.stories.tsx [2m([22m[2m0 test[22m[2m)[22m
 [31m❯[39m [30m[45m storybook (chromium) [49m[39m src/stories/LearningModes.stories.tsx [2m([22m[2m0 test[22m[2m)[22m
 [31m❯[39m [30m[45m storybook (chromium) [49m[39m src/stories/OnboardingExamples.stories.tsx [2m([22m[2m0 test[22m[2m)[22m
 [31m❯[39m [30m[45m storybook (chromium) [49m[39m src/stories/Page.stories.ts [2m([22m[2m0 test[22m[2m)[22m
 [31m❯[39m [30m[45m storybook (chromium) [49m[39m src/components/ChatSidebar/ContentPreview.stories.tsx [2m([22m[2m0 test[22m[2m)[22m
 [31m❯[39m [30m[45m storybook (chromium) [49m[39m src/components/ChatSidebar/SearchResults.stories.jsx [2m([22m[2m0 test[22m[2m)[22m
 [31m❯[39m [30m[45m storybook (chromium) [49m[39m src/components/ChatSidebar/ToolCallPreview.stories.tsx [2m([22m[2m0 test[22m[2m)[22m
 [31m❯[39m [30m[45m storybook (chromium) [49m[39m src/components/ChatSidebar/VirtualizedMessageList.stories.jsx [2m([22m[2m0 test[22m[2m)[22m
 [31m❯[39m [30m[45m storybook (chromium) [49m[39m src/components/DebugPanel/ComponentTreeView.stories.tsx [2m([22m[2m0 test[22m[2m)[22m
 [31m❯[39m [30m[45m storybook (chromium) [49m[39m src/components/DebugPanel/DebugPanel.stories.tsx [2m([22m[2m0 test[22m[2m)[22m
 [31m❯[39m [30m[45m storybook (chromium) [49m[39m src/components/DebugPanel/LogViewer.stories.tsx [2m([22m[2m0 test[22m[2m)[22m
 [31m❯[39m [30m[45m storybook (chromium) [49m[39m src/components/DebugPanel/StateInspector.stories.tsx [2m([22m[2m0 test[22m[2m)[22m
 [31m❯[39m [30m[45m storybook (chromium) [49m[39m src/components/Editor3/Editor.stories.jsx [2m([22m[2m0 test[22m[2m)[22m
 [31m❯[39m [30m[45m storybook (chromium) [49m[39m src/components/Editor3/Workbook.stories.jsx [2m([22m[2m0 test[22m[2m)[22m
 [31m❯[39m [30m[45m storybook (chromium) [49m[39m src/components/MeaningAssociationExercise/MeaningAssociation.stories.jsx [2m([22m[2m0 test[22m[2m)[22m
 [31m❯[39m [30m[45m storybook (chromium) [49m[39m src/components/Editor3/components/AudioWaveformPlayer.stories.jsx [2m([22m[2m0 test[22m[2m)[22m
 [31m❯[39m [30m[45m storybook (chromium) [49m[39m src/components/Editor3/components/EditorComponents.stories.jsx [2m([22m[2m0 test[22m[2m)[22m
 [31m❯[39m [30m[45m storybook (chromium) [49m[39m src/components/Editor3/components/EnhancedGeneration.stories.jsx [2m([22m[2m0 test[22m[2m)[22m
 [31m❯[39m [30m[45m storybook (chromium) [49m[39m src/components/Editor3/components/FileManager2.stories.jsx [2m([22m[2m0 test[22m[2m)[22m
 [31m❯[39m [30m[45m storybook (chromium) [49m[39m src/components/Editor3/components/MetadataEditor.stories.tsx [2m([22m[2m0 test[22m[2m)[22m
 [31m❯[39m [30m[45m storybook (chromium) [49m[39m src/components/Editor3/plugins/AIContentCompletionPlugin.stories.jsx [2m([22m[2m0 test[22m[2m)[22m
 [31m❯[39m [30m[45m storybook (chromium) [49m[39m src/components/Editor3/plugins/AnswerPlugin.audio-drawing.stories.jsx [2m([22m[2m0 test[22m[2m)[22m
 [31m❯[39m [30m[45m storybook (chromium) [49m[39m src/components/Editor3/plugins/AnswerPlugin.stories.jsx [2m([22m[2m0 test[22m[2m)[22m
 [31m❯[39m [30m[45m storybook (chromium) [49m[39m src/components/Editor3/plugins/AutoEmbedPlugin.stories.jsx [2m([22m[2m0 test[22m[2m)[22m
 [31m❯[39m [30m[45m storybook (chromium) [49m[39m src/components/Editor3/plugins/AutocompletePlugin.stories.jsx [2m([22m[2m0 test[22m[2m)[22m
 [31m❯[39m [30m[45m storybook (chromium) [49m[39m src/components/Editor3/plugins/BlockSuggestionPlugin.stories.jsx [2m([22m[2m0 test[22m[2m)[22m
 [31m❯[39m [30m[45m storybook (chromium) [49m[39m src/components/Editor3/plugins/BlockSuggestionPluginAI.stories.jsx [2m([22m[2m0 test[22m[2m)[22m
 [31m❯[39m [30m[45m storybook (chromium) [49m[39m src/components/Editor3/plugins/ColorPicker.stories.jsx [2m([22m[2m0 test[22m[2m)[22m
 [31m❯[39m [30m[45m storybook (chromium) [49m[39m src/components/Editor3/plugins/CustomAnswerPlugin.audio-drawing.stories.jsx [2m([22m[2m0 test[22m[2m)[22m
 [31m❯[39m [30m[45m storybook (chromium) [49m[39m src/components/Editor3/plugins/CustomAnswerPlugin.stories.jsx [2m([22m[2m0 test[22m[2m)[22m
 [31m❯[39m [30m[45m storybook (chromium) [49m[39m src/components/Editor3/plugins/DragDropPastePlugin.stories.jsx [2m([22m[2m0 test[22m[2m)[22m
 [31m❯[39m [30m[45m storybook (chromium) [49m[39m src/components/Editor3/plugins/DraggableBlockPlugin.stories.jsx [2m([22m[2m0 test[22m[2m)[22m
 [31m❯[39m [30m[45m storybook (chromium) [49m[39m src/components/Editor3/plugins/FloatingLinkEditorPlugin.stories.jsx [2m([22m[2m0 test[22m[2m)[22m
 [31m❯[39m [30m[45m storybook (chromium) [49m[39m src/components/Editor3/plugins/ImagesPlugin.stories.jsx [2m([22m[2m0 test[22m[2m)[22m
 [31m❯[39m [30m[45m storybook (chromium) [49m[39m src/components/Editor3/plugins/LayoutPlugin.stories.jsx [2m([22m[2m0 test[22m[2m)[22m
 [31m❯[39m [30m[45m storybook (chromium) [49m[39m src/components/Editor3/plugins/LinkPlugin.stories.jsx [2m([22m[2m0 test[22m[2m)[22m
 [31m❯[39m [30m[45m storybook (chromium) [49m[39m src/components/Editor3/plugins/MeaningAssociationPlugin.stories.jsx [2m([22m[2m0 test[22m[2m)[22m
 [31m❯[39m [30m[45m storybook (chromium) [49m[39m src/components/Editor3/plugins/PlaylistPlugin.stories.jsx [2m([22m[2m0 test[22m[2m)[22m
 [31m❯[39m [30m[45m storybook (chromium) [49m[39m src/components/Editor3/plugins/QuizPlugin.stories.jsx [2m([22m[2m0 test[22m[2m)[22m
 [31m❯[39m [30m[45m storybook (chromium) [49m[39m src/components/Editor3/plugins/SearchHighlightPlugin.stories.jsx [2m([22m[2m0 test[22m[2m)[22m
 [31m❯[39m [30m[45m storybook (chromium) [49m[39m src/components/Editor3/plugins/TablePlugin.stories.jsx [2m([22m[2m0 test[22m[2m)[22m
 [31m❯[39m [30m[45m storybook (chromium) [49m[39m src/components/Editor3/plugins/UnitCompletedPlugin.stories.jsx [2m([22m[2m0 test[22m[2m)[22m
 [31m❯[39m [30m[45m storybook (chromium) [49m[39m src/components/Editor3/plugins/WordBlockPlugin.stories.jsx [2m([22m[2m0 test[22m[2m)[22m
 [31m❯[39m [30m[45m storybook (chromium) [49m[39m src/components/Editor3/plugins/YouTubePlugin.stories.jsx [2m([22m[2m0 test[22m[2m)[22m
 [32m✓[39m [30m[42m unit [49m[39m amplify/functions/__tests__/section.integration.test.ts [2m([22m[2m7 tests[22m[2m)[22m[33m 18139[2mms[22m[39m
     [33m[2m✓[22m[39m should require auth token [33m 18125[2mms[22m[39m
 [31m❯[39m [30m[42m unit [49m[39m src/hooks/useYjsUnit.test.ts [2m([22m[2m24 tests[22m[2m | [22m[31m22 failed[39m[2m)[22m[33m 23319[2mms[22m[39m
       [32m✓[39m should start in loading state[32m 59[2mms[22m[39m
[31m       [31m×[31m should load unit from GraphQL API[39m[33m 5056[2mms[22m[39m
[31m       [31m×[31m should parse JSON data field[39m[33m 1011[2mms[22m[39m
[31m       [31m×[31m should handle null data field[39m[33m 1007[2mms[22m[39m
[31m       [31m×[31m should handle unit not found[39m[33m 1010[2mms[22m[39m
[31m       [31m×[31m should handle load errors[39m[33m 1011[2mms[22m[39m
[31m       [31m×[31m should apply Yjs snapshot if exists[39m[33m 1011[2mms[22m[39m
[31m       [31m×[31m should initialize provider with correct docName[39m[32m 5[2mms[22m[39m
[31m       [31m×[31m should respect enableWebSocket option[39m[32m 4[2mms[22m[39m
[31m       [31m×[31m should respect enablePersistence option[39m[32m 5[2mms[22m[39m
[31m       [31m×[31m should return Y.Text for editor content[39m[33m 1007[2mms[22m[39m
[31m       [31m×[31m should return Y.Map for metadata[39m[33m 1013[2mms[22m[39m
[31m       [31m×[31m should update metadata in Y.Map[39m[33m 1008[2mms[22m[39m
       [32m✓[39m should handle null provider gracefully[32m 8[2mms[22m[39m
[31m       [31m×[31m should save immediately when forceSave called[39m[33m 1009[2mms[22m[39m
[31m       [31m×[31m should stringify editor content for Gen 2[39m[33m 1008[2mms[22m[39m
[31m       [31m×[31m should encode Yjs state as base64[39m[33m 1011[2mms[22m[39m
[31m       [31m×[31m should include metadata in save[39m[33m 1009[2mms[22m[39m
[31m       [31m×[31m should include version number[39m[33m 1012[2mms[22m[39m
[31m       [31m×[31m should handle version conflict error[39m[33m 1009[2mms[22m[39m
[31m       [31m×[31m should reload from DataStore on conflict[39m[33m 1010[2mms[22m[39m
[31m       [31m×[31m should unsubscribe on unmount[39m[33m 1009[2mms[22m[39m
[31m       [31m×[31m should handle empty content[39m[33m 1009[2mms[22m[39m
[31m       [31m×[31m should handle special characters[39m[33m 1013[2mms[22m[39m
 [31m❯[39m [30m[42m unit [49m[39m test/performance/datastore-sync.test.ts [2m([22m[2m12 tests[22m[2m | [22m[31m4 failed[39m[2m)[22m[33m 31567[2mms[22m[39m
[31m       [31m×[31m fetches small dataset efficiently[39m[33m 2239[2mms[22m[39m
       [33m[2m✓[22m[39m fetches large dataset efficiently [33m 1936[2mms[22m[39m
       [33m[2m✓[22m[39m handles pagination efficiently [33m 1160[2mms[22m[39m
[31m       [31m×[31m propagates updates quickly[39m[33m 6871[2mms[22m[39m
[31m       [31m×[31m handles rapid successive updates[39m[33m 6050[2mms[22m[39m
       [33m[2m✓[22m[39m unsubscribes cleanly without memory leaks [33m 1521[2mms[22m[39m
       [33m[2m✓[22m[39m handles subscription errors gracefully [33m 1002[2mms[22m[39m
       [33m[2m✓[22m[39m monitors memory usage during sustained operations [33m 2031[2mms[22m[39m
       [33m[2m✓[22m[39m handles multiple concurrent subscriptions efficiently [33m 2007[2mms[22m[39m
       [33m[2m✓[22m[39m applies filters efficiently on large datasets [33m 1120[2mms[22m[39m
       [33m[2m✓[22m[39m handles complex filter combinations [33m 511[2mms[22m[39m
[31m       [31m×[31m generates comprehensive DataStore performance report[39m[33m 1608[2mms[22m[39m
