[    1855ms] [LOG] [Fast Refresh] rebuilding @ http://localhost:3000/_next/static/chunks/node_modules_next_dist_0bc8q4g._.js:1233
[   55200ms] [LOG] [Fast Refresh] done in 53448ms @ http://localhost:3000/_next/static/chunks/node_modules_next_dist_0bc8q4g._.js:1233
[   57010ms] [INFO] %cDownload the React DevTools for a better development experience: https://reactjs.org/link/react-devtools font-weight:bold @ http://localhost:3000/_next/static/chunks/node_modules_react-dom_cjs_react-dom_development_07i0ttg.js:25055
[   59298ms] [LOG] [HMR] connected @ http://localhost:3000/_next/static/chunks/node_modules_next_dist_0bc8q4g._.js:1233
[   59344ms] [WARNING] [HMR] Invalid message: {"type":"isrManifest","data":{"/sections":false,"/":false,"/profile":false,"/static/favicon.ico":false,"/skills":false,"/guild/f179dda0-2616-4f0d-ba5c-001fe2f7e414":false,"/unit/2a1a6e1d-e963-4829-b536-8604e41b33ea?sidebars=chat":false,"/guilds":false,"/icon-192.png":false,"/leaderboard":false}}
TypeError: Cannot read properties of undefined (reading 'components')
    at handleStaticIndicator (http://localhost:3000/_next/static/chunks/node_modules_next_dist_client_0pe1dg-._.js:2799:46)
    at processMessage (http://localhost:3000/_next/static/chunks/node_modules_next_dist_client_0pe1dg-._.js:2813:17)
    at http://localhost:3000/_next/static/chunks/node_modules_next_dist_client_0pe1dg-._.js:2687:13
    at WebSocket.handleMessage (http://localhost:3000/_next/static/chunks/node_modules_next_dist_client_0pe1dg-._.js:2332:17) @ http://localhost:3000/_next/static/chunks/node_modules_next_dist_0bc8q4g._.js:1233
[   60318ms] [INFO] 🌐 i18next is made possible by our own product, Locize — consider powering your project with managed localization (AI, CDN, integrations): https://locize.com 💙 @ http://localhost:3000/_next/static/chunks/node_modules_next_dist_0bc8q4g._.js:1233
[   63536ms] [LOG] [ChatSidebar] Registered client-side tools: [search_content, create_section, create_unit, create_assignment, add_timer_to_unit, create_vocabulary_word, create_question, list_sections, list_units, get_unit_details, update_unit, delete_assignment, start_practice_drill] @ http://localhost:3000/_next/static/chunks/node_modules_next_dist_0bc8q4g._.js:1233
[   63555ms] [LOG] [ChatSidebar] Registered client-side tools: [search_content, create_section, create_unit, create_assignment, add_timer_to_unit, create_vocabulary_word, create_question, list_sections, list_units, get_unit_details, update_unit, delete_assignment, start_practice_drill] @ http://localhost:3000/_next/static/chunks/node_modules_next_dist_0bc8q4g._.js:1233
[   63953ms] [LOG] [chatTools] Vector store search function registered: true @ http://localhost:3000/_next/static/chunks/node_modules_next_dist_0bc8q4g._.js:1233
[   63954ms] [LOG] [ChatSidebar] Registered vector store search, isReady: false @ http://localhost:3000/_next/static/chunks/node_modules_next_dist_0bc8q4g._.js:1233
[   63955ms] [LOG] [chatTools] Practice drill callback registered: true @ http://localhost:3000/_next/static/chunks/node_modules_next_dist_0bc8q4g._.js:1233
[   63958ms] [LOG] [TourContext] Initializing tour system with 9 tasks @ http://localhost:3000/_next/static/chunks/node_modules_next_dist_0bc8q4g._.js:1233
[   63958ms] [LOG] [chatTools] Tour tasks data registered: 9 tasks @ http://localhost:3000/_next/static/chunks/node_modules_next_dist_0bc8q4g._.js:1233
[   63959ms] [LOG] [TourContext] Exposing tour methods to window for testing @ http://localhost:3000/_next/static/chunks/node_modules_next_dist_0bc8q4g._.js:1233
[   63970ms] [LOG] [ChatContext] Setting up AssistantChat subscriptions @ http://localhost:3000/_next/static/chunks/node_modules_next_dist_0bc8q4g._.js:1233
[   63974ms] [LOG] [ChatContext] Waiting for subscription to initialize @ http://localhost:3000/_next/static/chunks/node_modules_next_dist_0bc8q4g._.js:1233
[   63975ms] [LOG] [SettingsContext] Setting up Settings subscription for user: e408f488-d061-70bc-1ee2-c5de8adf79f5 @ http://localhost:3000/_next/static/chunks/node_modules_next_dist_0bc8q4g._.js:1233
[   63989ms] [LOG] [chatTools] Vector store search function registered: false @ http://localhost:3000/_next/static/chunks/node_modules_next_dist_0bc8q4g._.js:1233
[   63990ms] [LOG] [chatTools] Practice drill callback registered: false @ http://localhost:3000/_next/static/chunks/node_modules_next_dist_0bc8q4g._.js:1233
[   63990ms] [LOG] [ChatContext] Cleaning up subscriptions @ http://localhost:3000/_next/static/chunks/node_modules_next_dist_0bc8q4g._.js:1233
[   64006ms] [LOG] [chatTools] Vector store search function registered: true @ http://localhost:3000/_next/static/chunks/node_modules_next_dist_0bc8q4g._.js:1233
[   64007ms] [LOG] [ChatSidebar] Registered vector store search, isReady: false @ http://localhost:3000/_next/static/chunks/node_modules_next_dist_0bc8q4g._.js:1233
[   64008ms] [LOG] [chatTools] Practice drill callback registered: true @ http://localhost:3000/_next/static/chunks/node_modules_next_dist_0bc8q4g._.js:1233
[   64009ms] [LOG] [TourContext] Initializing tour system with 9 tasks @ http://localhost:3000/_next/static/chunks/node_modules_next_dist_0bc8q4g._.js:1233
[   64020ms] [LOG] [chatTools] Tour tasks data registered: 9 tasks @ http://localhost:3000/_next/static/chunks/node_modules_next_dist_0bc8q4g._.js:1233
[   64021ms] [LOG] [TourContext] Exposing tour methods to window for testing @ http://localhost:3000/_next/static/chunks/node_modules_next_dist_0bc8q4g._.js:1233
[   64022ms] [LOG] [ChatContext] Setting up AssistantChat subscriptions @ http://localhost:3000/_next/static/chunks/node_modules_next_dist_0bc8q4g._.js:1233
[   64023ms] [LOG] [ChatContext] Waiting for subscription to initialize @ http://localhost:3000/_next/static/chunks/node_modules_next_dist_0bc8q4g._.js:1233
[   64024ms] [LOG] [SettingsContext] Setting up Settings subscription for user: e408f488-d061-70bc-1ee2-c5de8adf79f5 @ http://localhost:3000/_next/static/chunks/node_modules_next_dist_0bc8q4g._.js:1233
[   64173ms] [LOG] [sections.jsx] canViewInstructorDashboard: false isInstructor: false ownedSections.length: 0 @ http://localhost:3000/_next/static/chunks/node_modules_next_dist_0bc8q4g._.js:1233
[   64175ms] [LOG] sections [] @ http://localhost:3000/_next/static/chunks/node_modules_next_dist_0bc8q4g._.js:1233
[   64192ms] [LOG] [sections.jsx] canViewInstructorDashboard: false isInstructor: false ownedSections.length: 0 @ http://localhost:3000/_next/static/chunks/node_modules_next_dist_0bc8q4g._.js:1233
[   64193ms] [LOG] sections [] @ http://localhost:3000/_next/static/chunks/node_modules_next_dist_0bc8q4g._.js:1233
[   64576ms] [LOG] [useChatPageContext] Registering page context: {hasUnit: false, filesCount: 0, dictionaryCount: 0, questionsCount: 0, sectionsCount: 0} @ http://localhost:3000/_next/static/chunks/node_modules_next_dist_0bc8q4g._.js:1233
[   64589ms] [LOG] [SectionContext] useEffect triggered {authLoading: false, hasUser: true, userSub: e408f488-d061-70bc-1ee2-c5de8adf79f5} @ http://localhost:3000/_next/static/chunks/node_modules_next_dist_0bc8q4g._.js:1233
[   64591ms] [LOG] [SectionContext] Fetching sections for userId: e408f488-d061-70bc-1ee2-c5de8adf79f5 @ http://localhost:3000/_next/static/chunks/node_modules_next_dist_0bc8q4g._.js:1233
[   64608ms] [LOG] [useChatPageContext] Cleaning up page context @ http://localhost:3000/_next/static/chunks/node_modules_next_dist_0bc8q4g._.js:1233
[   64609ms] [LOG] [SectionContext] Cleaning up subscriptions @ http://localhost:3000/_next/static/chunks/node_modules_next_dist_0bc8q4g._.js:1233
[   64622ms] [LOG] [useChatPageContext] Registering page context: {hasUnit: false, filesCount: 0, dictionaryCount: 0, questionsCount: 0, sectionsCount: 0} @ http://localhost:3000/_next/static/chunks/node_modules_next_dist_0bc8q4g._.js:1233
[   64623ms] [LOG] [SectionContext] useEffect triggered {authLoading: false, hasUser: true, userSub: e408f488-d061-70bc-1ee2-c5de8adf79f5} @ http://localhost:3000/_next/static/chunks/node_modules_next_dist_0bc8q4g._.js:1233
[   64625ms] [LOG] [SectionContext] Fetching sections for userId: e408f488-d061-70bc-1ee2-c5de8adf79f5 @ http://localhost:3000/_next/static/chunks/node_modules_next_dist_0bc8q4g._.js:1233
[   65175ms] [LOG] [sections.jsx] canViewInstructorDashboard: false isInstructor: false ownedSections.length: 0 @ http://localhost:3000/_next/static/chunks/node_modules_next_dist_0bc8q4g._.js:1233
[   65176ms] [LOG] sections [] @ http://localhost:3000/_next/static/chunks/node_modules_next_dist_0bc8q4g._.js:1233
[   65192ms] [LOG] [sections.jsx] canViewInstructorDashboard: false isInstructor: false ownedSections.length: 0 @ http://localhost:3000/_next/static/chunks/node_modules_next_dist_0bc8q4g._.js:1233
[   65193ms] [LOG] sections [] @ http://localhost:3000/_next/static/chunks/node_modules_next_dist_0bc8q4g._.js:1233
[   66078ms] [LOG] [SectionContext] Cleaning up subscriptions @ http://localhost:3000/_next/static/chunks/node_modules_next_dist_0bc8q4g._.js:1233
[   66079ms] [LOG] [ChatContext] Cleaning up subscriptions @ http://localhost:3000/_next/static/chunks/node_modules_next_dist_0bc8q4g._.js:1233
[   66079ms] [LOG] [SectionContext] useEffect triggered {authLoading: false, hasUser: true, userSub: e408f488-d061-70bc-1ee2-c5de8adf79f5} @ http://localhost:3000/_next/static/chunks/node_modules_next_dist_0bc8q4g._.js:1233
[   66080ms] [LOG] [SectionContext] Fetching sections for userId: e408f488-d061-70bc-1ee2-c5de8adf79f5 @ http://localhost:3000/_next/static/chunks/node_modules_next_dist_0bc8q4g._.js:1233
[   66093ms] [LOG] [ChatContext] Setting up AssistantChat subscriptions @ http://localhost:3000/_next/static/chunks/node_modules_next_dist_0bc8q4g._.js:1233
[   66095ms] [LOG] [ChatContext] Waiting for subscription to initialize @ http://localhost:3000/_next/static/chunks/node_modules_next_dist_0bc8q4g._.js:1233
[   66096ms] [LOG] [SettingsContext] Setting up Settings subscription for user: e408f488-d061-70bc-1ee2-c5de8adf79f5 @ http://localhost:3000/_next/static/chunks/node_modules_next_dist_0bc8q4g._.js:1233
[   66697ms] [LOG] [ChatContext] AssistantChat initialized with 2 chats @ http://localhost:3000/_next/static/chunks/node_modules_next_dist_0bc8q4g._.js:1233
[   66698ms] [LOG] [ChatContext] Setting initial chat: dde64da8-481e-4657-8466-cc1ead5f715b @ http://localhost:3000/_next/static/chunks/node_modules_next_dist_0bc8q4g._.js:1233
[   66727ms] [LOG] [sections.jsx] canViewInstructorDashboard: false isInstructor: false ownedSections.length: 0 @ http://localhost:3000/_next/static/chunks/node_modules_next_dist_0bc8q4g._.js:1233
[   66728ms] [LOG] sections [] @ http://localhost:3000/_next/static/chunks/node_modules_next_dist_0bc8q4g._.js:1233
[   66731ms] [LOG] [sections.jsx] canViewInstructorDashboard: false isInstructor: false ownedSections.length: 0 @ http://localhost:3000/_next/static/chunks/node_modules_next_dist_0bc8q4g._.js:1233
[   66743ms] [LOG] sections [] @ http://localhost:3000/_next/static/chunks/node_modules_next_dist_0bc8q4g._.js:1233
[   67533ms] [LOG] [ChatSidebar] Loading messages for chat: dde64da8-481e-4657-8466-cc1ead5f715b count: 0 @ http://localhost:3000/_next/static/chunks/node_modules_next_dist_0bc8q4g._.js:1233
[   67545ms] [LOG] [ChatSidebar] deepCloneMessages: returning empty array @ http://localhost:3000/_next/static/chunks/node_modules_next_dist_0bc8q4g._.js:1233
[   67547ms] [LOG] [ChatContext] Chat exists and not archived, skipping creation @ http://localhost:3000/_next/static/chunks/node_modules_next_dist_0bc8q4g._.js:1233
[   68063ms] [LOG] [SectionContext] Initial sections: 100 @ http://localhost:3000/_next/static/chunks/node_modules_next_dist_0bc8q4g._.js:1233
[   68117ms] [LOG] [sections.jsx] canViewInstructorDashboard: false isInstructor: false ownedSections.length: 0 @ http://localhost:3000/_next/static/chunks/node_modules_next_dist_0bc8q4g._.js:1233
[   68198ms] [LOG] sections [Object, Object, Object, Object, Object, Object, Object, Object, Object, Object, Object, Object, Object, Object, Object, Object, Object, Object, Object, Object, Object, Object, Object, Object, Object, Object, Object, Object, Object, Object, Object, Object, Object, Object, Object, Object, Object, Object, Object, Object, Object, Object, Object, Object, Object, Object, Object, Object, Object, Object, Object, Object, Object, Object, Object, Object, Object, Object, Object, Object, Object, Object, Object, Object, Object, Object, Object, Object, Object, Object, Object, Object, Object, Object, Object, Object, Object, Object, Object, Object, Object, Object, Object, Object, Object, Object, Object, Object, Object, Object, Object, Object, Object, Object, Object, Object, Object, Object, Object, Object] @ http://localhost:3000/_next/static/chunks/node_modules_next_dist_0bc8q4g._.js:1233
[   68214ms] [LOG] !!!section {id: 485a1ffa-bd40-45ca-96de-f58bc6fc0894, name: Original Section Name, description: Original description, status: DRAFT, code: ORIG-001} @ http://localhost:3000/_next/static/chunks/node_modules_next_dist_0bc8q4g._.js:1233
[   68218ms] [LOG] !!!section {id: a82ad425-66f4-4ae7-ab72-2de04258ddea, name: Grade Test Section, description: null, status: PUBLISHED, code: GRADE-TEST} @ http://localhost:3000/_next/static/chunks/node_modules_next_dist_0bc8q4g._.js:1233
[   68230ms] [LOG] !!!section {id: 26097bd0-b922-4ada-9b21-83db389944fa, name: Biology 101, description: Intro to Biology, status: PUBLISHED, code: BIO101} @ http://localhost:3000/_next/static/chunks/node_modules_next_dist_0bc8q4g._.js:1233
[   68232ms] [LOG] !!!section {id: 6a041ff4-e7ed-47ca-b2bd-0d35b84614b3, name: Test Section, description: null, status: PUBLISHED, code: TEST-001} @ http://localhost:3000/_next/static/chunks/node_modules_next_dist_0bc8q4g._.js:1233
[   68233ms] [LOG] !!!section {id: 674343a8-ce09-4fee-8772-5e9e5d60482c, name: Biology 101, description: Intro to Biology, status: PUBLISHED, code: BIO101} @ http://localhost:3000/_next/static/chunks/node_modules_next_dist_0bc8q4g._.js:1233
[   68234ms] [LOG] !!!section {id: 2a7ae578-0be1-43dd-ba5e-6e224b3b617b, name: Test Section, description: null, status: PUBLISHED, code: TEST-001} @ http://localhost:3000/_next/static/chunks/node_modules_next_dist_0bc8q4g._.js:1233
[   68247ms] [LOG] !!!section {id: f156b5e2-8491-4935-9990-a4dab652241c, name: Original Section Name, description: Original description, status: DRAFT, code: ORIG-001} @ http://localhost:3000/_next/static/chunks/node_modules_next_dist_0bc8q4g._.js:1233
[   68249ms] [LOG] !!!section {id: e002e526-7c0a-4067-abbf-4e53158c61c4, name: Section 2, description: null, status: PUBLISHED, code: S2} @ http://localhost:3000/_next/static/chunks/node_modules_next_dist_0bc8q4g._.js:1233
[   68332ms] [LOG] !!!section {id: b8cb47e8-35ca-44af-a9d7-3587acd0d179, name: Japanese 101 - Spring 2026, description: Beginner Japanese conversation course, status: PUBLISHED, code: 66CE6L} @ http://localhost:3000/_next/static/chunks/node_modules_next_dist_0bc8q4g._.js:1233
[   68334ms] [LOG] !!!section {id: af3e03f0-54df-4df7-8bd7-efb065f3432e, name: Grade Test Section, description: null, status: PUBLISHED, code: GRADE-TEST} @ http://localhost:3000/_next/static/chunks/node_modules_next_dist_0bc8q4g._.js:1233
[   68347ms] [LOG] !!!section {id: edf9e7cf-c21c-45a0-bc50-a8e508ea2815, name: Test Section, description: null, status: PUBLISHED, code: TEST-001} @ http://localhost:3000/_next/static/chunks/node_modules_next_dist_0bc8q4g._.js:1233
[   68349ms] [LOG] !!!section {id: 64def60a-7fa3-475b-8204-22e46b123b29, name: E2E Test Section 1774369286656, description: Comprehensive E2E test section for complete workflow, status: PUBLISHED, code: I4OX3T} @ http://localhost:3000/_next/static/chunks/node_modules_next_dist_0bc8q4g._.js:1233
[   68350ms] [LOG] !!!section {id: aaf5a906-30aa-4c74-b5d5-5feeed95e612, name: Test Section, description: null, status: PUBLISHED, code: TEST-001} @ http://localhost:3000/_next/static/chunks/node_modules_next_dist_0bc8q4g._.js:1233
[   68365ms] [LOG] !!!section {id: 80d216c8-4dc2-4433-92c4-386ca2a20bff, name: Test Section, description: null, status: PUBLISHED, code: TEST-001} @ http://localhost:3000/_next/static/chunks/node_modules_next_dist_0bc8q4g._.js:1233
[   68368ms] [LOG] !!!section {id: 5fb5cef5-e44b-4ec7-8be4-1d6f341dd780, name: Japanese 101 - Spring 2026, description: Beginner Japanese conversation course, status: PUBLISHED, code: FX28Q4} @ http://localhost:3000/_next/static/chunks/node_modules_next_dist_0bc8q4g._.js:1233
[   68385ms] [LOG] !!!section {id: fe9fc83c-99e9-4aa8-b3d9-21c7f351fe0c, name: Test Section, description: null, status: PUBLISHED, code: TEST-001} @ http://localhost:3000/_next/static/chunks/node_modules_next_dist_0bc8q4g._.js:1233
[   68397ms] [LOG] !!!section {id: 3dfb4edd-69ec-405a-8a05-335329e4e583, name: Temporary Section, description: null, status: DRAFT, code: TEMP-001} @ http://localhost:3000/_next/static/chunks/node_modules_next_dist_0bc8q4g._.js:1233
[   68400ms] [LOG] !!!section {id: b7d6cc52-d89b-4238-8ce3-9bf414f3e740, name: Test Section, description: null, status: PUBLISHED, code: TEST-001} @ http://localhost:3000/_next/static/chunks/node_modules_next_dist_0bc8q4g._.js:1233
[   68414ms] [LOG] !!!section {id: 70cb413e-59e0-4eaf-9dae-06bb2ac40a5d, name: Test Section, description: null, status: PUBLISHED, code: TEST-001} @ http://localhost:3000/_next/static/chunks/node_modules_next_dist_0bc8q4g._.js:1233
[   68418ms] [LOG] !!!section {id: 90f3d548-5fd7-41ff-9014-d281ee585be1, name: Section 1, description: null, status: PUBLISHED, code: S1} @ http://localhost:3000/_next/static/chunks/node_modules_next_dist_0bc8q4g._.js:1233
[   68431ms] [LOG] !!!section {id: 108127c7-99e1-4d27-9235-326438a65ff9, name: Test Section, description: null, status: PUBLISHED, code: TEST-001} @ http://localhost:3000/_next/static/chunks/node_modules_next_dist_0bc8q4g._.js:1233
[   68448ms] [LOG] !!!section {id: 4168c41f-9a2a-416d-98fd-c7c56ed3f16d, name: Test Section, description: null, status: PUBLISHED, code: TEST-001} @ http://localhost:3000/_next/static/chunks/node_modules_next_dist_0bc8q4g._.js:1233
[   68464ms] [LOG] !!!section {id: 4b1d5ed4-2c83-4f7e-b33e-7e39f7e8b582, name: Test Section, description: null, status: PUBLISHED, code: TEST-001} @ http://localhost:3000/_next/static/chunks/node_modules_next_dist_0bc8q4g._.js:1233
[   68466ms] [LOG] !!!section {id: 76aede11-b41a-4679-8272-c4b2d813e242, name: Japanese 101 - Spring 2026, description: Beginner Japanese conversation course, status: PUBLISHED, code: 032DY9} @ http://localhost:3000/_next/static/chunks/node_modules_next_dist_0bc8q4g._.js:1233
[   68468ms] [LOG] !!!section {id: 0e3121d1-22dc-4025-86fe-89d879d0f4b8, name: Biology 101, description: Intro to Biology, status: PUBLISHED, code: BIO101} @ http://localhost:3000/_next/static/chunks/node_modules_next_dist_0bc8q4g._.js:1233
[   68482ms] [LOG] !!!section {id: 7cc60b3d-5141-4ccc-885c-0f761d6aadd2, name: Section 2, description: null, status: PUBLISHED, code: S2} @ http://localhost:3000/_next/static/chunks/node_modules_next_dist_0bc8q4g._.js:1233
[   68483ms] [LOG] !!!section {id: 3866b8a5-0967-46bf-b738-16011e0ee5d2, name: Test Section, description: null, status: PUBLISHED, code: TEST-001} @ http://localhost:3000/_next/static/chunks/node_modules_next_dist_0bc8q4g._.js:1233
[   68484ms] [LOG] !!!section {id: 9f5926eb-7622-421e-85b6-f0240478e0b4, name: Test Section, description: null, status: PUBLISHED, code: TEST-001} @ http://localhost:3000/_next/static/chunks/node_modules_next_dist_0bc8q4g._.js:1233
[   68498ms] [LOG] !!!section {id: 8576ea2e-5918-4016-9e8b-880d4060cce1, name: Section 2, description: null, status: PUBLISHED, code: S2} @ http://localhost:3000/_next/static/chunks/node_modules_next_dist_0bc8q4g._.js:1233
[   68500ms] [LOG] !!!section {id: 029af6d7-18c6-4f03-b1ed-f7c9a18e3797, name: Test Section, description: null, status: PUBLISHED, code: TEST-001} @ http://localhost:3000/_next/static/chunks/node_modules_next_dist_0bc8q4g._.js:1233
[   68501ms] [LOG] !!!section {id: c134f150-7cab-4825-984b-4848d2f8daad, name: Test Section, description: null, status: PUBLISHED, code: TEST-001} @ http://localhost:3000/_next/static/chunks/node_modules_next_dist_0bc8q4g._.js:1233
[   68514ms] [LOG] !!!section {id: 92d79627-e95c-4648-aa46-7ec92087f837, name: Test Section, description: null, status: PUBLISHED, code: TEST-001} @ http://localhost:3000/_next/static/chunks/node_modules_next_dist_0bc8q4g._.js:1233
[   68518ms] [LOG] !!!section {id: f48e984a-3ca4-4cec-8ba4-5a2626b51de3, name: Temporary Section, description: null, status: DRAFT, code: TEMP-001} @ http://localhost:3000/_next/static/chunks/node_modules_next_dist_0bc8q4g._.js:1233
[   68531ms] [LOG] !!!section {id: 120aa2f0-ef90-4315-9fde-d772745cfb2c, name: Test Section, description: null, status: PUBLISHED, code: TEST-001} @ http://localhost:3000/_next/static/chunks/node_modules_next_dist_0bc8q4g._.js:1233
[   68598ms] [LOG] !!!section {id: 7474d4eb-d4f8-4630-adf0-0004b7dcf1fe, name: Grade Test Section, description: null, status: PUBLISHED, code: GRADE-TEST} @ http://localhost:3000/_next/static/chunks/node_modules_next_dist_0bc8q4g._.js:1233
[   68600ms] [LOG] !!!section {id: e9615e0d-44fe-4f01-97a8-1f5c1a58f535, name: Japanese 101 - Spring 2026, description: Beginner Japanese conversation course, status: PUBLISHED, code: ZB0WI7} @ http://localhost:3000/_next/static/chunks/node_modules_next_dist_0bc8q4g._.js:1233
[   68602ms] [LOG] !!!section {id: 5d43d353-6ea4-4d1f-bae8-c5240e6acb69, name: Grade Test Section, description: null, status: PUBLISHED, code: GRADE-TEST} @ http://localhost:3000/_next/static/chunks/node_modules_next_dist_0bc8q4g._.js:1233
[   68614ms] [LOG] !!!section {id: db67195f-f706-4160-9b47-b855b4aa29cd, name: Temporary Section, description: null, status: DRAFT, code: TEMP-001} @ http://localhost:3000/_next/static/chunks/node_modules_next_dist_0bc8q4g._.js:1233
[   68616ms] [LOG] !!!section {id: 47656fed-1826-46b7-b3a1-c9ceb78da9a8, name: Test Section, description: null, status: PUBLISHED, code: TEST-001} @ http://localhost:3000/_next/static/chunks/node_modules_next_dist_0bc8q4g._.js:1233
[   68617ms] [LOG] !!!section {id: 1ee29798-548e-4c98-8047-137a247dcb03, name: Test Section, description: null, status: PUBLISHED, code: TEST-001} @ http://localhost:3000/_next/static/chunks/node_modules_next_dist_0bc8q4g._.js:1233
[   68649ms] [LOG] !!!section {id: d8bb7cb1-9864-4008-a79c-6c9fcced077a, name: Section 2, description: null, status: PUBLISHED, code: S2} @ http://localhost:3000/_next/static/chunks/node_modules_next_dist_0bc8q4g._.js:1233
[   68664ms] [LOG] !!!section {id: 598d0820-d1d0-4e3b-8066-f11240ce4370, name: Japanese 101 - Spring 2026, description: Beginner Japanese conversation course, status: PUBLISHED, code: L2SC9C} @ http://localhost:3000/_next/static/chunks/node_modules_next_dist_0bc8q4g._.js:1233
[   68666ms] [LOG] !!!section {id: b3eba183-eb90-4b3f-a9b6-c7368016155c, name: Section 2, description: null, status: PUBLISHED, code: S2} @ http://localhost:3000/_next/static/chunks/node_modules_next_dist_0bc8q4g._.js:1233
[   68667ms] [LOG] !!!section {id: f73b55ab-be3a-4977-90cd-8695fb4bfb57, name: Original Section Name, description: Original description, status: DRAFT, code: ORIG-001} @ http://localhost:3000/_next/static/chunks/node_modules_next_dist_0bc8q4g._.js:1233
[   68681ms] [LOG] !!!section {id: 3d33ac82-7800-4882-8bf5-8a2c0d1dc7cc, name: Original Section Name, description: Original description, status: DRAFT, code: ORIG-001} @ http://localhost:3000/_next/static/chunks/node_modules_next_dist_0bc8q4g._.js:1233
[   68682ms] [LOG] !!!section {id: d0f1083d-3422-4e21-953a-78c781b7da51, name: Test Section, description: null, status: PUBLISHED, code: TEST-001} @ http://localhost:3000/_next/static/chunks/node_modules_next_dist_0bc8q4g._.js:1233
[   68732ms] [LOG] !!!section {id: cd6c83ff-ca21-4447-a4e2-8cb0f81d93db, name: Test Section, description: null, status: PUBLISHED, code: TEST-001} @ http://localhost:3000/_next/static/chunks/node_modules_next_dist_0bc8q4g._.js:1233
[   68734ms] [LOG] !!!section {id: 0fb98bed-1d11-423f-9165-18f219794312, name: Section 2, description: null, status: PUBLISHED, code: S2} @ http://localhost:3000/_next/static/chunks/node_modules_next_dist_0bc8q4g._.js:1233
[   68735ms] [LOG] !!!section {id: 778ce67d-7595-4b23-bb28-41c4233f443c, name: Japanese 101 - Spring 2026, description: Beginner Japanese conversation course, status: PUBLISHED, code: F4DP9P} @ http://localhost:3000/_next/static/chunks/node_modules_next_dist_0bc8q4g._.js:1233
[   68747ms] [LOG] !!!section {id: 40d10d70-5b8e-4f1d-962a-5b4e23bd7e50, name: Test Section, description: null, status: PUBLISHED, code: TEST-001} @ http://localhost:3000/_next/static/chunks/node_modules_next_dist_0bc8q4g._.js:1233
[   68749ms] [LOG] !!!section {id: 8bd49f0d-f626-4b9e-b4f6-85089ef66536, name: Test Section, description: null, status: PUBLISHED, code: TEST-001} @ http://localhost:3000/_next/static/chunks/node_modules_next_dist_0bc8q4g._.js:1233
[   68750ms] [LOG] !!!section {id: 51ad747f-3f3d-457f-8e63-5e572d94cdee, name: E2E Test Section 1774482736434, description: Comprehensive E2E test section for complete workflow, status: PUBLISHED, code: 641S86} @ http://localhost:3000/_next/static/chunks/node_modules_next_dist_0bc8q4g._.js:1233
[   68753ms] [LOG] !!!section {id: ffcf40b1-bec3-4a3b-abd0-b2f0d7c64c3d, name: Section 2, description: null, status: PUBLISHED, code: S2} @ http://localhost:3000/_next/static/chunks/node_modules_next_dist_0bc8q4g._.js:1233
[   68765ms] [LOG] !!!section {id: f45196f6-e3ac-46ab-a60e-7c6b58d92ec3, name: Section 2, description: null, status: PUBLISHED, code: S2} @ http://localhost:3000/_next/static/chunks/node_modules_next_dist_0bc8q4g._.js:1233
[   68768ms] [LOG] !!!section {id: 5664bef5-8a03-43f7-9fe2-1f5560df38d4, name: Section 2, description: null, status: PUBLISHED, code: S2} @ http://localhost:3000/_next/static/chunks/node_modules_next_dist_0bc8q4g._.js:1233
[   68769ms] [LOG] !!!section {id: 325495e1-910b-4a4d-83e2-b003dd294b85, name: Test Section, description: null, status: PUBLISHED, code: TEST-001} @ http://localhost:3000/_next/static/chunks/node_modules_next_dist_0bc8q4g._.js:1233
[   68782ms] [LOG] !!!section {id: afab77f1-fc64-44cc-98e2-1915399dc1f4, name: Test Section, description: null, status: PUBLISHED, code: TEST-001} @ http://localhost:3000/_next/static/chunks/node_modules_next_dist_0bc8q4g._.js:1233
[   68783ms] [LOG] !!!section {id: cdee8ece-10ee-4f7e-b863-5cbd4ef6de73, name: Japanese 101 - Spring 2026, description: Beginner Japanese conversation course, status: PUBLISHED, code: FQE3UW} @ http://localhost:3000/_next/static/chunks/node_modules_next_dist_0bc8q4g._.js:1233
[   68785ms] [LOG] !!!section {id: 953591de-0167-4311-98bb-99b8204d037b, name: Test Section, description: null, status: PUBLISHED, code: TEST-001} @ http://localhost:3000/_next/static/chunks/node_modules_next_dist_0bc8q4g._.js:1233
[   68797ms] [LOG] !!!section {id: c1be5a84-65ed-4a78-9cd4-b33b25a702b3, name: Test Section, description: null, status: PUBLISHED, code: TEST-001} @ http://localhost:3000/_next/static/chunks/node_modules_next_dist_0bc8q4g._.js:1233
[   68801ms] [LOG] !!!section {id: fab4ea86-7d86-4186-b124-22c0e1188fbe, name: Temporary Section, description: null, status: DRAFT, code: TEMP-001} @ http://localhost:3000/_next/static/chunks/node_modules_next_dist_0bc8q4g._.js:1233
[   68816ms] [LOG] !!!section {id: 272c6fcb-0ed6-4e8c-a66e-96ad9f84afa8, name: Test Section, description: null, status: PUBLISHED, code: TEST-001} @ http://localhost:3000/_next/static/chunks/node_modules_next_dist_0bc8q4g._.js:1233
[   68819ms] [LOG] !!!section {id: 0b1afe2d-5585-4b37-b32f-b7557e38f895, name: Section 2, description: null, status: PUBLISHED, code: S2} @ http://localhost:3000/_next/static/chunks/node_modules_next_dist_0bc8q4g._.js:1233
[   68865ms] [LOG] !!!section {id: 1ad02849-2bc3-41cf-9776-14b68bb96bec, name: Biology 101, description: Intro to Biology, status: PUBLISHED, code: BIO101} @ http://localhost:3000/_next/static/chunks/node_modules_next_dist_0bc8q4g._.js:1233
[   68867ms] [LOG] !!!section {id: 58f0c8e1-6a6d-4962-9a03-b2267d7f1a5e, name: Test Section, description: null, status: PUBLISHED, code: TEST-001} @ http://localhost:3000/_next/static/chunks/node_modules_next_dist_0bc8q4g._.js:1233
[   68869ms] [LOG] !!!section {id: 08e90519-911b-4a10-bacf-2cac91a0c3d1, name: Section 1, description: null, status: PUBLISHED, code: S1} @ http://localhost:3000/_next/static/chunks/node_modules_next_dist_0bc8q4g._.js:1233
[   68881ms] [LOG] !!!section {id: 2fb31ed7-d72c-4517-89f7-a3c99296ade7, name: Test Section, description: null, status: PUBLISHED, code: TEST-001} @ http://localhost:3000/_next/static/chunks/node_modules_next_dist_0bc8q4g._.js:1233
[   68883ms] [LOG] !!!section {id: 4a271b66-8cd6-45d1-a8fc-621a893756b5, name: Test Section, description: null, status: PUBLISHED, code: TEST-001} @ http://localhost:3000/_next/static/chunks/node_modules_next_dist_0bc8q4g._.js:1233
[   68884ms] [LOG] !!!section {id: cdc36b52-eaef-401c-bcb1-9f72c0e176b8, name: Grade Test Section, description: null, status: PUBLISHED, code: GRADE-TEST} @ http://localhost:3000/_next/static/chunks/node_modules_next_dist_0bc8q4g._.js:1233
[   68885ms] [LOG] !!!section {id: 7ab6f9cf-375e-435d-bd2d-66c3eca50250, name: Section 1, description: null, status: PUBLISHED, code: S1} @ http://localhost:3000/_next/static/chunks/node_modules_next_dist_0bc8q4g._.js:1233
[   68983ms] [LOG] !!!section {id: 3b09795f-fa6e-47b2-854f-725efca79cd6, name: Section 2, description: null, status: PUBLISHED, code: S2} @ http://localhost:3000/_next/static/chunks/node_modules_next_dist_0bc8q4g._.js:1233
[   68998ms] [LOG] !!!section {id: 7da11483-c739-4b58-83e8-ba78e5031feb, name: Test Section, description: null, status: PUBLISHED, code: TEST-001} @ http://localhost:3000/_next/static/chunks/node_modules_next_dist_0bc8q4g._.js:1233
[   69000ms] [LOG] !!!section {id: dcc4587b-79f3-477f-b26f-479a094daf43, name: Test Section, description: null, status: PUBLISHED, code: TEST-001} @ http://localhost:3000/_next/static/chunks/node_modules_next_dist_0bc8q4g._.js:1233
[   69002ms] [LOG] !!!section {id: 721ac42d-575d-426f-bde4-aa604647cd9c, name: Test Section, description: null, status: PUBLISHED, code: TEST-001} @ http://localhost:3000/_next/static/chunks/node_modules_next_dist_0bc8q4g._.js:1233
[   69003ms] [LOG] !!!section {id: ce07b087-6fcd-4e1b-8ece-6a9a515e92e3, name: Section 2, description: null, status: PUBLISHED, code: S2} @ http://localhost:3000/_next/static/chunks/node_modules_next_dist_0bc8q4g._.js:1233
[   69015ms] [LOG] !!!section {id: b283d62f-d737-420f-a056-9c58f4479129, name: Original Section Name, description: Original description, status: DRAFT, code: ORIG-001} @ http://localhost:3000/_next/static/chunks/node_modules_next_dist_0bc8q4g._.js:1233
[   69017ms] [LOG] !!!section {id: dfab9461-9053-4a22-94f2-cc948185420e, name: Test Section, description: null, status: PUBLISHED, code: TEST-001} @ http://localhost:3000/_next/static/chunks/node_modules_next_dist_0bc8q4g._.js:1233
[   69018ms] [LOG] !!!section {id: 163c8180-e408-421f-b1de-7fafc01dbb20, name: Test Section, description: null, status: PUBLISHED, code: TEST-001} @ http://localhost:3000/_next/static/chunks/node_modules_next_dist_0bc8q4g._.js:1233
[   69020ms] [LOG] !!!section {id: a5be67ff-933a-45e7-a7fa-2730bdbcd286, name: Test Section, description: null, status: PUBLISHED, code: TEST-001} @ http://localhost:3000/_next/static/chunks/node_modules_next_dist_0bc8q4g._.js:1233
[   69032ms] [LOG] !!!section {id: 31bfc515-2692-49ea-b688-cd1955f53a5c, name: Test Section, description: null, status: PUBLISHED, code: TEST-001} @ http://localhost:3000/_next/static/chunks/node_modules_next_dist_0bc8q4g._.js:1233
[   69034ms] [LOG] !!!section {id: 5ae5a18a-73f8-42d5-8a68-026aab750c41, name: Grade Test Section, description: null, status: PUBLISHED, code: GRADE-TEST} @ http://localhost:3000/_next/static/chunks/node_modules_next_dist_0bc8q4g._.js:1233
[   69035ms] [LOG] !!!section {id: 499fdec3-da8d-4ef4-92d8-291d0cbd2fab, name: Temporary Section, description: null, status: DRAFT, code: TEMP-001} @ http://localhost:3000/_next/static/chunks/node_modules_next_dist_0bc8q4g._.js:1233
[   69036ms] [LOG] !!!section {id: 84427f7a-75f9-474a-b7b1-2839ac657737, name: Original Section Name, description: Original description, status: DRAFT, code: ORIG-001} @ http://localhost:3000/_next/static/chunks/node_modules_next_dist_0bc8q4g._.js:1233
[   69131ms] [LOG] !!!section {id: db7919cc-2bf4-43db-acc9-559aebba73ed, name: Test Section, description: null, status: PUBLISHED, code: TEST-001} @ http://localhost:3000/_next/static/chunks/node_modules_next_dist_0bc8q4g._.js:1233
[   69133ms] [LOG] !!!section {id: 340113f1-94d9-473a-8528-228b8dca613d, name: Original Section Name, description: Original description, status: DRAFT, code: ORIG-001} @ http://localhost:3000/_next/static/chunks/node_modules_next_dist_0bc8q4g._.js:1233
[   69135ms] [LOG] !!!section {id: 36629e2a-d5da-4bf4-85c4-3aa9b27c65c7, name: Biology 101, description: Intro to Biology, status: PUBLISHED, code: BIO101} @ http://localhost:3000/_next/static/chunks/node_modules_next_dist_0bc8q4g._.js:1233
[   69136ms] [LOG] !!!section {id: 6725abf3-d692-40cd-9658-00c68b2f5ba4, name: Test Section, description: null, status: PUBLISHED, code: TEST-001} @ http://localhost:3000/_next/static/chunks/node_modules_next_dist_0bc8q4g._.js:1233
[   69148ms] [LOG] !!!section {id: 76990e7b-682c-44f5-82f5-1de4221deb80, name: Test Section, description: null, status: PUBLISHED, code: TEST-001} @ http://localhost:3000/_next/static/chunks/node_modules_next_dist_0bc8q4g._.js:1233
[   69149ms] [LOG] !!!section {id: fbe39c35-7869-4327-92b8-f250013ca5ec, name: Japanese 101 - Spring 2026, description: Beginner Japanese conversation course, status: PUBLISHED, code: 155E99} @ http://localhost:3000/_next/static/chunks/node_modules_next_dist_0bc8q4g._.js:1233
[   69151ms] [LOG] !!!section {id: 19ec384c-5eb7-4e0e-866b-3337e09d0f9e, name: Grade Test Section, description: null, status: PUBLISHED, code: GRADE-TEST} @ http://localhost:3000/_next/static/chunks/node_modules_next_dist_0bc8q4g._.js:1233
[   69152ms] [LOG] !!!section {id: dd6a79ba-c532-4342-bf2c-796440baadd4, name: Section 2, description: null, status: PUBLISHED, code: S2} @ http://localhost:3000/_next/static/chunks/node_modules_next_dist_0bc8q4g._.js:1233
[   69153ms] [LOG] !!!section {id: e23ab46c-a060-41aa-8e07-a6b4c18cc792, name: Japanese 101 - Spring 2026, description: Beginner Japanese conversation course, status: PUBLISHED, code: MOJKQL} @ http://localhost:3000/_next/static/chunks/node_modules_next_dist_0bc8q4g._.js:1233
[   69166ms] [LOG] !!!section {id: e584b66b-d3a2-4018-a621-040e2c4131c9, name: Test Section, description: null, status: PUBLISHED, code: TEST-001} @ http://localhost:3000/_next/static/chunks/node_modules_next_dist_0bc8q4g._.js:1233
[   69167ms] [LOG] !!!section {id: da00f42c-71b5-44e6-a86e-f56a0d833a5f, name: Test Section, description: null, status: PUBLISHED, code: TEST-001} @ http://localhost:3000/_next/static/chunks/node_modules_next_dist_0bc8q4g._.js:1233
[   69168ms] [LOG] !!!section {id: 4bd499b1-c875-4a07-b7c7-d95bbf5f88e0, name: Biology 101, description: Intro to Biology, status: PUBLISHED, code: BIO101} @ http://localhost:3000/_next/static/chunks/node_modules_next_dist_0bc8q4g._.js:1233
[   69170ms] [LOG] !!!section {id: 863ed865-a2d6-4688-951c-3397eb1e5cd4, name: Test Section, description: null, status: PUBLISHED, code: TEST-001} @ http://localhost:3000/_next/static/chunks/node_modules_next_dist_0bc8q4g._.js:1233
[   69182ms] [LOG] !!!section {id: f5d362dc-7565-45ab-8f8b-30f7da60af74, name: Section 2, description: null, status: PUBLISHED, code: S2} @ http://localhost:3000/_next/static/chunks/node_modules_next_dist_0bc8q4g._.js:1233
[   69183ms] [LOG] !!!section {id: f6ef8547-c14f-4f81-8916-5b3a028131c0, name: Biology 101, description: Intro to Biology, status: PUBLISHED, code: BIO101} @ http://localhost:3000/_next/static/chunks/node_modules_next_dist_0bc8q4g._.js:1233
[   69266ms] [LOG] !!!section {id: 9d18094f-e3b7-4971-8cec-9e4c60ff59ec, name: Test Section, description: null, status: PUBLISHED, code: TEST-001} @ http://localhost:3000/_next/static/chunks/node_modules_next_dist_0bc8q4g._.js:1233
[   69268ms] [LOG] !!!section {id: 2ae9063e-f6a8-469c-9cd0-28cdee36ed26, name: E2E Test Section 1774368275525, description: Comprehensive E2E test section for complete workflow, status: PUBLISHED, code: 6NGKL2} @ http://localhost:3000/_next/static/chunks/node_modules_next_dist_0bc8q4g._.js:1233
[   69269ms] [LOG] [sections.jsx] canViewInstructorDashboard: false isInstructor: false ownedSections.length: 0 @ http://localhost:3000/_next/static/chunks/node_modules_next_dist_0bc8q4g._.js:1233
[   69285ms] [LOG] sections [Object, Object, Object, Object, Object, Object, Object, Object, Object, Object, Object, Object, Object, Object, Object, Object, Object, Object, Object, Object, Object, Object, Object, Object, Object, Object, Object, Object, Object, Object, Object, Object, Object, Object, Object, Object, Object, Object, Object, Object, Object, Object, Object, Object, Object, Object, Object, Object, Object, Object, Object, Object, Object, Object, Object, Object, Object, Object, Object, Object, Object, Object, Object, Object, Object, Object, Object, Object, Object, Object, Object, Object, Object, Object, Object, Object, Object, Object, Object, Object, Object, Object, Object, Object, Object, Object, Object, Object, Object, Object, Object, Object, Object, Object, Object, Object, Object, Object, Object, Object] @ http://localhost:3000/_next/static/chunks/node_modules_next_dist_0bc8q4g._.js:1233
[   69299ms] [LOG] !!!section {id: 485a1ffa-bd40-45ca-96de-f58bc6fc0894, name: Original Section Name, description: Original description, status: DRAFT, code: ORIG-001} @ http://localhost:3000/_next/static/chunks/node_modules_next_dist_0bc8q4g._.js:1233
[   69300ms] [LOG] !!!section {id: a82ad425-66f4-4ae7-ab72-2de04258ddea, name: Grade Test Section, description: null, status: PUBLISHED, code: GRADE-TEST} @ http://localhost:3000/_next/static/chunks/node_modules_next_dist_0bc8q4g._.js:1233
[   69302ms] [LOG] !!!section {id: 26097bd0-b922-4ada-9b21-83db389944fa, name: Biology 101, description: Intro to Biology, status: PUBLISHED, code: BIO101} @ http://localhost:3000/_next/static/chunks/node_modules_next_dist_0bc8q4g._.js:1233
[   69303ms] [LOG] !!!section {id: 6a041ff4-e7ed-47ca-b2bd-0d35b84614b3, name: Test Section, description: null, status: PUBLISHED, code: TEST-001} @ http://localhost:3000/_next/static/chunks/node_modules_next_dist_0bc8q4g._.js:1233
[   69316ms] [LOG] !!!section {id: 674343a8-ce09-4fee-8772-5e9e5d60482c, name: Biology 101, description: Intro to Biology, status: PUBLISHED, code: BIO101} @ http://localhost:3000/_next/static/chunks/node_modules_next_dist_0bc8q4g._.js:1233
[   69317ms] [LOG] !!!section {id: 2a7ae578-0be1-43dd-ba5e-6e224b3b617b, name: Test Section, description: null, status: PUBLISHED, code: TEST-001} @ http://localhost:3000/_next/static/chunks/node_modules_next_dist_0bc8q4g._.js:1233
[   69399ms] [LOG] !!!section {id: f156b5e2-8491-4935-9990-a4dab652241c, name: Original Section Name, description: Original description, status: DRAFT, code: ORIG-001} @ http://localhost:3000/_next/static/chunks/node_modules_next_dist_0bc8q4g._.js:1233
[   69401ms] [LOG] !!!section {id: e002e526-7c0a-4067-abbf-4e53158c61c4, name: Section 2, description: null, status: PUBLISHED, code: S2} @ http://localhost:3000/_next/static/chunks/node_modules_next_dist_0bc8q4g._.js:1233
[   69402ms] [LOG] !!!section {id: b8cb47e8-35ca-44af-a9d7-3587acd0d179, name: Japanese 101 - Spring 2026, description: Beginner Japanese conversation course, status: PUBLISHED, code: 66CE6L} @ http://localhost:3000/_next/static/chunks/node_modules_next_dist_0bc8q4g._.js:1233
[   69403ms] [LOG] !!!section {id: af3e03f0-54df-4df7-8bd7-efb065f3432e, name: Grade Test Section, description: null, status: PUBLISHED, code: GRADE-TEST} @ http://localhost:3000/_next/static/chunks/node_modules_next_dist_0bc8q4g._.js:1233
[   69416ms] [LOG] !!!section {id: edf9e7cf-c21c-45a0-bc50-a8e508ea2815, name: Test Section, description: null, status: PUBLISHED, code: TEST-001} @ http://localhost:3000/_next/static/chunks/node_modules_next_dist_0bc8q4g._.js:1233
[   69418ms] [LOG] !!!section {id: 64def60a-7fa3-475b-8204-22e46b123b29, name: E2E Test Section 1774369286656, description: Comprehensive E2E test section for complete workflow, status: PUBLISHED, code: I4OX3T} @ http://localhost:3000/_next/static/chunks/node_modules_next_dist_0bc8q4g._.js:1233
[   69420ms] [LOG] !!!section {id: aaf5a906-30aa-4c74-b5d5-5feeed95e612, name: Test Section, description: null, status: PUBLISHED, code: TEST-001} @ http://localhost:3000/_next/static/chunks/node_modules_next_dist_0bc8q4g._.js:1233
[   69433ms] [LOG] !!!section {id: 80d216c8-4dc2-4433-92c4-386ca2a20bff, name: Test Section, description: null, status: PUBLISHED, code: TEST-001} @ http://localhost:3000/_next/static/chunks/node_modules_next_dist_0bc8q4g._.js:1233
[   69435ms] [LOG] !!!section {id: 5fb5cef5-e44b-4ec7-8be4-1d6f341dd780, name: Japanese 101 - Spring 2026, description: Beginner Japanese conversation course, status: PUBLISHED, code: FX28Q4} @ http://localhost:3000/_next/static/chunks/node_modules_next_dist_0bc8q4g._.js:1233
[   69436ms] [LOG] !!!section {id: fe9fc83c-99e9-4aa8-b3d9-21c7f351fe0c, name: Test Section, description: null, status: PUBLISHED, code: TEST-001} @ http://localhost:3000/_next/static/chunks/node_modules_next_dist_0bc8q4g._.js:1233
[   69437ms] [LOG] !!!section {id: 3dfb4edd-69ec-405a-8a05-335329e4e583, name: Temporary Section, description: null, status: DRAFT, code: TEMP-001} @ http://localhost:3000/_next/static/chunks/node_modules_next_dist_0bc8q4g._.js:1233
[   69450ms] [LOG] !!!section {id: b7d6cc52-d89b-4238-8ce3-9bf414f3e740, name: Test Section, description: null, status: PUBLISHED, code: TEST-001} @ http://localhost:3000/_next/static/chunks/node_modules_next_dist_0bc8q4g._.js:1233
[   69451ms] [LOG] !!!section {id: 70cb413e-59e0-4eaf-9dae-06bb2ac40a5d, name: Test Section, description: null, status: PUBLISHED, code: TEST-001} @ http://localhost:3000/_next/static/chunks/node_modules_next_dist_0bc8q4g._.js:1233
[   69532ms] [LOG] !!!section {id: 90f3d548-5fd7-41ff-9014-d281ee585be1, name: Section 1, description: null, status: PUBLISHED, code: S1} @ http://localhost:3000/_next/static/chunks/node_modules_next_dist_0bc8q4g._.js:1233
[   69534ms] [LOG] !!!section {id: 108127c7-99e1-4d27-9235-326438a65ff9, name: Test Section, description: null, status: PUBLISHED, code: TEST-001} @ http://localhost:3000/_next/static/chunks/node_modules_next_dist_0bc8q4g._.js:1233
[   69536ms] [LOG] !!!section {id: 4168c41f-9a2a-416d-98fd-c7c56ed3f16d, name: Test Section, description: null, status: PUBLISHED, code: TEST-001} @ http://localhost:3000/_next/static/chunks/node_modules_next_dist_0bc8q4g._.js:1233
[   69537ms] [LOG] !!!section {id: 4b1d5ed4-2c83-4f7e-b33e-7e39f7e8b582, name: Test Section, description: null, status: PUBLISHED, code: TEST-001} @ http://localhost:3000/_next/static/chunks/node_modules_next_dist_0bc8q4g._.js:1233
[   69549ms] [LOG] !!!section {id: 76aede11-b41a-4679-8272-c4b2d813e242, name: Japanese 101 - Spring 2026, description: Beginner Japanese conversation course, status: PUBLISHED, code: 032DY9} @ http://localhost:3000/_next/static/chunks/node_modules_next_dist_0bc8q4g._.js:1233
[   69550ms] [LOG] !!!section {id: 0e3121d1-22dc-4025-86fe-89d879d0f4b8, name: Biology 101, description: Intro to Biology, status: PUBLISHED, code: BIO101} @ http://localhost:3000/_next/static/chunks/node_modules_next_dist_0bc8q4g._.js:1233
[   69552ms] [LOG] !!!section {id: 7cc60b3d-5141-4ccc-885c-0f761d6aadd2, name: Section 2, description: null, status: PUBLISHED, code: S2} @ http://localhost:3000/_next/static/chunks/node_modules_next_dist_0bc8q4g._.js:1233
[   69553ms] [LOG] !!!section {id: 3866b8a5-0967-46bf-b738-16011e0ee5d2, name: Test Section, description: null, status: PUBLISHED, code: TEST-001} @ http://localhost:3000/_next/static/chunks/node_modules_next_dist_0bc8q4g._.js:1233
[   69566ms] [LOG] !!!section {id: 9f5926eb-7622-421e-85b6-f0240478e0b4, name: Test Section, description: null, status: PUBLISHED, code: TEST-001} @ http://localhost:3000/_next/static/chunks/node_modules_next_dist_0bc8q4g._.js:1233
[   69568ms] [LOG] !!!section {id: 8576ea2e-5918-4016-9e8b-880d4060cce1, name: Section 2, description: null, status: PUBLISHED, code: S2} @ http://localhost:3000/_next/static/chunks/node_modules_next_dist_0bc8q4g._.js:1233
[   69570ms] [LOG] !!!section {id: 029af6d7-18c6-4f03-b1ed-f7c9a18e3797, name: Test Section, description: null, status: PUBLISHED, code: TEST-001} @ http://localhost:3000/_next/static/chunks/node_modules_next_dist_0bc8q4g._.js:1233
[   69583ms] [LOG] !!!section {id: c134f150-7cab-4825-984b-4848d2f8daad, name: Test Section, description: null, status: PUBLISHED, code: TEST-001} @ http://localhost:3000/_next/static/chunks/node_modules_next_dist_0bc8q4g._.js:1233
[   69667ms] [LOG] !!!section {id: 92d79627-e95c-4648-aa46-7ec92087f837, name: Test Section, description: null, status: PUBLISHED, code: TEST-001} @ http://localhost:3000/_next/static/chunks/node_modules_next_dist_0bc8q4g._.js:1233
[   69668ms] [LOG] !!!section {id: f48e984a-3ca4-4cec-8ba4-5a2626b51de3, name: Temporary Section, description: null, status: DRAFT, code: TEMP-001} @ http://localhost:3000/_next/static/chunks/node_modules_next_dist_0bc8q4g._.js:1233
[   69670ms] [LOG] !!!section {id: 120aa2f0-ef90-4315-9fde-d772745cfb2c, name: Test Section, description: null, status: PUBLISHED, code: TEST-001} @ http://localhost:3000/_next/static/chunks/node_modules_next_dist_0bc8q4g._.js:1233
[   69671ms] [LOG] !!!section {id: 7474d4eb-d4f8-4630-adf0-0004b7dcf1fe, name: Grade Test Section, description: null, status: PUBLISHED, code: GRADE-TEST} @ http://localhost:3000/_next/static/chunks/node_modules_next_dist_0bc8q4g._.js:1233
[   69684ms] [LOG] !!!section {id: e9615e0d-44fe-4f01-97a8-1f5c1a58f535, name: Japanese 101 - Spring 2026, description: Beginner Japanese conversation course, status: PUBLISHED, code: ZB0WI7} @ http://localhost:3000/_next/static/chunks/node_modules_next_dist_0bc8q4g._.js:1233
[   69685ms] [LOG] !!!section {id: 5d43d353-6ea4-4d1f-bae8-c5240e6acb69, name: Grade Test Section, description: null, status: PUBLISHED, code: GRADE-TEST} @ http://localhost:3000/_next/static/chunks/node_modules_next_dist_0bc8q4g._.js:1233
[   69687ms] [LOG] !!!section {id: db67195f-f706-4160-9b47-b855b4aa29cd, name: Temporary Section, description: null, status: DRAFT, code: TEMP-001} @ http://localhost:3000/_next/static/chunks/node_modules_next_dist_0bc8q4g._.js:1233
[   69699ms] [LOG] !!!section {id: 47656fed-1826-46b7-b3a1-c9ceb78da9a8, name: Test Section, description: null, status: PUBLISHED, code: TEST-001} @ http://localhost:3000/_next/static/chunks/node_modules_next_dist_0bc8q4g._.js:1233
[   69702ms] [LOG] !!!section {id: 1ee29798-548e-4c98-8047-137a247dcb03, name: Test Section, description: null, status: PUBLISHED, code: TEST-001} @ http://localhost:3000/_next/static/chunks/node_modules_next_dist_0bc8q4g._.js:1233
[   69704ms] [LOG] !!!section {id: d8bb7cb1-9864-4008-a79c-6c9fcced077a, name: Section 2, description: null, status: PUBLISHED, code: S2} @ http://localhost:3000/_next/static/chunks/node_modules_next_dist_0bc8q4g._.js:1233
[   69717ms] [LOG] !!!section {id: 598d0820-d1d0-4e3b-8066-f11240ce4370, name: Japanese 101 - Spring 2026, description: Beginner Japanese conversation course, status: PUBLISHED, code: L2SC9C} @ http://localhost:3000/_next/static/chunks/node_modules_next_dist_0bc8q4g._.js:1233
[   69719ms] [LOG] !!!section {id: b3eba183-eb90-4b3f-a9b6-c7368016155c, name: Section 2, description: null, status: PUBLISHED, code: S2} @ http://localhost:3000/_next/static/chunks/node_modules_next_dist_0bc8q4g._.js:1233
[   69768ms] [LOG] !!!section {id: f73b55ab-be3a-4977-90cd-8695fb4bfb57, name: Original Section Name, description: Original description, status: DRAFT, code: ORIG-001} @ http://localhost:3000/_next/static/chunks/node_modules_next_dist_0bc8q4g._.js:1233
[   69800ms] [LOG] !!!section {id: 3d33ac82-7800-4882-8bf5-8a2c0d1dc7cc, name: Original Section Name, description: Original description, status: DRAFT, code: ORIG-001} @ http://localhost:3000/_next/static/chunks/node_modules_next_dist_0bc8q4g._.js:1233
[   69803ms] [LOG] !!!section {id: d0f1083d-3422-4e21-953a-78c781b7da51, name: Test Section, description: null, status: PUBLISHED, code: TEST-001} @ http://localhost:3000/_next/static/chunks/node_modules_next_dist_0bc8q4g._.js:1233
[   69804ms] [LOG] !!!section {id: cd6c83ff-ca21-4447-a4e2-8cb0f81d93db, name: Test Section, description: null, status: PUBLISHED, code: TEST-001} @ http://localhost:3000/_next/static/chunks/node_modules_next_dist_0bc8q4g._.js:1233
[   69818ms] [LOG] !!!section {id: 0fb98bed-1d11-423f-9165-18f219794312, name: Section 2, description: null, status: PUBLISHED, code: S2} @ http://localhost:3000/_next/static/chunks/node_modules_next_dist_0bc8q4g._.js:1233
[   69820ms] [LOG] !!!section {id: 778ce67d-7595-4b23-bb28-41c4233f443c, name: Japanese 101 - Spring 2026, description: Beginner Japanese conversation course, status: PUBLISHED, code: F4DP9P} @ http://localhost:3000/_next/static/chunks/node_modules_next_dist_0bc8q4g._.js:1233
[   69832ms] [LOG] !!!section {id: 40d10d70-5b8e-4f1d-962a-5b4e23bd7e50, name: Test Section, description: null, status: PUBLISHED, code: TEST-001} @ http://localhost:3000/_next/static/chunks/node_modules_next_dist_0bc8q4g._.js:1233
[   69835ms] [LOG] !!!section {id: 8bd49f0d-f626-4b9e-b4f6-85089ef66536, name: Test Section, description: null, status: PUBLISHED, code: TEST-001} @ http://localhost:3000/_next/static/chunks/node_modules_next_dist_0bc8q4g._.js:1233
[   69837ms] [LOG] !!!section {id: 51ad747f-3f3d-457f-8e63-5e572d94cdee, name: E2E Test Section 1774482736434, description: Comprehensive E2E test section for complete workflow, status: PUBLISHED, code: 641S86} @ http://localhost:3000/_next/static/chunks/node_modules_next_dist_0bc8q4g._.js:1233
[   69850ms] [LOG] !!!section {id: ffcf40b1-bec3-4a3b-abd0-b2f0d7c64c3d, name: Section 2, description: null, status: PUBLISHED, code: S2} @ http://localhost:3000/_next/static/chunks/node_modules_next_dist_0bc8q4g._.js:1233
[   69852ms] [LOG] !!!section {id: f45196f6-e3ac-46ab-a60e-7c6b58d92ec3, name: Section 2, description: null, status: PUBLISHED, code: S2} @ http://localhost:3000/_next/static/chunks/node_modules_next_dist_0bc8q4g._.js:1233
[   69854ms] [LOG] !!!section {id: 5664bef5-8a03-43f7-9fe2-1f5560df38d4, name: Section 2, description: null, status: PUBLISHED, code: S2} @ http://localhost:3000/_next/static/chunks/node_modules_next_dist_0bc8q4g._.js:1233
[   69866ms] [LOG] !!!section {id: 325495e1-910b-4a4d-83e2-b003dd294b85, name: Test Section, description: null, status: PUBLISHED, code: TEST-001} @ http://localhost:3000/_next/static/chunks/node_modules_next_dist_0bc8q4g._.js:1233
[   69868ms] [LOG] !!!section {id: afab77f1-fc64-44cc-98e2-1915399dc1f4, name: Test Section, description: null, status: PUBLISHED, code: TEST-001} @ http://localhost:3000/_next/static/chunks/node_modules_next_dist_0bc8q4g._.js:1233
[   69870ms] [LOG] !!!section {id: cdee8ece-10ee-4f7e-b863-5cbd4ef6de73, name: Japanese 101 - Spring 2026, description: Beginner Japanese conversation course, status: PUBLISHED, code: FQE3UW} @ http://localhost:3000/_next/static/chunks/node_modules_next_dist_0bc8q4g._.js:1233
[   69883ms] [LOG] !!!section {id: 953591de-0167-4311-98bb-99b8204d037b, name: Test Section, description: null, status: PUBLISHED, code: TEST-001} @ http://localhost:3000/_next/static/chunks/node_modules_next_dist_0bc8q4g._.js:1233
[   69886ms] [LOG] !!!section {id: c1be5a84-65ed-4a78-9cd4-b33b25a702b3, name: Test Section, description: null, status: PUBLISHED, code: TEST-001} @ http://localhost:3000/_next/static/chunks/node_modules_next_dist_0bc8q4g._.js:1233
[   69900ms] [LOG] !!!section {id: fab4ea86-7d86-4186-b124-22c0e1188fbe, name: Temporary Section, description: null, status: DRAFT, code: TEMP-001} @ http://localhost:3000/_next/static/chunks/node_modules_next_dist_0bc8q4g._.js:1233
[   69903ms] [LOG] !!!section {id: 272c6fcb-0ed6-4e8c-a66e-96ad9f84afa8, name: Test Section, description: null, status: PUBLISHED, code: TEST-001} @ http://localhost:3000/_next/static/chunks/node_modules_next_dist_0bc8q4g._.js:1233
[   69904ms] [LOG] !!!section {id: 0b1afe2d-5585-4b37-b32f-b7557e38f895, name: Section 2, description: null, status: PUBLISHED, code: S2} @ http://localhost:3000/_next/static/chunks/node_modules_next_dist_0bc8q4g._.js:1233
[   69917ms] [LOG] !!!section {id: 1ad02849-2bc3-41cf-9776-14b68bb96bec, name: Biology 101, description: Intro to Biology, status: PUBLISHED, code: BIO101} @ http://localhost:3000/_next/static/chunks/node_modules_next_dist_0bc8q4g._.js:1233
[   69919ms] [LOG] !!!section {id: 58f0c8e1-6a6d-4962-9a03-b2267d7f1a5e, name: Test Section, description: null, status: PUBLISHED, code: TEST-001} @ http://localhost:3000/_next/static/chunks/node_modules_next_dist_0bc8q4g._.js:1233
[   69921ms] [LOG] !!!section {id: 08e90519-911b-4a10-bacf-2cac91a0c3d1, name: Section 1, description: null, status: PUBLISHED, code: S1} @ http://localhost:3000/_next/static/chunks/node_modules_next_dist_0bc8q4g._.js:1233
[   69936ms] [LOG] !!!section {id: 2fb31ed7-d72c-4517-89f7-a3c99296ade7, name: Test Section, description: null, status: PUBLISHED, code: TEST-001} @ http://localhost:3000/_next/static/chunks/node_modules_next_dist_0bc8q4g._.js:1233
[   69938ms] [LOG] !!!section {id: 4a271b66-8cd6-45d1-a8fc-621a893756b5, name: Test Section, description: null, status: PUBLISHED, code: TEST-001} @ http://localhost:3000/_next/static/chunks/node_modules_next_dist_0bc8q4g._.js:1233
[   69954ms] [LOG] !!!section {id: cdc36b52-eaef-401c-bcb1-9f72c0e176b8, name: Grade Test Section, description: null, status: PUBLISHED, code: GRADE-TEST} @ http://localhost:3000/_next/static/chunks/node_modules_next_dist_0bc8q4g._.js:1233
[   69969ms] [LOG] !!!section {id: 7ab6f9cf-375e-435d-bd2d-66c3eca50250, name: Section 1, description: null, status: PUBLISHED, code: S1} @ http://localhost:3000/_next/static/chunks/node_modules_next_dist_0bc8q4g._.js:1233
[   69971ms] [LOG] !!!section {id: 3b09795f-fa6e-47b2-854f-725efca79cd6, name: Section 2, description: null, status: PUBLISHED, code: S2} @ http://localhost:3000/_next/static/chunks/node_modules_next_dist_0bc8q4g._.js:1233
[   69987ms] [LOG] !!!section {id: 7da11483-c739-4b58-83e8-ba78e5031feb, name: Test Section, description: null, status: PUBLISHED, code: TEST-001} @ http://localhost:3000/_next/static/chunks/node_modules_next_dist_0bc8q4g._.js:1233
[   70003ms] [LOG] !!!section {id: dcc4587b-79f3-477f-b26f-479a094daf43, name: Test Section, description: null, status: PUBLISHED, code: TEST-001} @ http://localhost:3000/_next/static/chunks/node_modules_next_dist_0bc8q4g._.js:1233
[   70020ms] [LOG] !!!section {id: 721ac42d-575d-426f-bde4-aa604647cd9c, name: Test Section, description: null, status: PUBLISHED, code: TEST-001} @ http://localhost:3000/_next/static/chunks/node_modules_next_dist_0bc8q4g._.js:1233
[   70035ms] [LOG] !!!section {id: ce07b087-6fcd-4e1b-8ece-6a9a515e92e3, name: Section 2, description: null, status: PUBLISHED, code: S2} @ http://localhost:3000/_next/static/chunks/node_modules_next_dist_0bc8q4g._.js:1233
[   70037ms] [LOG] !!!section {id: b283d62f-d737-420f-a056-9c58f4479129, name: Original Section Name, description: Original description, status: DRAFT, code: ORIG-001} @ http://localhost:3000/_next/static/chunks/node_modules_next_dist_0bc8q4g._.js:1233
[   70038ms] [LOG] !!!section {id: dfab9461-9053-4a22-94f2-cc948185420e, name: Test Section, description: null, status: PUBLISHED, code: TEST-001} @ http://localhost:3000/_next/static/chunks/node_modules_next_dist_0bc8q4g._.js:1233
[   70205ms] [LOG] !!!section {id: 163c8180-e408-421f-b1de-7fafc01dbb20, name: Test Section, description: null, status: PUBLISHED, code: TEST-001} @ http://localhost:3000/_next/static/chunks/node_modules_next_dist_0bc8q4g._.js:1233
[   70217ms] [LOG] !!!section {id: a5be67ff-933a-45e7-a7fa-2730bdbcd286, name: Test Section, description: null, status: PUBLISHED, code: TEST-001} @ http://localhost:3000/_next/static/chunks/node_modules_next_dist_0bc8q4g._.js:1233
[   70218ms] [LOG] !!!section {id: 31bfc515-2692-49ea-b688-cd1955f53a5c, name: Test Section, description: null, status: PUBLISHED, code: TEST-001} @ http://localhost:3000/_next/static/chunks/node_modules_next_dist_0bc8q4g._.js:1233
[   70220ms] [LOG] !!!section {id: 5ae5a18a-73f8-42d5-8a68-026aab750c41, name: Grade Test Section, description: null, status: PUBLISHED, code: GRADE-TEST} @ http://localhost:3000/_next/static/chunks/node_modules_next_dist_0bc8q4g._.js:1233
[   70221ms] [LOG] !!!section {id: 499fdec3-da8d-4ef4-92d8-291d0cbd2fab, name: Temporary Section, description: null, status: DRAFT, code: TEMP-001} @ http://localhost:3000/_next/static/chunks/node_modules_next_dist_0bc8q4g._.js:1233
[   70222ms] [LOG] !!!section {id: 84427f7a-75f9-474a-b7b1-2839ac657737, name: Original Section Name, description: Original description, status: DRAFT, code: ORIG-001} @ http://localhost:3000/_next/static/chunks/node_modules_next_dist_0bc8q4g._.js:1233
[   70238ms] [LOG] !!!section {id: db7919cc-2bf4-43db-acc9-559aebba73ed, name: Test Section, description: null, status: PUBLISHED, code: TEST-001} @ http://localhost:3000/_next/static/chunks/node_modules_next_dist_0bc8q4g._.js:1233
[   70255ms] [LOG] !!!section {id: 340113f1-94d9-473a-8528-228b8dca613d, name: Original Section Name, description: Original description, status: DRAFT, code: ORIG-001} @ http://localhost:3000/_next/static/chunks/node_modules_next_dist_0bc8q4g._.js:1233
[   70268ms] [LOG] !!!section {id: 36629e2a-d5da-4bf4-85c4-3aa9b27c65c7, name: Biology 101, description: Intro to Biology, status: PUBLISHED, code: BIO101} @ http://localhost:3000/_next/static/chunks/node_modules_next_dist_0bc8q4g._.js:1233
[   70270ms] [LOG] !!!section {id: 6725abf3-d692-40cd-9658-00c68b2f5ba4, name: Test Section, description: null, status: PUBLISHED, code: TEST-001} @ http://localhost:3000/_next/static/chunks/node_modules_next_dist_0bc8q4g._.js:1233
[   70272ms] [LOG] !!!section {id: 76990e7b-682c-44f5-82f5-1de4221deb80, name: Test Section, description: null, status: PUBLISHED, code: TEST-001} @ http://localhost:3000/_next/static/chunks/node_modules_next_dist_0bc8q4g._.js:1233
[   70286ms] [LOG] !!!section {id: fbe39c35-7869-4327-92b8-f250013ca5ec, name: Japanese 101 - Spring 2026, description: Beginner Japanese conversation course, status: PUBLISHED, code: 155E99} @ http://localhost:3000/_next/static/chunks/node_modules_next_dist_0bc8q4g._.js:1233
[   70303ms] [LOG] !!!section {id: 19ec384c-5eb7-4e0e-866b-3337e09d0f9e, name: Grade Test Section, description: null, status: PUBLISHED, code: GRADE-TEST} @ http://localhost:3000/_next/static/chunks/node_modules_next_dist_0bc8q4g._.js:1233
[   70305ms] [LOG] !!!section {id: dd6a79ba-c532-4342-bf2c-796440baadd4, name: Section 2, description: null, status: PUBLISHED, code: S2} @ http://localhost:3000/_next/static/chunks/node_modules_next_dist_0bc8q4g._.js:1233
[   70318ms] [LOG] !!!section {id: e23ab46c-a060-41aa-8e07-a6b4c18cc792, name: Japanese 101 - Spring 2026, description: Beginner Japanese conversation course, status: PUBLISHED, code: MOJKQL} @ http://localhost:3000/_next/static/chunks/node_modules_next_dist_0bc8q4g._.js:1233
[   70319ms] [LOG] !!!section {id: e584b66b-d3a2-4018-a621-040e2c4131c9, name: Test Section, description: null, status: PUBLISHED, code: TEST-001} @ http://localhost:3000/_next/static/chunks/node_modules_next_dist_0bc8q4g._.js:1233
[   70321ms] [LOG] !!!section {id: da00f42c-71b5-44e6-a86e-f56a0d833a5f, name: Test Section, description: null, status: PUBLISHED, code: TEST-001} @ http://localhost:3000/_next/static/chunks/node_modules_next_dist_0bc8q4g._.js:1233
[   70322ms] [LOG] !!!section {id: 4bd499b1-c875-4a07-b7c7-d95bbf5f88e0, name: Biology 101, description: Intro to Biology, status: PUBLISHED, code: BIO101} @ http://localhost:3000/_next/static/chunks/node_modules_next_dist_0bc8q4g._.js:1233
[   70334ms] [LOG] !!!section {id: 863ed865-a2d6-4688-951c-3397eb1e5cd4, name: Test Section, description: null, status: PUBLISHED, code: TEST-001} @ http://localhost:3000/_next/static/chunks/node_modules_next_dist_0bc8q4g._.js:1233
[   70336ms] [LOG] !!!section {id: f5d362dc-7565-45ab-8f8b-30f7da60af74, name: Section 2, description: null, status: PUBLISHED, code: S2} @ http://localhost:3000/_next/static/chunks/node_modules_next_dist_0bc8q4g._.js:1233
[   70337ms] [LOG] !!!section {id: f6ef8547-c14f-4f81-8916-5b3a028131c0, name: Biology 101, description: Intro to Biology, status: PUBLISHED, code: BIO101} @ http://localhost:3000/_next/static/chunks/node_modules_next_dist_0bc8q4g._.js:1233
[   70338ms] [LOG] !!!section {id: 9d18094f-e3b7-4971-8cec-9e4c60ff59ec, name: Test Section, description: null, status: PUBLISHED, code: TEST-001} @ http://localhost:3000/_next/static/chunks/node_modules_next_dist_0bc8q4g._.js:1233
[   70350ms] [LOG] !!!section {id: 2ae9063e-f6a8-469c-9cd0-28cdee36ed26, name: E2E Test Section 1774368275525, description: Comprehensive E2E test section for complete workflow, status: PUBLISHED, code: 6NGKL2} @ http://localhost:3000/_next/static/chunks/node_modules_next_dist_0bc8q4g._.js:1233
[   79188ms] [LOG] [useChatPageContext] Cleaning up page context @ http://localhost:3000/_next/static/chunks/node_modules_next_dist_0bc8q4g._.js:1233
[   79190ms] [LOG] [useChatPageContext] Registering page context: {hasUnit: false, filesCount: 0, dictionaryCount: 0, questionsCount: 0, sectionsCount: 100} @ http://localhost:3000/_next/static/chunks/node_modules_next_dist_0bc8q4g._.js:1233
[   79741ms] [LOG] [sections.jsx] canViewInstructorDashboard: false isInstructor: false ownedSections.length: 0 @ http://localhost:3000/_next/static/chunks/node_modules_next_dist_0bc8q4g._.js:1233
[   79757ms] [LOG] sections [Object, Object, Object, Object, Object, Object, Object, Object, Object, Object, Object, Object, Object, Object, Object, Object, Object, Object, Object, Object, Object, Object, Object, Object, Object, Object, Object, Object, Object, Object, Object, Object, Object, Object, Object, Object, Object, Object, Object, Object, Object, Object, Object, Object, Object, Object, Object, Object, Object, Object, Object, Object, Object, Object, Object, Object, Object, Object, Object, Object, Object, Object, Object, Object, Object, Object, Object, Object, Object, Object, Object, Object, Object, Object, Object, Object, Object, Object, Object, Object, Object, Object, Object, Object, Object, Object, Object, Object, Object, Object, Object, Object, Object, Object, Object, Object, Object, Object, Object, Object] @ http://localhost:3000/_next/static/chunks/node_modules_next_dist_0bc8q4g._.js:1233
[   79772ms] [LOG] !!!section {id: 485a1ffa-bd40-45ca-96de-f58bc6fc0894, name: Original Section Name, description: Original description, status: DRAFT, code: ORIG-001} @ http://localhost:3000/_next/static/chunks/node_modules_next_dist_0bc8q4g._.js:1233
[   79773ms] [LOG] !!!section {id: a82ad425-66f4-4ae7-ab72-2de04258ddea, name: Grade Test Section, description: null, status: PUBLISHED, code: GRADE-TEST} @ http://localhost:3000/_next/static/chunks/node_modules_next_dist_0bc8q4g._.js:1233
[   79775ms] [LOG] !!!section {id: 26097bd0-b922-4ada-9b21-83db389944fa, name: Biology 101, description: Intro to Biology, status: PUBLISHED, code: BIO101} @ http://localhost:3000/_next/static/chunks/node_modules_next_dist_0bc8q4g._.js:1233
[   79777ms] [LOG] !!!section {id: 6a041ff4-e7ed-47ca-b2bd-0d35b84614b3, name: Test Section, description: null, status: PUBLISHED, code: TEST-001} @ http://localhost:3000/_next/static/chunks/node_modules_next_dist_0bc8q4g._.js:1233
[   79789ms] [LOG] !!!section {id: 674343a8-ce09-4fee-8772-5e9e5d60482c, name: Biology 101, description: Intro to Biology, status: PUBLISHED, code: BIO101} @ http://localhost:3000/_next/static/chunks/node_modules_next_dist_0bc8q4g._.js:1233
[   79994ms] [LOG] !!!section {id: 2a7ae578-0be1-43dd-ba5e-6e224b3b617b, name: Test Section, description: null, status: PUBLISHED, code: TEST-001} @ http://localhost:3000/_next/static/chunks/node_modules_next_dist_0bc8q4g._.js:1233
[   80009ms] [LOG] !!!section {id: f156b5e2-8491-4935-9990-a4dab652241c, name: Original Section Name, description: Original description, status: DRAFT, code: ORIG-001} @ http://localhost:3000/_next/static/chunks/node_modules_next_dist_0bc8q4g._.js:1233
[   80022ms] [LOG] !!!section {id: e002e526-7c0a-4067-abbf-4e53158c61c4, name: Section 2, description: null, status: PUBLISHED, code: S2} @ http://localhost:3000/_next/static/chunks/node_modules_next_dist_0bc8q4g._.js:1233
[   80025ms] [LOG] !!!section {id: b8cb47e8-35ca-44af-a9d7-3587acd0d179, name: Japanese 101 - Spring 2026, description: Beginner Japanese conversation course, status: PUBLISHED, code: 66CE6L} @ http://localhost:3000/_next/static/chunks/node_modules_next_dist_0bc8q4g._.js:1233
[   80043ms] [LOG] !!!section {id: af3e03f0-54df-4df7-8bd7-efb065f3432e, name: Grade Test Section, description: null, status: PUBLISHED, code: GRADE-TEST} @ http://localhost:3000/_next/static/chunks/node_modules_next_dist_0bc8q4g._.js:1233
[   80059ms] [LOG] !!!section {id: edf9e7cf-c21c-45a0-bc50-a8e508ea2815, name: Test Section, description: null, status: PUBLISHED, code: TEST-001} @ http://localhost:3000/_next/static/chunks/node_modules_next_dist_0bc8q4g._.js:1233
[   80061ms] [LOG] !!!section {id: 64def60a-7fa3-475b-8204-22e46b123b29, name: E2E Test Section 1774369286656, description: Comprehensive E2E test section for complete workflow, status: PUBLISHED, code: I4OX3T} @ http://localhost:3000/_next/static/chunks/node_modules_next_dist_0bc8q4g._.js:1233
[   80074ms] [LOG] !!!section {id: aaf5a906-30aa-4c74-b5d5-5feeed95e612, name: Test Section, description: null, status: PUBLISHED, code: TEST-001} @ http://localhost:3000/_next/static/chunks/node_modules_next_dist_0bc8q4g._.js:1233
[   80076ms] [LOG] !!!section {id: 80d216c8-4dc2-4433-92c4-386ca2a20bff, name: Test Section, description: null, status: PUBLISHED, code: TEST-001} @ http://localhost:3000/_next/static/chunks/node_modules_next_dist_0bc8q4g._.js:1233
[   80223ms] [LOG] !!!section {id: 5fb5cef5-e44b-4ec7-8be4-1d6f341dd780, name: Japanese 101 - Spring 2026, description: Beginner Japanese conversation course, status: PUBLISHED, code: FX28Q4} @ http://localhost:3000/_next/static/chunks/node_modules_next_dist_0bc8q4g._.js:1233
[   80225ms] [LOG] !!!section {id: fe9fc83c-99e9-4aa8-b3d9-21c7f351fe0c, name: Test Section, description: null, status: PUBLISHED, code: TEST-001} @ http://localhost:3000/_next/static/chunks/node_modules_next_dist_0bc8q4g._.js:1233
[   80226ms] [LOG] !!!section {id: 3dfb4edd-69ec-405a-8a05-335329e4e583, name: Temporary Section, description: null, status: DRAFT, code: TEMP-001} @ http://localhost:3000/_next/static/chunks/node_modules_next_dist_0bc8q4g._.js:1233
[   80228ms] [LOG] !!!section {id: b7d6cc52-d89b-4238-8ce3-9bf414f3e740, name: Test Section, description: null, status: PUBLISHED, code: TEST-001} @ http://localhost:3000/_next/static/chunks/node_modules_next_dist_0bc8q4g._.js:1233
[   80240ms] [LOG] !!!section {id: 70cb413e-59e0-4eaf-9dae-06bb2ac40a5d, name: Test Section, description: null, status: PUBLISHED, code: TEST-001} @ http://localhost:3000/_next/static/chunks/node_modules_next_dist_0bc8q4g._.js:1233
[   80241ms] [LOG] !!!section {id: 90f3d548-5fd7-41ff-9014-d281ee585be1, name: Section 1, description: null, status: PUBLISHED, code: S1} @ http://localhost:3000/_next/static/chunks/node_modules_next_dist_0bc8q4g._.js:1233
[   80242ms] [LOG] !!!section {id: 108127c7-99e1-4d27-9235-326438a65ff9, name: Test Section, description: null, status: PUBLISHED, code: TEST-001} @ http://localhost:3000/_next/static/chunks/node_modules_next_dist_0bc8q4g._.js:1233
[   80244ms] [LOG] !!!section {id: 4168c41f-9a2a-416d-98fd-c7c56ed3f16d, name: Test Section, description: null, status: PUBLISHED, code: TEST-001} @ http://localhost:3000/_next/static/chunks/node_modules_next_dist_0bc8q4g._.js:1233
[   80256ms] [LOG] !!!section {id: 4b1d5ed4-2c83-4f7e-b33e-7e39f7e8b582, name: Test Section, description: null, status: PUBLISHED, code: TEST-001} @ http://localhost:3000/_next/static/chunks/node_modules_next_dist_0bc8q4g._.js:1233
[   80257ms] [LOG] !!!section {id: 76aede11-b41a-4679-8272-c4b2d813e242, name: Japanese 101 - Spring 2026, description: Beginner Japanese conversation course, status: PUBLISHED, code: 032DY9} @ http://localhost:3000/_next/static/chunks/node_modules_next_dist_0bc8q4g._.js:1233
[   80259ms] [LOG] !!!section {id: 0e3121d1-22dc-4025-86fe-89d879d0f4b8, name: Biology 101, description: Intro to Biology, status: PUBLISHED, code: BIO101} @ http://localhost:3000/_next/static/chunks/node_modules_next_dist_0bc8q4g._.js:1233
[   80260ms] [LOG] !!!section {id: 7cc60b3d-5141-4ccc-885c-0f761d6aadd2, name: Section 2, description: null, status: PUBLISHED, code: S2} @ http://localhost:3000/_next/static/chunks/node_modules_next_dist_0bc8q4g._.js:1233
[   80261ms] [LOG] !!!section {id: 3866b8a5-0967-46bf-b738-16011e0ee5d2, name: Test Section, description: null, status: PUBLISHED, code: TEST-001} @ http://localhost:3000/_next/static/chunks/node_modules_next_dist_0bc8q4g._.js:1233
[   80274ms] [LOG] !!!section {id: 9f5926eb-7622-421e-85b6-f0240478e0b4, name: Test Section, description: null, status: PUBLISHED, code: TEST-001} @ http://localhost:3000/_next/static/chunks/node_modules_next_dist_0bc8q4g._.js:1233
[   80275ms] [LOG] !!!section {id: 8576ea2e-5918-4016-9e8b-880d4060cce1, name: Section 2, description: null, status: PUBLISHED, code: S2} @ http://localhost:3000/_next/static/chunks/node_modules_next_dist_0bc8q4g._.js:1233
[   80277ms] [LOG] !!!section {id: 029af6d7-18c6-4f03-b1ed-f7c9a18e3797, name: Test Section, description: null, status: PUBLISHED, code: TEST-001} @ http://localhost:3000/_next/static/chunks/node_modules_next_dist_0bc8q4g._.js:1233
[   80289ms] [LOG] !!!section {id: c134f150-7cab-4825-984b-4848d2f8daad, name: Test Section, description: null, status: PUBLISHED, code: TEST-001} @ http://localhost:3000/_next/static/chunks/node_modules_next_dist_0bc8q4g._.js:1233
[   80291ms] [LOG] !!!section {id: 92d79627-e95c-4648-aa46-7ec92087f837, name: Test Section, description: null, status: PUBLISHED, code: TEST-001} @ http://localhost:3000/_next/static/chunks/node_modules_next_dist_0bc8q4g._.js:1233
[   80293ms] [LOG] !!!section {id: f48e984a-3ca4-4cec-8ba4-5a2626b51de3, name: Temporary Section, description: null, status: DRAFT, code: TEMP-001} @ http://localhost:3000/_next/static/chunks/node_modules_next_dist_0bc8q4g._.js:1233
[   80295ms] [LOG] !!!section {id: 120aa2f0-ef90-4315-9fde-d772745cfb2c, name: Test Section, description: null, status: PUBLISHED, code: TEST-001} @ http://localhost:3000/_next/static/chunks/node_modules_next_dist_0bc8q4g._.js:1233
[   80307ms] [LOG] !!!section {id: 7474d4eb-d4f8-4630-adf0-0004b7dcf1fe, name: Grade Test Section, description: null, status: PUBLISHED, code: GRADE-TEST} @ http://localhost:3000/_next/static/chunks/node_modules_next_dist_0bc8q4g._.js:1233
[   80342ms] [LOG] !!!section {id: e9615e0d-44fe-4f01-97a8-1f5c1a58f535, name: Japanese 101 - Spring 2026, description: Beginner Japanese conversation course, status: PUBLISHED, code: ZB0WI7} @ http://localhost:3000/_next/static/chunks/node_modules_next_dist_0bc8q4g._.js:1233
[   80490ms] [LOG] !!!section {id: 5d43d353-6ea4-4d1f-bae8-c5240e6acb69, name: Grade Test Section, description: null, status: PUBLISHED, code: GRADE-TEST} @ http://localhost:3000/_next/static/chunks/node_modules_next_dist_0bc8q4g._.js:1233
[   80492ms] [LOG] !!!section {id: db67195f-f706-4160-9b47-b855b4aa29cd, name: Temporary Section, description: null, status: DRAFT, code: TEMP-001} @ http://localhost:3000/_next/static/chunks/node_modules_next_dist_0bc8q4g._.js:1233
[   80493ms] [LOG] !!!section {id: 47656fed-1826-46b7-b3a1-c9ceb78da9a8, name: Test Section, description: null, status: PUBLISHED, code: TEST-001} @ http://localhost:3000/_next/static/chunks/node_modules_next_dist_0bc8q4g._.js:1233
[   80579ms] [LOG] !!!section {id: 1ee29798-548e-4c98-8047-137a247dcb03, name: Test Section, description: null, status: PUBLISHED, code: TEST-001} @ http://localhost:3000/_next/static/chunks/node_modules_next_dist_0bc8q4g._.js:1233
[   80593ms] [LOG] !!!section {id: d8bb7cb1-9864-4008-a79c-6c9fcced077a, name: Section 2, description: null, status: PUBLISHED, code: S2} @ http://localhost:3000/_next/static/chunks/node_modules_next_dist_0bc8q4g._.js:1233
[   80595ms] [LOG] !!!section {id: 598d0820-d1d0-4e3b-8066-f11240ce4370, name: Japanese 101 - Spring 2026, description: Beginner Japanese conversation course, status: PUBLISHED, code: L2SC9C} @ http://localhost:3000/_next/static/chunks/node_modules_next_dist_0bc8q4g._.js:1233
[   80609ms] [LOG] !!!section {id: b3eba183-eb90-4b3f-a9b6-c7368016155c, name: Section 2, description: null, status: PUBLISHED, code: S2} @ http://localhost:3000/_next/static/chunks/node_modules_next_dist_0bc8q4g._.js:1233
[   80611ms] [LOG] !!!section {id: f73b55ab-be3a-4977-90cd-8695fb4bfb57, name: Original Section Name, description: Original description, status: DRAFT, code: ORIG-001} @ http://localhost:3000/_next/static/chunks/node_modules_next_dist_0bc8q4g._.js:1233
[   80612ms] [LOG] !!!section {id: 3d33ac82-7800-4882-8bf5-8a2c0d1dc7cc, name: Original Section Name, description: Original description, status: DRAFT, code: ORIG-001} @ http://localhost:3000/_next/static/chunks/node_modules_next_dist_0bc8q4g._.js:1233
[   80624ms] [LOG] !!!section {id: d0f1083d-3422-4e21-953a-78c781b7da51, name: Test Section, description: null, status: PUBLISHED, code: TEST-001} @ http://localhost:3000/_next/static/chunks/node_modules_next_dist_0bc8q4g._.js:1233
[   80626ms] [LOG] !!!section {id: cd6c83ff-ca21-4447-a4e2-8cb0f81d93db, name: Test Section, description: null, status: PUBLISHED, code: TEST-001} @ http://localhost:3000/_next/static/chunks/node_modules_next_dist_0bc8q4g._.js:1233
[   80627ms] [LOG] !!!section {id: 0fb98bed-1d11-423f-9165-18f219794312, name: Section 2, description: null, status: PUBLISHED, code: S2} @ http://localhost:3000/_next/static/chunks/node_modules_next_dist_0bc8q4g._.js:1233
[   80628ms] [LOG] !!!section {id: 778ce67d-7595-4b23-bb28-41c4233f443c, name: Japanese 101 - Spring 2026, description: Beginner Japanese conversation course, status: PUBLISHED, code: F4DP9P} @ http://localhost:3000/_next/static/chunks/node_modules_next_dist_0bc8q4g._.js:1233
[   80641ms] [LOG] !!!section {id: 40d10d70-5b8e-4f1d-962a-5b4e23bd7e50, name: Test Section, description: null, status: PUBLISHED, code: TEST-001} @ http://localhost:3000/_next/static/chunks/node_modules_next_dist_0bc8q4g._.js:1233
[   80642ms] [LOG] !!!section {id: 8bd49f0d-f626-4b9e-b4f6-85089ef66536, name: Test Section, description: null, status: PUBLISHED, code: TEST-001} @ http://localhost:3000/_next/static/chunks/node_modules_next_dist_0bc8q4g._.js:1233
[   80757ms] [LOG] !!!section {id: 51ad747f-3f3d-457f-8e63-5e572d94cdee, name: E2E Test Section 1774482736434, description: Comprehensive E2E test section for complete workflow, status: PUBLISHED, code: 641S86} @ http://localhost:3000/_next/static/chunks/node_modules_next_dist_0bc8q4g._.js:1233
[   80759ms] [LOG] !!!section {id: ffcf40b1-bec3-4a3b-abd0-b2f0d7c64c3d, name: Section 2, description: null, status: PUBLISHED, code: S2} @ http://localhost:3000/_next/static/chunks/node_modules_next_dist_0bc8q4g._.js:1233
[   80761ms] [LOG] !!!section {id: f45196f6-e3ac-46ab-a60e-7c6b58d92ec3, name: Section 2, description: null, status: PUBLISHED, code: S2} @ http://localhost:3000/_next/static/chunks/node_modules_next_dist_0bc8q4g._.js:1233
[   80762ms] [LOG] !!!section {id: 5664bef5-8a03-43f7-9fe2-1f5560df38d4, name: Section 2, description: null, status: PUBLISHED, code: S2} @ http://localhost:3000/_next/static/chunks/node_modules_next_dist_0bc8q4g._.js:1233
[   80774ms] [LOG] !!!section {id: 325495e1-910b-4a4d-83e2-b003dd294b85, name: Test Section, description: null, status: PUBLISHED, code: TEST-001} @ http://localhost:3000/_next/static/chunks/node_modules_next_dist_0bc8q4g._.js:1233
[   80776ms] [LOG] !!!section {id: afab77f1-fc64-44cc-98e2-1915399dc1f4, name: Test Section, description: null, status: PUBLISHED, code: TEST-001} @ http://localhost:3000/_next/static/chunks/node_modules_next_dist_0bc8q4g._.js:1233
[   80890ms] [LOG] !!!section {id: cdee8ece-10ee-4f7e-b863-5cbd4ef6de73, name: Japanese 101 - Spring 2026, description: Beginner Japanese conversation course, status: PUBLISHED, code: FQE3UW} @ http://localhost:3000/_next/static/chunks/node_modules_next_dist_0bc8q4g._.js:1233
[   80892ms] [LOG] !!!section {id: 953591de-0167-4311-98bb-99b8204d037b, name: Test Section, description: null, status: PUBLISHED, code: TEST-001} @ http://localhost:3000/_next/static/chunks/node_modules_next_dist_0bc8q4g._.js:1233
[   80894ms] [LOG] !!!section {id: c1be5a84-65ed-4a78-9cd4-b33b25a702b3, name: Test Section, description: null, status: PUBLISHED, code: TEST-001} @ http://localhost:3000/_next/static/chunks/node_modules_next_dist_0bc8q4g._.js:1233
[   80895ms] [LOG] !!!section {id: fab4ea86-7d86-4186-b124-22c0e1188fbe, name: Temporary Section, description: null, status: DRAFT, code: TEMP-001} @ http://localhost:3000/_next/static/chunks/node_modules_next_dist_0bc8q4g._.js:1233
[   80907ms] [LOG] !!!section {id: 272c6fcb-0ed6-4e8c-a66e-96ad9f84afa8, name: Test Section, description: null, status: PUBLISHED, code: TEST-001} @ http://localhost:3000/_next/static/chunks/node_modules_next_dist_0bc8q4g._.js:1233
[   80909ms] [LOG] !!!section {id: 0b1afe2d-5585-4b37-b32f-b7557e38f895, name: Section 2, description: null, status: PUBLISHED, code: S2} @ http://localhost:3000/_next/static/chunks/node_modules_next_dist_0bc8q4g._.js:1233
[   80911ms] [LOG] !!!section {id: 1ad02849-2bc3-41cf-9776-14b68bb96bec, name: Biology 101, description: Intro to Biology, status: PUBLISHED, code: BIO101} @ http://localhost:3000/_next/static/chunks/node_modules_next_dist_0bc8q4g._.js:1233
[   80923ms] [LOG] !!!section {id: 58f0c8e1-6a6d-4962-9a03-b2267d7f1a5e, name: Test Section, description: null, status: PUBLISHED, code: TEST-001} @ http://localhost:3000/_next/static/chunks/node_modules_next_dist_0bc8q4g._.js:1233
[   80925ms] [LOG] !!!section {id: 08e90519-911b-4a10-bacf-2cac91a0c3d1, name: Section 1, description: null, status: PUBLISHED, code: S1} @ http://localhost:3000/_next/static/chunks/node_modules_next_dist_0bc8q4g._.js:1233
[   80928ms] [LOG] !!!section {id: 2fb31ed7-d72c-4517-89f7-a3c99296ade7, name: Test Section, description: null, status: PUBLISHED, code: TEST-001} @ http://localhost:3000/_next/static/chunks/node_modules_next_dist_0bc8q4g._.js:1233
[   80929ms] [LOG] !!!section {id: 4a271b66-8cd6-45d1-a8fc-621a893756b5, name: Test Section, description: null, status: PUBLISHED, code: TEST-001} @ http://localhost:3000/_next/static/chunks/node_modules_next_dist_0bc8q4g._.js:1233
[   80941ms] [LOG] !!!section {id: cdc36b52-eaef-401c-bcb1-9f72c0e176b8, name: Grade Test Section, description: null, status: PUBLISHED, code: GRADE-TEST} @ http://localhost:3000/_next/static/chunks/node_modules_next_dist_0bc8q4g._.js:1233
[   80942ms] [LOG] !!!section {id: 7ab6f9cf-375e-435d-bd2d-66c3eca50250, name: Section 1, description: null, status: PUBLISHED, code: S1} @ http://localhost:3000/_next/static/chunks/node_modules_next_dist_0bc8q4g._.js:1233
[   80957ms] [LOG] !!!section {id: 3b09795f-fa6e-47b2-854f-725efca79cd6, name: Section 2, description: null, status: PUBLISHED, code: S2} @ http://localhost:3000/_next/static/chunks/node_modules_next_dist_0bc8q4g._.js:1233
[   80960ms] [LOG] !!!section {id: 7da11483-c739-4b58-83e8-ba78e5031feb, name: Test Section, description: null, status: PUBLISHED, code: TEST-001} @ http://localhost:3000/_next/static/chunks/node_modules_next_dist_0bc8q4g._.js:1233
[   80962ms] [LOG] !!!section {id: dcc4587b-79f3-477f-b26f-479a094daf43, name: Test Section, description: null, status: PUBLISHED, code: TEST-001} @ http://localhost:3000/_next/static/chunks/node_modules_next_dist_0bc8q4g._.js:1233
[   80975ms] [LOG] !!!section {id: 721ac42d-575d-426f-bde4-aa604647cd9c, name: Test Section, description: null, status: PUBLISHED, code: TEST-001} @ http://localhost:3000/_next/static/chunks/node_modules_next_dist_0bc8q4g._.js:1233
[   80978ms] [LOG] !!!section {id: ce07b087-6fcd-4e1b-8ece-6a9a515e92e3, name: Section 2, description: null, status: PUBLISHED, code: S2} @ http://localhost:3000/_next/static/chunks/node_modules_next_dist_0bc8q4g._.js:1233
[   81157ms] [LOG] !!!section {id: b283d62f-d737-420f-a056-9c58f4479129, name: Original Section Name, description: Original description, status: DRAFT, code: ORIG-001} @ http://localhost:3000/_next/static/chunks/node_modules_next_dist_0bc8q4g._.js:1233
[   81160ms] [LOG] !!!section {id: dfab9461-9053-4a22-94f2-cc948185420e, name: Test Section, description: null, status: PUBLISHED, code: TEST-001} @ http://localhost:3000/_next/static/chunks/node_modules_next_dist_0bc8q4g._.js:1233
[   81161ms] [LOG] !!!section {id: 163c8180-e408-421f-b1de-7fafc01dbb20, name: Test Section, description: null, status: PUBLISHED, code: TEST-001} @ http://localhost:3000/_next/static/chunks/node_modules_next_dist_0bc8q4g._.js:1233
[   81163ms] [LOG] !!!section {id: a5be67ff-933a-45e7-a7fa-2730bdbcd286, name: Test Section, description: null, status: PUBLISHED, code: TEST-001} @ http://localhost:3000/_next/static/chunks/node_modules_next_dist_0bc8q4g._.js:1233
[   81175ms] [LOG] !!!section {id: 31bfc515-2692-49ea-b688-cd1955f53a5c, name: Test Section, description: null, status: PUBLISHED, code: TEST-001} @ http://localhost:3000/_next/static/chunks/node_modules_next_dist_0bc8q4g._.js:1233
[   81177ms] [LOG] !!!section {id: 5ae5a18a-73f8-42d5-8a68-026aab750c41, name: Grade Test Section, description: null, status: PUBLISHED, code: GRADE-TEST} @ http://localhost:3000/_next/static/chunks/node_modules_next_dist_0bc8q4g._.js:1233
[   81178ms] [LOG] !!!section {id: 499fdec3-da8d-4ef4-92d8-291d0cbd2fab, name: Temporary Section, description: null, status: DRAFT, code: TEMP-001} @ http://localhost:3000/_next/static/chunks/node_modules_next_dist_0bc8q4g._.js:1233
[   81180ms] [LOG] !!!section {id: 84427f7a-75f9-474a-b7b1-2839ac657737, name: Original Section Name, description: Original description, status: DRAFT, code: ORIG-001} @ http://localhost:3000/_next/static/chunks/node_modules_next_dist_0bc8q4g._.js:1233
[   81192ms] [LOG] !!!section {id: db7919cc-2bf4-43db-acc9-559aebba73ed, name: Test Section, description: null, status: PUBLISHED, code: TEST-001} @ http://localhost:3000/_next/static/chunks/node_modules_next_dist_0bc8q4g._.js:1233
[   81193ms] [LOG] !!!section {id: 340113f1-94d9-473a-8528-228b8dca613d, name: Original Section Name, description: Original description, status: DRAFT, code: ORIG-001} @ http://localhost:3000/_next/static/chunks/node_modules_next_dist_0bc8q4g._.js:1233
[   81195ms] [LOG] !!!section {id: 36629e2a-d5da-4bf4-85c4-3aa9b27c65c7, name: Biology 101, description: Intro to Biology, status: PUBLISHED, code: BIO101} @ http://localhost:3000/_next/static/chunks/node_modules_next_dist_0bc8q4g._.js:1233
[   81197ms] [LOG] !!!section {id: 6725abf3-d692-40cd-9658-00c68b2f5ba4, name: Test Section, description: null, status: PUBLISHED, code: TEST-001} @ http://localhost:3000/_next/static/chunks/node_modules_next_dist_0bc8q4g._.js:1233
[   81209ms] [LOG] !!!section {id: 76990e7b-682c-44f5-82f5-1de4221deb80, name: Test Section, description: null, status: PUBLISHED, code: TEST-001} @ http://localhost:3000/_next/static/chunks/node_modules_next_dist_0bc8q4g._.js:1233
[   81210ms] [LOG] !!!section {id: fbe39c35-7869-4327-92b8-f250013ca5ec, name: Japanese 101 - Spring 2026, description: Beginner Japanese conversation course, status: PUBLISHED, code: 155E99} @ http://localhost:3000/_next/static/chunks/node_modules_next_dist_0bc8q4g._.js:1233
[   81212ms] [LOG] !!!section {id: 19ec384c-5eb7-4e0e-866b-3337e09d0f9e, name: Grade Test Section, description: null, status: PUBLISHED, code: GRADE-TEST} @ http://localhost:3000/_next/static/chunks/node_modules_next_dist_0bc8q4g._.js:1233
[   81225ms] [LOG] !!!section {id: dd6a79ba-c532-4342-bf2c-796440baadd4, name: Section 2, description: null, status: PUBLISHED, code: S2} @ http://localhost:3000/_next/static/chunks/node_modules_next_dist_0bc8q4g._.js:1233
[   81227ms] [LOG] !!!section {id: e23ab46c-a060-41aa-8e07-a6b4c18cc792, name: Japanese 101 - Spring 2026, description: Beginner Japanese conversation course, status: PUBLISHED, code: MOJKQL} @ http://localhost:3000/_next/static/chunks/node_modules_next_dist_0bc8q4g._.js:1233
[   81229ms] [LOG] !!!section {id: e584b66b-d3a2-4018-a621-040e2c4131c9, name: Test Section, description: null, status: PUBLISHED, code: TEST-001} @ http://localhost:3000/_next/static/chunks/node_modules_next_dist_0bc8q4g._.js:1233
[   81241ms] [LOG] !!!section {id: da00f42c-71b5-44e6-a86e-f56a0d833a5f, name: Test Section, description: null, status: PUBLISHED, code: TEST-001} @ http://localhost:3000/_next/static/chunks/node_modules_next_dist_0bc8q4g._.js:1233
[   81242ms] [LOG] !!!section {id: 4bd499b1-c875-4a07-b7c7-d95bbf5f88e0, name: Biology 101, description: Intro to Biology, status: PUBLISHED, code: BIO101} @ http://localhost:3000/_next/static/chunks/node_modules_next_dist_0bc8q4g._.js:1233
[   81243ms] [LOG] !!!section {id: 863ed865-a2d6-4688-951c-3397eb1e5cd4, name: Test Section, description: null, status: PUBLISHED, code: TEST-001} @ http://localhost:3000/_next/static/chunks/node_modules_next_dist_0bc8q4g._.js:1233
[   81425ms] [LOG] !!!section {id: f5d362dc-7565-45ab-8f8b-30f7da60af74, name: Section 2, description: null, status: PUBLISHED, code: S2} @ http://localhost:3000/_next/static/chunks/node_modules_next_dist_0bc8q4g._.js:1233
[   81427ms] [LOG] !!!section {id: f6ef8547-c14f-4f81-8916-5b3a028131c0, name: Biology 101, description: Intro to Biology, status: PUBLISHED, code: BIO101} @ http://localhost:3000/_next/static/chunks/node_modules_next_dist_0bc8q4g._.js:1233
[   81429ms] [LOG] !!!section {id: 9d18094f-e3b7-4971-8cec-9e4c60ff59ec, name: Test Section, description: null, status: PUBLISHED, code: TEST-001} @ http://localhost:3000/_next/static/chunks/node_modules_next_dist_0bc8q4g._.js:1233
[   81430ms] [LOG] !!!section {id: 2ae9063e-f6a8-469c-9cd0-28cdee36ed26, name: E2E Test Section 1774368275525, description: Comprehensive E2E test section for complete workflow, status: PUBLISHED, code: 6NGKL2} @ http://localhost:3000/_next/static/chunks/node_modules_next_dist_0bc8q4g._.js:1233
[   81444ms] [LOG] [sections.jsx] canViewInstructorDashboard: false isInstructor: false ownedSections.length: 0 @ http://localhost:3000/_next/static/chunks/node_modules_next_dist_0bc8q4g._.js:1233
[   81460ms] [LOG] sections [Object, Object, Object, Object, Object, Object, Object, Object, Object, Object, Object, Object, Object, Object, Object, Object, Object, Object, Object, Object, Object, Object, Object, Object, Object, Object, Object, Object, Object, Object, Object, Object, Object, Object, Object, Object, Object, Object, Object, Object, Object, Object, Object, Object, Object, Object, Object, Object, Object, Object, Object, Object, Object, Object, Object, Object, Object, Object, Object, Object, Object, Object, Object, Object, Object, Object, Object, Object, Object, Object, Object, Object, Object, Object, Object, Object, Object, Object, Object, Object, Object, Object, Object, Object, Object, Object, Object, Object, Object, Object, Object, Object, Object, Object, Object, Object, Object, Object, Object, Object] @ http://localhost:3000/_next/static/chunks/node_modules_next_dist_0bc8q4g._.js:1233
[   81475ms] [LOG] !!!section {id: 485a1ffa-bd40-45ca-96de-f58bc6fc0894, name: Original Section Name, description: Original description, status: DRAFT, code: ORIG-001} @ http://localhost:3000/_next/static/chunks/node_modules_next_dist_0bc8q4g._.js:1233
[   81478ms] [LOG] !!!section {id: a82ad425-66f4-4ae7-ab72-2de04258ddea, name: Grade Test Section, description: null, status: PUBLISHED, code: GRADE-TEST} @ http://localhost:3000/_next/static/chunks/node_modules_next_dist_0bc8q4g._.js:1233
[   81480ms] [LOG] !!!section {id: 26097bd0-b922-4ada-9b21-83db389944fa, name: Biology 101, description: Intro to Biology, status: PUBLISHED, code: BIO101} @ http://localhost:3000/_next/static/chunks/node_modules_next_dist_0bc8q4g._.js:1233
[   81493ms] [LOG] !!!section {id: 6a041ff4-e7ed-47ca-b2bd-0d35b84614b3, name: Test Section, description: null, status: PUBLISHED, code: TEST-001} @ http://localhost:3000/_next/static/chunks/node_modules_next_dist_0bc8q4g._.js:1233
[   81496ms] [LOG] !!!section {id: 674343a8-ce09-4fee-8772-5e9e5d60482c, name: Biology 101, description: Intro to Biology, status: PUBLISHED, code: BIO101} @ http://localhost:3000/_next/static/chunks/node_modules_next_dist_0bc8q4g._.js:1233
[   81497ms] [LOG] !!!section {id: 2a7ae578-0be1-43dd-ba5e-6e224b3b617b, name: Test Section, description: null, status: PUBLISHED, code: TEST-001} @ http://localhost:3000/_next/static/chunks/node_modules_next_dist_0bc8q4g._.js:1233
[   81510ms] [LOG] !!!section {id: f156b5e2-8491-4935-9990-a4dab652241c, name: Original Section Name, description: Original description, status: DRAFT, code: ORIG-001} @ http://localhost:3000/_next/static/chunks/node_modules_next_dist_0bc8q4g._.js:1233
[   81511ms] [LOG] !!!section {id: e002e526-7c0a-4067-abbf-4e53158c61c4, name: Section 2, description: null, status: PUBLISHED, code: S2} @ http://localhost:3000/_next/static/chunks/node_modules_next_dist_0bc8q4g._.js:1233
[   81513ms] [LOG] !!!section {id: b8cb47e8-35ca-44af-a9d7-3587acd0d179, name: Japanese 101 - Spring 2026, description: Beginner Japanese conversation course, status: PUBLISHED, code: 66CE6L} @ http://localhost:3000/_next/static/chunks/node_modules_next_dist_0bc8q4g._.js:1233
[   81526ms] [LOG] !!!section {id: af3e03f0-54df-4df7-8bd7-efb065f3432e, name: Grade Test Section, description: null, status: PUBLISHED, code: GRADE-TEST} @ http://localhost:3000/_next/static/chunks/node_modules_next_dist_0bc8q4g._.js:1233
[   81527ms] [LOG] !!!section {id: edf9e7cf-c21c-45a0-bc50-a8e508ea2815, name: Test Section, description: null, status: PUBLISHED, code: TEST-001} @ http://localhost:3000/_next/static/chunks/node_modules_next_dist_0bc8q4g._.js:1233
[   81529ms] [LOG] !!!section {id: 64def60a-7fa3-475b-8204-22e46b123b29, name: E2E Test Section 1774369286656, description: Comprehensive E2E test section for complete workflow, status: PUBLISHED, code: I4OX3T} @ http://localhost:3000/_next/static/chunks/node_modules_next_dist_0bc8q4g._.js:1233
[   81530ms] [LOG] !!!section {id: aaf5a906-30aa-4c74-b5d5-5feeed95e612, name: Test Section, description: null, status: PUBLISHED, code: TEST-001} @ http://localhost:3000/_next/static/chunks/node_modules_next_dist_0bc8q4g._.js:1233
[   81543ms] [LOG] !!!section {id: 80d216c8-4dc2-4433-92c4-386ca2a20bff, name: Test Section, description: null, status: PUBLISHED, code: TEST-001} @ http://localhost:3000/_next/static/chunks/node_modules_next_dist_0bc8q4g._.js:1233
[   81544ms] [LOG] !!!section {id: 5fb5cef5-e44b-4ec7-8be4-1d6f341dd780, name: Japanese 101 - Spring 2026, description: Beginner Japanese conversation course, status: PUBLISHED, code: FX28Q4} @ http://localhost:3000/_next/static/chunks/node_modules_next_dist_0bc8q4g._.js:1233
[   81545ms] [LOG] !!!section {id: fe9fc83c-99e9-4aa8-b3d9-21c7f351fe0c, name: Test Section, description: null, status: PUBLISHED, code: TEST-001} @ http://localhost:3000/_next/static/chunks/node_modules_next_dist_0bc8q4g._.js:1233
[   81547ms] [LOG] !!!section {id: 3dfb4edd-69ec-405a-8a05-335329e4e583, name: Temporary Section, description: null, status: DRAFT, code: TEMP-001} @ http://localhost:3000/_next/static/chunks/node_modules_next_dist_0bc8q4g._.js:1233
[   81696ms] [LOG] !!!section {id: b7d6cc52-d89b-4238-8ce3-9bf414f3e740, name: Test Section, description: null, status: PUBLISHED, code: TEST-001} @ http://localhost:3000/_next/static/chunks/node_modules_next_dist_0bc8q4g._.js:1233
[   81763ms] [LOG] !!!section {id: 70cb413e-59e0-4eaf-9dae-06bb2ac40a5d, name: Test Section, description: null, status: PUBLISHED, code: TEST-001} @ http://localhost:3000/_next/static/chunks/node_modules_next_dist_0bc8q4g._.js:1233
[   81794ms] [LOG] !!!section {id: 90f3d548-5fd7-41ff-9014-d281ee585be1, name: Section 1, description: null, status: PUBLISHED, code: S1} @ http://localhost:3000/_next/static/chunks/node_modules_next_dist_0bc8q4g._.js:1233
[   81826ms] [LOG] !!!section {id: 108127c7-99e1-4d27-9235-326438a65ff9, name: Test Section, description: null, status: PUBLISHED, code: TEST-001} @ http://localhost:3000/_next/static/chunks/node_modules_next_dist_0bc8q4g._.js:1233
[   81828ms] [LOG] !!!section {id: 4168c41f-9a2a-416d-98fd-c7c56ed3f16d, name: Test Section, description: null, status: PUBLISHED, code: TEST-001} @ http://localhost:3000/_next/static/chunks/node_modules_next_dist_0bc8q4g._.js:1233
[   81829ms] [LOG] !!!section {id: 4b1d5ed4-2c83-4f7e-b33e-7e39f7e8b582, name: Test Section, description: null, status: PUBLISHED, code: TEST-001} @ http://localhost:3000/_next/static/chunks/node_modules_next_dist_0bc8q4g._.js:1233
[   81831ms] [LOG] !!!section {id: 76aede11-b41a-4679-8272-c4b2d813e242, name: Japanese 101 - Spring 2026, description: Beginner Japanese conversation course, status: PUBLISHED, code: 032DY9} @ http://localhost:3000/_next/static/chunks/node_modules_next_dist_0bc8q4g._.js:1233
[   81843ms] [LOG] !!!section {id: 0e3121d1-22dc-4025-86fe-89d879d0f4b8, name: Biology 101, description: Intro to Biology, status: PUBLISHED, code: BIO101} @ http://localhost:3000/_next/static/chunks/node_modules_next_dist_0bc8q4g._.js:1233
[   81845ms] [LOG] !!!section {id: 7cc60b3d-5141-4ccc-885c-0f761d6aadd2, name: Section 2, description: null, status: PUBLISHED, code: S2} @ http://localhost:3000/_next/static/chunks/node_modules_next_dist_0bc8q4g._.js:1233
[   81847ms] [LOG] !!!section {id: 3866b8a5-0967-46bf-b738-16011e0ee5d2, name: Test Section, description: null, status: PUBLISHED, code: TEST-001} @ http://localhost:3000/_next/static/chunks/node_modules_next_dist_0bc8q4g._.js:1233
[   81860ms] [LOG] !!!section {id: 9f5926eb-7622-421e-85b6-f0240478e0b4, name: Test Section, description: null, status: PUBLISHED, code: TEST-001} @ http://localhost:3000/_next/static/chunks/node_modules_next_dist_0bc8q4g._.js:1233
[   81864ms] [LOG] !!!section {id: 8576ea2e-5918-4016-9e8b-880d4060cce1, name: Section 2, description: null, status: PUBLISHED, code: S2} @ http://localhost:3000/_next/static/chunks/node_modules_next_dist_0bc8q4g._.js:1233
[   81877ms] [LOG] !!!section {id: 029af6d7-18c6-4f03-b1ed-f7c9a18e3797, name: Test Section, description: null, status: PUBLISHED, code: TEST-001} @ http://localhost:3000/_next/static/chunks/node_modules_next_dist_0bc8q4g._.js:1233
[   81879ms] [LOG] !!!section {id: c134f150-7cab-4825-984b-4848d2f8daad, name: Test Section, description: null, status: PUBLISHED, code: TEST-001} @ http://localhost:3000/_next/static/chunks/node_modules_next_dist_0bc8q4g._.js:1233
[   81880ms] [LOG] !!!section {id: 92d79627-e95c-4648-aa46-7ec92087f837, name: Test Section, description: null, status: PUBLISHED, code: TEST-001} @ http://localhost:3000/_next/static/chunks/node_modules_next_dist_0bc8q4g._.js:1233
[   81893ms] [LOG] !!!section {id: f48e984a-3ca4-4cec-8ba4-5a2626b51de3, name: Temporary Section, description: null, status: DRAFT, code: TEMP-001} @ http://localhost:3000/_next/static/chunks/node_modules_next_dist_0bc8q4g._.js:1233
[   81926ms] [LOG] !!!section {id: 120aa2f0-ef90-4315-9fde-d772745cfb2c, name: Test Section, description: null, status: PUBLISHED, code: TEST-001} @ http://localhost:3000/_next/static/chunks/node_modules_next_dist_0bc8q4g._.js:1233
[   81928ms] [LOG] !!!section {id: 7474d4eb-d4f8-4630-adf0-0004b7dcf1fe, name: Grade Test Section, description: null, status: PUBLISHED, code: GRADE-TEST} @ http://localhost:3000/_next/static/chunks/node_modules_next_dist_0bc8q4g._.js:1233
[   81929ms] [LOG] !!!section {id: e9615e0d-44fe-4f01-97a8-1f5c1a58f535, name: Japanese 101 - Spring 2026, description: Beginner Japanese conversation course, status: PUBLISHED, code: ZB0WI7} @ http://localhost:3000/_next/static/chunks/node_modules_next_dist_0bc8q4g._.js:1233
[   81931ms] [LOG] !!!section {id: 5d43d353-6ea4-4d1f-bae8-c5240e6acb69, name: Grade Test Section, description: null, status: PUBLISHED, code: GRADE-TEST} @ http://localhost:3000/_next/static/chunks/node_modules_next_dist_0bc8q4g._.js:1233
[   81959ms] [LOG] !!!section {id: db67195f-f706-4160-9b47-b855b4aa29cd, name: Temporary Section, description: null, status: DRAFT, code: TEMP-001} @ http://localhost:3000/_next/static/chunks/node_modules_next_dist_0bc8q4g._.js:1233
[   81961ms] [LOG] !!!section {id: 47656fed-1826-46b7-b3a1-c9ceb78da9a8, name: Test Section, description: null, status: PUBLISHED, code: TEST-001} @ http://localhost:3000/_next/static/chunks/node_modules_next_dist_0bc8q4g._.js:1233
[   81962ms] [LOG] !!!section {id: 1ee29798-548e-4c98-8047-137a247dcb03, name: Test Section, description: null, status: PUBLISHED, code: TEST-001} @ http://localhost:3000/_next/static/chunks/node_modules_next_dist_0bc8q4g._.js:1233
[   81964ms] [LOG] !!!section {id: d8bb7cb1-9864-4008-a79c-6c9fcced077a, name: Section 2, description: null, status: PUBLISHED, code: S2} @ http://localhost:3000/_next/static/chunks/node_modules_next_dist_0bc8q4g._.js:1233
[   81977ms] [LOG] !!!section {id: 598d0820-d1d0-4e3b-8066-f11240ce4370, name: Japanese 101 - Spring 2026, description: Beginner Japanese conversation course, status: PUBLISHED, code: L2SC9C} @ http://localhost:3000/_next/static/chunks/node_modules_next_dist_0bc8q4g._.js:1233
[   81978ms] [LOG] !!!section {id: b3eba183-eb90-4b3f-a9b6-c7368016155c, name: Section 2, description: null, status: PUBLISHED, code: S2} @ http://localhost:3000/_next/static/chunks/node_modules_next_dist_0bc8q4g._.js:1233
[   81980ms] [LOG] !!!section {id: f73b55ab-be3a-4977-90cd-8695fb4bfb57, name: Original Section Name, description: Original description, status: DRAFT, code: ORIG-001} @ http://localhost:3000/_next/static/chunks/node_modules_next_dist_0bc8q4g._.js:1233
[   81981ms] [LOG] !!!section {id: 3d33ac82-7800-4882-8bf5-8a2c0d1dc7cc, name: Original Section Name, description: Original description, status: DRAFT, code: ORIG-001} @ http://localhost:3000/_next/static/chunks/node_modules_next_dist_0bc8q4g._.js:1233
[   81993ms] [LOG] !!!section {id: d0f1083d-3422-4e21-953a-78c781b7da51, name: Test Section, description: null, status: PUBLISHED, code: TEST-001} @ http://localhost:3000/_next/static/chunks/node_modules_next_dist_0bc8q4g._.js:1233
[   81995ms] [LOG] !!!section {id: cd6c83ff-ca21-4447-a4e2-8cb0f81d93db, name: Test Section, description: null, status: PUBLISHED, code: TEST-001} @ http://localhost:3000/_next/static/chunks/node_modules_next_dist_0bc8q4g._.js:1233
[   81997ms] [LOG] !!!section {id: 0fb98bed-1d11-423f-9165-18f219794312, name: Section 2, description: null, status: PUBLISHED, code: S2} @ http://localhost:3000/_next/static/chunks/node_modules_next_dist_0bc8q4g._.js:1233
[   82014ms] [LOG] !!!section {id: 778ce67d-7595-4b23-bb28-41c4233f443c, name: Japanese 101 - Spring 2026, description: Beginner Japanese conversation course, status: PUBLISHED, code: F4DP9P} @ http://localhost:3000/_next/static/chunks/node_modules_next_dist_0bc8q4g._.js:1233
[   82029ms] [LOG] !!!section {id: 40d10d70-5b8e-4f1d-962a-5b4e23bd7e50, name: Test Section, description: null, status: PUBLISHED, code: TEST-001} @ http://localhost:3000/_next/static/chunks/node_modules_next_dist_0bc8q4g._.js:1233
[   82043ms] [LOG] !!!section {id: 8bd49f0d-f626-4b9e-b4f6-85089ef66536, name: Test Section, description: null, status: PUBLISHED, code: TEST-001} @ http://localhost:3000/_next/static/chunks/node_modules_next_dist_0bc8q4g._.js:1233
[   82046ms] [LOG] !!!section {id: 51ad747f-3f3d-457f-8e63-5e572d94cdee, name: E2E Test Section 1774482736434, description: Comprehensive E2E test section for complete workflow, status: PUBLISHED, code: 641S86} @ http://localhost:3000/_next/static/chunks/node_modules_next_dist_0bc8q4g._.js:1233
[   82095ms] [LOG] !!!section {id: ffcf40b1-bec3-4a3b-abd0-b2f0d7c64c3d, name: Section 2, description: null, status: PUBLISHED, code: S2} @ http://localhost:3000/_next/static/chunks/node_modules_next_dist_0bc8q4g._.js:1233
[   82097ms] [LOG] !!!section {id: f45196f6-e3ac-46ab-a60e-7c6b58d92ec3, name: Section 2, description: null, status: PUBLISHED, code: S2} @ http://localhost:3000/_next/static/chunks/node_modules_next_dist_0bc8q4g._.js:1233
[   82098ms] [LOG] !!!section {id: 5664bef5-8a03-43f7-9fe2-1f5560df38d4, name: Section 2, description: null, status: PUBLISHED, code: S2} @ http://localhost:3000/_next/static/chunks/node_modules_next_dist_0bc8q4g._.js:1233
[   82110ms] [LOG] !!!section {id: 325495e1-910b-4a4d-83e2-b003dd294b85, name: Test Section, description: null, status: PUBLISHED, code: TEST-001} @ http://localhost:3000/_next/static/chunks/node_modules_next_dist_0bc8q4g._.js:1233
[   82112ms] [LOG] !!!section {id: afab77f1-fc64-44cc-98e2-1915399dc1f4, name: Test Section, description: null, status: PUBLISHED, code: TEST-001} @ http://localhost:3000/_next/static/chunks/node_modules_next_dist_0bc8q4g._.js:1233
[   82113ms] [LOG] !!!section {id: cdee8ece-10ee-4f7e-b863-5cbd4ef6de73, name: Japanese 101 - Spring 2026, description: Beginner Japanese conversation course, status: PUBLISHED, code: FQE3UW} @ http://localhost:3000/_next/static/chunks/node_modules_next_dist_0bc8q4g._.js:1233
[   82149ms] [LOG] !!!section {id: 953591de-0167-4311-98bb-99b8204d037b, name: Test Section, description: null, status: PUBLISHED, code: TEST-001} @ http://localhost:3000/_next/static/chunks/node_modules_next_dist_0bc8q4g._.js:1233
[   82162ms] [LOG] !!!section {id: c1be5a84-65ed-4a78-9cd4-b33b25a702b3, name: Test Section, description: null, status: PUBLISHED, code: TEST-001} @ http://localhost:3000/_next/static/chunks/node_modules_next_dist_0bc8q4g._.js:1233
[   82163ms] [LOG] !!!section {id: fab4ea86-7d86-4186-b124-22c0e1188fbe, name: Temporary Section, description: null, status: DRAFT, code: TEMP-001} @ http://localhost:3000/_next/static/chunks/node_modules_next_dist_0bc8q4g._.js:1233
[   82165ms] [LOG] !!!section {id: 272c6fcb-0ed6-4e8c-a66e-96ad9f84afa8, name: Test Section, description: null, status: PUBLISHED, code: TEST-001} @ http://localhost:3000/_next/static/chunks/node_modules_next_dist_0bc8q4g._.js:1233
[   82178ms] [LOG] !!!section {id: 0b1afe2d-5585-4b37-b32f-b7557e38f895, name: Section 2, description: null, status: PUBLISHED, code: S2} @ http://localhost:3000/_next/static/chunks/node_modules_next_dist_0bc8q4g._.js:1233
[   82180ms] [LOG] !!!section {id: 1ad02849-2bc3-41cf-9776-14b68bb96bec, name: Biology 101, description: Intro to Biology, status: PUBLISHED, code: BIO101} @ http://localhost:3000/_next/static/chunks/node_modules_next_dist_0bc8q4g._.js:1233
[   82228ms] [LOG] !!!section {id: 58f0c8e1-6a6d-4962-9a03-b2267d7f1a5e, name: Test Section, description: null, status: PUBLISHED, code: TEST-001} @ http://localhost:3000/_next/static/chunks/node_modules_next_dist_0bc8q4g._.js:1233
[   82230ms] [LOG] !!!section {id: 08e90519-911b-4a10-bacf-2cac91a0c3d1, name: Section 1, description: null, status: PUBLISHED, code: S1} @ http://localhost:3000/_next/static/chunks/node_modules_next_dist_0bc8q4g._.js:1233
[   82231ms] [LOG] !!!section {id: 2fb31ed7-d72c-4517-89f7-a3c99296ade7, name: Test Section, description: null, status: PUBLISHED, code: TEST-001} @ http://localhost:3000/_next/static/chunks/node_modules_next_dist_0bc8q4g._.js:1233
[   82243ms] [LOG] !!!section {id: 4a271b66-8cd6-45d1-a8fc-621a893756b5, name: Test Section, description: null, status: PUBLISHED, code: TEST-001} @ http://localhost:3000/_next/static/chunks/node_modules_next_dist_0bc8q4g._.js:1233
[   82245ms] [LOG] !!!section {id: cdc36b52-eaef-401c-bcb1-9f72c0e176b8, name: Grade Test Section, description: null, status: PUBLISHED, code: GRADE-TEST} @ http://localhost:3000/_next/static/chunks/node_modules_next_dist_0bc8q4g._.js:1233
[   82246ms] [LOG] !!!section {id: 7ab6f9cf-375e-435d-bd2d-66c3eca50250, name: Section 1, description: null, status: PUBLISHED, code: S1} @ http://localhost:3000/_next/static/chunks/node_modules_next_dist_0bc8q4g._.js:1233
[   82249ms] [LOG] !!!section {id: 3b09795f-fa6e-47b2-854f-725efca79cd6, name: Section 2, description: null, status: PUBLISHED, code: S2} @ http://localhost:3000/_next/static/chunks/node_modules_next_dist_0bc8q4g._.js:1233
[   82261ms] [LOG] !!!section {id: 7da11483-c739-4b58-83e8-ba78e5031feb, name: Test Section, description: null, status: PUBLISHED, code: TEST-001} @ http://localhost:3000/_next/static/chunks/node_modules_next_dist_0bc8q4g._.js:1233
[   82264ms] [LOG] !!!section {id: dcc4587b-79f3-477f-b26f-479a094daf43, name: Test Section, description: null, status: PUBLISHED, code: TEST-001} @ http://localhost:3000/_next/static/chunks/node_modules_next_dist_0bc8q4g._.js:1233
[   82277ms] [LOG] !!!section {id: 721ac42d-575d-426f-bde4-aa604647cd9c, name: Test Section, description: null, status: PUBLISHED, code: TEST-001} @ http://localhost:3000/_next/static/chunks/node_modules_next_dist_0bc8q4g._.js:1233
[   82281ms] [LOG] !!!section {id: ce07b087-6fcd-4e1b-8ece-6a9a515e92e3, name: Section 2, description: null, status: PUBLISHED, code: S2} @ http://localhost:3000/_next/static/chunks/node_modules_next_dist_0bc8q4g._.js:1233
[   82294ms] [LOG] !!!section {id: b283d62f-d737-420f-a056-9c58f4479129, name: Original Section Name, description: Original description, status: DRAFT, code: ORIG-001} @ http://localhost:3000/_next/static/chunks/node_modules_next_dist_0bc8q4g._.js:1233
[   82296ms] [LOG] !!!section {id: dfab9461-9053-4a22-94f2-cc948185420e, name: Test Section, description: null, status: PUBLISHED, code: TEST-001} @ http://localhost:3000/_next/static/chunks/node_modules_next_dist_0bc8q4g._.js:1233
[   82297ms] [LOG] !!!section {id: 163c8180-e408-421f-b1de-7fafc01dbb20, name: Test Section, description: null, status: PUBLISHED, code: TEST-001} @ http://localhost:3000/_next/static/chunks/node_modules_next_dist_0bc8q4g._.js:1233
[   82310ms] [LOG] !!!section {id: a5be67ff-933a-45e7-a7fa-2730bdbcd286, name: Test Section, description: null, status: PUBLISHED, code: TEST-001} @ http://localhost:3000/_next/static/chunks/node_modules_next_dist_0bc8q4g._.js:1233
[   82311ms] [LOG] !!!section {id: 31bfc515-2692-49ea-b688-cd1955f53a5c, name: Test Section, description: null, status: PUBLISHED, code: TEST-001} @ http://localhost:3000/_next/static/chunks/node_modules_next_dist_0bc8q4g._.js:1233
[   82313ms] [LOG] !!!section {id: 5ae5a18a-73f8-42d5-8a68-026aab750c41, name: Grade Test Section, description: null, status: PUBLISHED, code: GRADE-TEST} @ http://localhost:3000/_next/static/chunks/node_modules_next_dist_0bc8q4g._.js:1233
[   82315ms] [LOG] !!!section {id: 499fdec3-da8d-4ef4-92d8-291d0cbd2fab, name: Temporary Section, description: null, status: DRAFT, code: TEMP-001} @ http://localhost:3000/_next/static/chunks/node_modules_next_dist_0bc8q4g._.js:1233
[   82328ms] [LOG] !!!section {id: 84427f7a-75f9-474a-b7b1-2839ac657737, name: Original Section Name, description: Original description, status: DRAFT, code: ORIG-001} @ http://localhost:3000/_next/static/chunks/node_modules_next_dist_0bc8q4g._.js:1233
[   82329ms] [LOG] !!!section {id: db7919cc-2bf4-43db-acc9-559aebba73ed, name: Test Section, description: null, status: PUBLISHED, code: TEST-001} @ http://localhost:3000/_next/static/chunks/node_modules_next_dist_0bc8q4g._.js:1233
[   82364ms] [LOG] !!!section {id: 340113f1-94d9-473a-8528-228b8dca613d, name: Original Section Name, description: Original description, status: DRAFT, code: ORIG-001} @ http://localhost:3000/_next/static/chunks/node_modules_next_dist_0bc8q4g._.js:1233
[   82366ms] [LOG] !!!section {id: 36629e2a-d5da-4bf4-85c4-3aa9b27c65c7, name: Biology 101, description: Intro to Biology, status: PUBLISHED, code: BIO101} @ http://localhost:3000/_next/static/chunks/node_modules_next_dist_0bc8q4g._.js:1233
[   82379ms] [LOG] !!!section {id: 6725abf3-d692-40cd-9658-00c68b2f5ba4, name: Test Section, description: null, status: PUBLISHED, code: TEST-001} @ http://localhost:3000/_next/static/chunks/node_modules_next_dist_0bc8q4g._.js:1233
[   82380ms] [LOG] !!!section {id: 76990e7b-682c-44f5-82f5-1de4221deb80, name: Test Section, description: null, status: PUBLISHED, code: TEST-001} @ http://localhost:3000/_next/static/chunks/node_modules_next_dist_0bc8q4g._.js:1233
[   82382ms] [LOG] !!!section {id: fbe39c35-7869-4327-92b8-f250013ca5ec, name: Japanese 101 - Spring 2026, description: Beginner Japanese conversation course, status: PUBLISHED, code: 155E99} @ http://localhost:3000/_next/static/chunks/node_modules_next_dist_0bc8q4g._.js:1233
[   82395ms] [LOG] !!!section {id: 19ec384c-5eb7-4e0e-866b-3337e09d0f9e, name: Grade Test Section, description: null, status: PUBLISHED, code: GRADE-TEST} @ http://localhost:3000/_next/static/chunks/node_modules_next_dist_0bc8q4g._.js:1233
[   82629ms] [LOG] !!!section {id: dd6a79ba-c532-4342-bf2c-796440baadd4, name: Section 2, description: null, status: PUBLISHED, code: S2} @ http://localhost:3000/_next/static/chunks/node_modules_next_dist_0bc8q4g._.js:1233
[   82630ms] [LOG] !!!section {id: e23ab46c-a060-41aa-8e07-a6b4c18cc792, name: Japanese 101 - Spring 2026, description: Beginner Japanese conversation course, status: PUBLISHED, code: MOJKQL} @ http://localhost:3000/_next/static/chunks/node_modules_next_dist_0bc8q4g._.js:1233
[   82632ms] [LOG] !!!section {id: e584b66b-d3a2-4018-a621-040e2c4131c9, name: Test Section, description: null, status: PUBLISHED, code: TEST-001} @ http://localhost:3000/_next/static/chunks/node_modules_next_dist_0bc8q4g._.js:1233
[   82645ms] [LOG] !!!section {id: da00f42c-71b5-44e6-a86e-f56a0d833a5f, name: Test Section, description: null, status: PUBLISHED, code: TEST-001} @ http://localhost:3000/_next/static/chunks/node_modules_next_dist_0bc8q4g._.js:1233
[   82646ms] [LOG] !!!section {id: 4bd499b1-c875-4a07-b7c7-d95bbf5f88e0, name: Biology 101, description: Intro to Biology, status: PUBLISHED, code: BIO101} @ http://localhost:3000/_next/static/chunks/node_modules_next_dist_0bc8q4g._.js:1233
[   82648ms] [LOG] !!!section {id: 863ed865-a2d6-4688-951c-3397eb1e5cd4, name: Test Section, description: null, status: PUBLISHED, code: TEST-001} @ http://localhost:3000/_next/static/chunks/node_modules_next_dist_0bc8q4g._.js:1233
[   82661ms] [LOG] !!!section {id: f5d362dc-7565-45ab-8f8b-30f7da60af74, name: Section 2, description: null, status: PUBLISHED, code: S2} @ http://localhost:3000/_next/static/chunks/node_modules_next_dist_0bc8q4g._.js:1233
[   82663ms] [LOG] !!!section {id: f6ef8547-c14f-4f81-8916-5b3a028131c0, name: Biology 101, description: Intro to Biology, status: PUBLISHED, code: BIO101} @ http://localhost:3000/_next/static/chunks/node_modules_next_dist_0bc8q4g._.js:1233
[   82664ms] [LOG] !!!section {id: 9d18094f-e3b7-4971-8cec-9e4c60ff59ec, name: Test Section, description: null, status: PUBLISHED, code: TEST-001} @ http://localhost:3000/_next/static/chunks/node_modules_next_dist_0bc8q4g._.js:1233
[   82666ms] [LOG] !!!section {id: 2ae9063e-f6a8-469c-9cd0-28cdee36ed26, name: E2E Test Section 1774368275525, description: Comprehensive E2E test section for complete workflow, status: PUBLISHED, code: 6NGKL2} @ http://localhost:3000/_next/static/chunks/node_modules_next_dist_0bc8q4g._.js:1233
