[    1418ms] [LOG] [useChatPageContext] Cleaning up page context @ http://localhost:3000/_next/static/chunks/node_modules_next_dist_0bc8q4g._.js:1233
[    1421ms] [LOG] [useChatPageContext] Registering page context: {hasUnit: false, filesCount: 0, dictionaryCount: 0, questionsCount: 0, sectionsCount: 100} @ http://localhost:3000/_next/static/chunks/node_modules_next_dist_0bc8q4g._.js:1233
[    1439ms] [LOG] [ChatContext] Chat exists and not archived, skipping creation @ http://localhost:3000/_next/static/chunks/node_modules_next_dist_0bc8q4g._.js:1233
[    1569ms] [LOG] [sections.jsx] canViewInstructorDashboard: false isInstructor: false ownedSections.length: 0 @ http://localhost:3000/_next/static/chunks/node_modules_next_dist_0bc8q4g._.js:1233
[    1586ms] [LOG] sections [Object, Object, Object, Object, Object, Object, Object, Object, Object, Object, Object, Object, Object, Object, Object, Object, Object, Object, Object, Object, Object, Object, Object, Object, Object, Object, Object, Object, Object, Object, Object, Object, Object, Object, Object, Object, Object, Object, Object, Object, Object, Object, Object, Object, Object, Object, Object, Object, Object, Object, Object, Object, Object, Object, Object, Object, Object, Object, Object, Object, Object, Object, Object, Object, Object, Object, Object, Object, Object, Object, Object, Object, Object, Object, Object, Object, Object, Object, Object, Object, Object, Object, Object, Object, Object, Object, Object, Object, Object, Object, Object, Object, Object, Object, Object, Object, Object, Object, Object, Object] @ http://localhost:3000/_next/static/chunks/node_modules_next_dist_0bc8q4g._.js:1233
[    1591ms] [LOG] !!!section {id: 485a1ffa-bd40-45ca-96de-f58bc6fc0894, name: Original Section Name, description: Original description, status: DRAFT, code: ORIG-001} @ http://localhost:3000/_next/static/chunks/node_modules_next_dist_0bc8q4g._.js:1233
[    1604ms] [LOG] !!!section {id: a82ad425-66f4-4ae7-ab72-2de04258ddea, name: Grade Test Section, description: null, status: PUBLISHED, code: GRADE-TEST} @ http://localhost:3000/_next/static/chunks/node_modules_next_dist_0bc8q4g._.js:1233
[    1606ms] [LOG] !!!section {id: 26097bd0-b922-4ada-9b21-83db389944fa, name: Biology 101, description: Intro to Biology, status: PUBLISHED, code: BIO101} @ http://localhost:3000/_next/static/chunks/node_modules_next_dist_0bc8q4g._.js:1233
[    1621ms] [LOG] !!!section {id: 6a041ff4-e7ed-47ca-b2bd-0d35b84614b3, name: Test Section, description: null, status: PUBLISHED, code: TEST-001} @ http://localhost:3000/_next/static/chunks/node_modules_next_dist_0bc8q4g._.js:1233
[    1638ms] [LOG] !!!section {id: 674343a8-ce09-4fee-8772-5e9e5d60482c, name: Biology 101, description: Intro to Biology, status: PUBLISHED, code: BIO101} @ http://localhost:3000/_next/static/chunks/node_modules_next_dist_0bc8q4g._.js:1233
[    1640ms] [LOG] !!!section {id: 2a7ae578-0be1-43dd-ba5e-6e224b3b617b, name: Test Section, description: null, status: PUBLISHED, code: TEST-001} @ http://localhost:3000/_next/static/chunks/node_modules_next_dist_0bc8q4g._.js:1233
[    1652ms] [LOG] !!!section {id: f156b5e2-8491-4935-9990-a4dab652241c, name: Original Section Name, description: Original description, status: DRAFT, code: ORIG-001} @ http://localhost:3000/_next/static/chunks/node_modules_next_dist_0bc8q4g._.js:1233
[    1655ms] [LOG] !!!section {id: e002e526-7c0a-4067-abbf-4e53158c61c4, name: Section 2, description: null, status: PUBLISHED, code: S2} @ http://localhost:3000/_next/static/chunks/node_modules_next_dist_0bc8q4g._.js:1233
[    1688ms] [LOG] !!!section {id: b8cb47e8-35ca-44af-a9d7-3587acd0d179, name: Japanese 101 - Spring 2026, description: Beginner Japanese conversation course, status: PUBLISHED, code: 66CE6L} @ http://localhost:3000/_next/static/chunks/node_modules_next_dist_0bc8q4g._.js:1233
[    1704ms] [LOG] !!!section {id: af3e03f0-54df-4df7-8bd7-efb065f3432e, name: Grade Test Section, description: null, status: PUBLISHED, code: GRADE-TEST} @ http://localhost:3000/_next/static/chunks/node_modules_next_dist_0bc8q4g._.js:1233
[    1706ms] [LOG] !!!section {id: edf9e7cf-c21c-45a0-bc50-a8e508ea2815, name: Test Section, description: null, status: PUBLISHED, code: TEST-001} @ http://localhost:3000/_next/static/chunks/node_modules_next_dist_0bc8q4g._.js:1233
[    1708ms] [LOG] !!!section {id: 64def60a-7fa3-475b-8204-22e46b123b29, name: E2E Test Section 1774369286656, description: Comprehensive E2E test section for complete workflow, status: PUBLISHED, code: I4OX3T} @ http://localhost:3000/_next/static/chunks/node_modules_next_dist_0bc8q4g._.js:1233
[    1720ms] [LOG] !!!section {id: aaf5a906-30aa-4c74-b5d5-5feeed95e612, name: Test Section, description: null, status: PUBLISHED, code: TEST-001} @ http://localhost:3000/_next/static/chunks/node_modules_next_dist_0bc8q4g._.js:1233
[    1722ms] [LOG] !!!section {id: 80d216c8-4dc2-4433-92c4-386ca2a20bff, name: Test Section, description: null, status: PUBLISHED, code: TEST-001} @ http://localhost:3000/_next/static/chunks/node_modules_next_dist_0bc8q4g._.js:1233
[    1724ms] [LOG] !!!section {id: 5fb5cef5-e44b-4ec7-8be4-1d6f341dd780, name: Japanese 101 - Spring 2026, description: Beginner Japanese conversation course, status: PUBLISHED, code: FX28Q4} @ http://localhost:3000/_next/static/chunks/node_modules_next_dist_0bc8q4g._.js:1233
[    1737ms] [LOG] !!!section {id: fe9fc83c-99e9-4aa8-b3d9-21c7f351fe0c, name: Test Section, description: null, status: PUBLISHED, code: TEST-001} @ http://localhost:3000/_next/static/chunks/node_modules_next_dist_0bc8q4g._.js:1233
[    1738ms] [LOG] !!!section {id: 3dfb4edd-69ec-405a-8a05-335329e4e583, name: Temporary Section, description: null, status: DRAFT, code: TEMP-001} @ http://localhost:3000/_next/static/chunks/node_modules_next_dist_0bc8q4g._.js:1233
[    1739ms] [LOG] !!!section {id: b7d6cc52-d89b-4238-8ce3-9bf414f3e740, name: Test Section, description: null, status: PUBLISHED, code: TEST-001} @ http://localhost:3000/_next/static/chunks/node_modules_next_dist_0bc8q4g._.js:1233
[    1741ms] [LOG] !!!section {id: 70cb413e-59e0-4eaf-9dae-06bb2ac40a5d, name: Test Section, description: null, status: PUBLISHED, code: TEST-001} @ http://localhost:3000/_next/static/chunks/node_modules_next_dist_0bc8q4g._.js:1233
[    1756ms] [LOG] !!!section {id: 90f3d548-5fd7-41ff-9014-d281ee585be1, name: Section 1, description: null, status: PUBLISHED, code: S1} @ http://localhost:3000/_next/static/chunks/node_modules_next_dist_0bc8q4g._.js:1233
[    1772ms] [LOG] !!!section {id: 108127c7-99e1-4d27-9235-326438a65ff9, name: Test Section, description: null, status: PUBLISHED, code: TEST-001} @ http://localhost:3000/_next/static/chunks/node_modules_next_dist_0bc8q4g._.js:1233
[    1774ms] [LOG] !!!section {id: 4168c41f-9a2a-416d-98fd-c7c56ed3f16d, name: Test Section, description: null, status: PUBLISHED, code: TEST-001} @ http://localhost:3000/_next/static/chunks/node_modules_next_dist_0bc8q4g._.js:1233
[    1787ms] [LOG] !!!section {id: 4b1d5ed4-2c83-4f7e-b33e-7e39f7e8b582, name: Test Section, description: null, status: PUBLISHED, code: TEST-001} @ http://localhost:3000/_next/static/chunks/node_modules_next_dist_0bc8q4g._.js:1233
[    1790ms] [LOG] !!!section {id: 76aede11-b41a-4679-8272-c4b2d813e242, name: Japanese 101 - Spring 2026, description: Beginner Japanese conversation course, status: PUBLISHED, code: 032DY9} @ http://localhost:3000/_next/static/chunks/node_modules_next_dist_0bc8q4g._.js:1233
[    1803ms] [LOG] !!!section {id: 0e3121d1-22dc-4025-86fe-89d879d0f4b8, name: Biology 101, description: Intro to Biology, status: PUBLISHED, code: BIO101} @ http://localhost:3000/_next/static/chunks/node_modules_next_dist_0bc8q4g._.js:1233
[    1806ms] [LOG] !!!section {id: 7cc60b3d-5141-4ccc-885c-0f761d6aadd2, name: Section 2, description: null, status: PUBLISHED, code: S2} @ http://localhost:3000/_next/static/chunks/node_modules_next_dist_0bc8q4g._.js:1233
[    1807ms] [LOG] !!!section {id: 3866b8a5-0967-46bf-b738-16011e0ee5d2, name: Test Section, description: null, status: PUBLISHED, code: TEST-001} @ http://localhost:3000/_next/static/chunks/node_modules_next_dist_0bc8q4g._.js:1233
[    1821ms] [LOG] !!!section {id: 9f5926eb-7622-421e-85b6-f0240478e0b4, name: Test Section, description: null, status: PUBLISHED, code: TEST-001} @ http://localhost:3000/_next/static/chunks/node_modules_next_dist_0bc8q4g._.js:1233
[    1824ms] [LOG] !!!section {id: 8576ea2e-5918-4016-9e8b-880d4060cce1, name: Section 2, description: null, status: PUBLISHED, code: S2} @ http://localhost:3000/_next/static/chunks/node_modules_next_dist_0bc8q4g._.js:1233
[    1837ms] [LOG] !!!section {id: 029af6d7-18c6-4f03-b1ed-f7c9a18e3797, name: Test Section, description: null, status: PUBLISHED, code: TEST-001} @ http://localhost:3000/_next/static/chunks/node_modules_next_dist_0bc8q4g._.js:1233
[    1840ms] [LOG] !!!section {id: c134f150-7cab-4825-984b-4848d2f8daad, name: Test Section, description: null, status: PUBLISHED, code: TEST-001} @ http://localhost:3000/_next/static/chunks/node_modules_next_dist_0bc8q4g._.js:1233
[    1841ms] [LOG] !!!section {id: 92d79627-e95c-4648-aa46-7ec92087f837, name: Test Section, description: null, status: PUBLISHED, code: TEST-001} @ http://localhost:3000/_next/static/chunks/node_modules_next_dist_0bc8q4g._.js:1233
[    1854ms] [LOG] !!!section {id: f48e984a-3ca4-4cec-8ba4-5a2626b51de3, name: Temporary Section, description: null, status: DRAFT, code: TEMP-001} @ http://localhost:3000/_next/static/chunks/node_modules_next_dist_0bc8q4g._.js:1233
[    1856ms] [LOG] !!!section {id: 120aa2f0-ef90-4315-9fde-d772745cfb2c, name: Test Section, description: null, status: PUBLISHED, code: TEST-001} @ http://localhost:3000/_next/static/chunks/node_modules_next_dist_0bc8q4g._.js:1233
[    1870ms] [LOG] !!!section {id: 7474d4eb-d4f8-4630-adf0-0004b7dcf1fe, name: Grade Test Section, description: null, status: PUBLISHED, code: GRADE-TEST} @ http://localhost:3000/_next/static/chunks/node_modules_next_dist_0bc8q4g._.js:1233
[    1872ms] [LOG] !!!section {id: e9615e0d-44fe-4f01-97a8-1f5c1a58f535, name: Japanese 101 - Spring 2026, description: Beginner Japanese conversation course, status: PUBLISHED, code: ZB0WI7} @ http://localhost:3000/_next/static/chunks/node_modules_next_dist_0bc8q4g._.js:1233
[    1875ms] [LOG] !!!section {id: 5d43d353-6ea4-4d1f-bae8-c5240e6acb69, name: Grade Test Section, description: null, status: PUBLISHED, code: GRADE-TEST} @ http://localhost:3000/_next/static/chunks/node_modules_next_dist_0bc8q4g._.js:1233
[    1889ms] [LOG] !!!section {id: db67195f-f706-4160-9b47-b855b4aa29cd, name: Temporary Section, description: null, status: DRAFT, code: TEMP-001} @ http://localhost:3000/_next/static/chunks/node_modules_next_dist_0bc8q4g._.js:1233
[    1922ms] [LOG] !!!section {id: 47656fed-1826-46b7-b3a1-c9ceb78da9a8, name: Test Section, description: null, status: PUBLISHED, code: TEST-001} @ http://localhost:3000/_next/static/chunks/node_modules_next_dist_0bc8q4g._.js:1233
[    1938ms] [LOG] !!!section {id: 1ee29798-548e-4c98-8047-137a247dcb03, name: Test Section, description: null, status: PUBLISHED, code: TEST-001} @ http://localhost:3000/_next/static/chunks/node_modules_next_dist_0bc8q4g._.js:1233
[    1942ms] [LOG] !!!section {id: d8bb7cb1-9864-4008-a79c-6c9fcced077a, name: Section 2, description: null, status: PUBLISHED, code: S2} @ http://localhost:3000/_next/static/chunks/node_modules_next_dist_0bc8q4g._.js:1233
[    1971ms] [LOG] !!!section {id: 598d0820-d1d0-4e3b-8066-f11240ce4370, name: Japanese 101 - Spring 2026, description: Beginner Japanese conversation course, status: PUBLISHED, code: L2SC9C} @ http://localhost:3000/_next/static/chunks/node_modules_next_dist_0bc8q4g._.js:1233
[    1973ms] [LOG] !!!section {id: b3eba183-eb90-4b3f-a9b6-c7368016155c, name: Section 2, description: null, status: PUBLISHED, code: S2} @ http://localhost:3000/_next/static/chunks/node_modules_next_dist_0bc8q4g._.js:1233
[    1975ms] [LOG] !!!section {id: f73b55ab-be3a-4977-90cd-8695fb4bfb57, name: Original Section Name, description: Original description, status: DRAFT, code: ORIG-001} @ http://localhost:3000/_next/static/chunks/node_modules_next_dist_0bc8q4g._.js:1233
[    1988ms] [LOG] !!!section {id: 3d33ac82-7800-4882-8bf5-8a2c0d1dc7cc, name: Original Section Name, description: Original description, status: DRAFT, code: ORIG-001} @ http://localhost:3000/_next/static/chunks/node_modules_next_dist_0bc8q4g._.js:1233
[    1990ms] [LOG] !!!section {id: d0f1083d-3422-4e21-953a-78c781b7da51, name: Test Section, description: null, status: PUBLISHED, code: TEST-001} @ http://localhost:3000/_next/static/chunks/node_modules_next_dist_0bc8q4g._.js:1233
[    2003ms] [LOG] !!!section {id: cd6c83ff-ca21-4447-a4e2-8cb0f81d93db, name: Test Section, description: null, status: PUBLISHED, code: TEST-001} @ http://localhost:3000/_next/static/chunks/node_modules_next_dist_0bc8q4g._.js:1233
[    2005ms] [LOG] !!!section {id: 0fb98bed-1d11-423f-9165-18f219794312, name: Section 2, description: null, status: PUBLISHED, code: S2} @ http://localhost:3000/_next/static/chunks/node_modules_next_dist_0bc8q4g._.js:1233
[    2007ms] [LOG] !!!section {id: 778ce67d-7595-4b23-bb28-41c4233f443c, name: Japanese 101 - Spring 2026, description: Beginner Japanese conversation course, status: PUBLISHED, code: F4DP9P} @ http://localhost:3000/_next/static/chunks/node_modules_next_dist_0bc8q4g._.js:1233
[    2008ms] [LOG] !!!section {id: 40d10d70-5b8e-4f1d-962a-5b4e23bd7e50, name: Test Section, description: null, status: PUBLISHED, code: TEST-001} @ http://localhost:3000/_next/static/chunks/node_modules_next_dist_0bc8q4g._.js:1233
[    2021ms] [LOG] !!!section {id: 8bd49f0d-f626-4b9e-b4f6-85089ef66536, name: Test Section, description: null, status: PUBLISHED, code: TEST-001} @ http://localhost:3000/_next/static/chunks/node_modules_next_dist_0bc8q4g._.js:1233
[    2025ms] [LOG] !!!section {id: 51ad747f-3f3d-457f-8e63-5e572d94cdee, name: E2E Test Section 1774482736434, description: Comprehensive E2E test section for complete workflow, status: PUBLISHED, code: 641S86} @ http://localhost:3000/_next/static/chunks/node_modules_next_dist_0bc8q4g._.js:1233
[    2041ms] [LOG] !!!section {id: ffcf40b1-bec3-4a3b-abd0-b2f0d7c64c3d, name: Section 2, description: null, status: PUBLISHED, code: S2} @ http://localhost:3000/_next/static/chunks/node_modules_next_dist_0bc8q4g._.js:1233
[    2056ms] [LOG] !!!section {id: f45196f6-e3ac-46ab-a60e-7c6b58d92ec3, name: Section 2, description: null, status: PUBLISHED, code: S2} @ http://localhost:3000/_next/static/chunks/node_modules_next_dist_0bc8q4g._.js:1233
[    2073ms] [LOG] !!!section {id: 5664bef5-8a03-43f7-9fe2-1f5560df38d4, name: Section 2, description: null, status: PUBLISHED, code: S2} @ http://localhost:3000/_next/static/chunks/node_modules_next_dist_0bc8q4g._.js:1233
[    2075ms] [LOG] !!!section {id: 325495e1-910b-4a4d-83e2-b003dd294b85, name: Test Section, description: null, status: PUBLISHED, code: TEST-001} @ http://localhost:3000/_next/static/chunks/node_modules_next_dist_0bc8q4g._.js:1233
[    2091ms] [LOG] !!!section {id: afab77f1-fc64-44cc-98e2-1915399dc1f4, name: Test Section, description: null, status: PUBLISHED, code: TEST-001} @ http://localhost:3000/_next/static/chunks/node_modules_next_dist_0bc8q4g._.js:1233
[    2106ms] [LOG] !!!section {id: cdee8ece-10ee-4f7e-b863-5cbd4ef6de73, name: Japanese 101 - Spring 2026, description: Beginner Japanese conversation course, status: PUBLISHED, code: FQE3UW} @ http://localhost:3000/_next/static/chunks/node_modules_next_dist_0bc8q4g._.js:1233
[    2108ms] [LOG] !!!section {id: 953591de-0167-4311-98bb-99b8204d037b, name: Test Section, description: null, status: PUBLISHED, code: TEST-001} @ http://localhost:3000/_next/static/chunks/node_modules_next_dist_0bc8q4g._.js:1233
[    2123ms] [LOG] !!!section {id: c1be5a84-65ed-4a78-9cd4-b33b25a702b3, name: Test Section, description: null, status: PUBLISHED, code: TEST-001} @ http://localhost:3000/_next/static/chunks/node_modules_next_dist_0bc8q4g._.js:1233
[    2125ms] [LOG] !!!section {id: fab4ea86-7d86-4186-b124-22c0e1188fbe, name: Temporary Section, description: null, status: DRAFT, code: TEMP-001} @ http://localhost:3000/_next/static/chunks/node_modules_next_dist_0bc8q4g._.js:1233
[    2140ms] [LOG] !!!section {id: 272c6fcb-0ed6-4e8c-a66e-96ad9f84afa8, name: Test Section, description: null, status: PUBLISHED, code: TEST-001} @ http://localhost:3000/_next/static/chunks/node_modules_next_dist_0bc8q4g._.js:1233
[    2142ms] [LOG] !!!section {id: 0b1afe2d-5585-4b37-b32f-b7557e38f895, name: Section 2, description: null, status: PUBLISHED, code: S2} @ http://localhost:3000/_next/static/chunks/node_modules_next_dist_0bc8q4g._.js:1233
[    2158ms] [LOG] !!!section {id: 1ad02849-2bc3-41cf-9776-14b68bb96bec, name: Biology 101, description: Intro to Biology, status: PUBLISHED, code: BIO101} @ http://localhost:3000/_next/static/chunks/node_modules_next_dist_0bc8q4g._.js:1233
[    2190ms] [LOG] !!!section {id: 58f0c8e1-6a6d-4962-9a03-b2267d7f1a5e, name: Test Section, description: null, status: PUBLISHED, code: TEST-001} @ http://localhost:3000/_next/static/chunks/node_modules_next_dist_0bc8q4g._.js:1233
[    2207ms] [LOG] !!!section {id: 08e90519-911b-4a10-bacf-2cac91a0c3d1, name: Section 1, description: null, status: PUBLISHED, code: S1} @ http://localhost:3000/_next/static/chunks/node_modules_next_dist_0bc8q4g._.js:1233
[    2209ms] [LOG] !!!section {id: 2fb31ed7-d72c-4517-89f7-a3c99296ade7, name: Test Section, description: null, status: PUBLISHED, code: TEST-001} @ http://localhost:3000/_next/static/chunks/node_modules_next_dist_0bc8q4g._.js:1233
[    2224ms] [LOG] !!!section {id: 4a271b66-8cd6-45d1-a8fc-621a893756b5, name: Test Section, description: null, status: PUBLISHED, code: TEST-001} @ http://localhost:3000/_next/static/chunks/node_modules_next_dist_0bc8q4g._.js:1233
[    2237ms] [LOG] !!!section {id: cdc36b52-eaef-401c-bcb1-9f72c0e176b8, name: Grade Test Section, description: null, status: PUBLISHED, code: GRADE-TEST} @ http://localhost:3000/_next/static/chunks/node_modules_next_dist_0bc8q4g._.js:1233
[    2239ms] [LOG] !!!section {id: 7ab6f9cf-375e-435d-bd2d-66c3eca50250, name: Section 1, description: null, status: PUBLISHED, code: S1} @ http://localhost:3000/_next/static/chunks/node_modules_next_dist_0bc8q4g._.js:1233
[    2241ms] [LOG] !!!section {id: 3b09795f-fa6e-47b2-854f-725efca79cd6, name: Section 2, description: null, status: PUBLISHED, code: S2} @ http://localhost:3000/_next/static/chunks/node_modules_next_dist_0bc8q4g._.js:1233
[    2242ms] [LOG] !!!section {id: 7da11483-c739-4b58-83e8-ba78e5031feb, name: Test Section, description: null, status: PUBLISHED, code: TEST-001} @ http://localhost:3000/_next/static/chunks/node_modules_next_dist_0bc8q4g._.js:1233
[    2255ms] [LOG] !!!section {id: dcc4587b-79f3-477f-b26f-479a094daf43, name: Test Section, description: null, status: PUBLISHED, code: TEST-001} @ http://localhost:3000/_next/static/chunks/node_modules_next_dist_0bc8q4g._.js:1233
[    2257ms] [LOG] !!!section {id: 721ac42d-575d-426f-bde4-aa604647cd9c, name: Test Section, description: null, status: PUBLISHED, code: TEST-001} @ http://localhost:3000/_next/static/chunks/node_modules_next_dist_0bc8q4g._.js:1233
[    2259ms] [LOG] !!!section {id: ce07b087-6fcd-4e1b-8ece-6a9a515e92e3, name: Section 2, description: null, status: PUBLISHED, code: S2} @ http://localhost:3000/_next/static/chunks/node_modules_next_dist_0bc8q4g._.js:1233
[    2273ms] [LOG] !!!section {id: b283d62f-d737-420f-a056-9c58f4479129, name: Original Section Name, description: Original description, status: DRAFT, code: ORIG-001} @ http://localhost:3000/_next/static/chunks/node_modules_next_dist_0bc8q4g._.js:1233
[    2275ms] [LOG] !!!section {id: dfab9461-9053-4a22-94f2-cc948185420e, name: Test Section, description: null, status: PUBLISHED, code: TEST-001} @ http://localhost:3000/_next/static/chunks/node_modules_next_dist_0bc8q4g._.js:1233
[    2289ms] [LOG] !!!section {id: 163c8180-e408-421f-b1de-7fafc01dbb20, name: Test Section, description: null, status: PUBLISHED, code: TEST-001} @ http://localhost:3000/_next/static/chunks/node_modules_next_dist_0bc8q4g._.js:1233
[    2290ms] [LOG] !!!section {id: a5be67ff-933a-45e7-a7fa-2730bdbcd286, name: Test Section, description: null, status: PUBLISHED, code: TEST-001} @ http://localhost:3000/_next/static/chunks/node_modules_next_dist_0bc8q4g._.js:1233
[    2292ms] [LOG] !!!section {id: 31bfc515-2692-49ea-b688-cd1955f53a5c, name: Test Section, description: null, status: PUBLISHED, code: TEST-001} @ http://localhost:3000/_next/static/chunks/node_modules_next_dist_0bc8q4g._.js:1233
[    2305ms] [LOG] !!!section {id: 5ae5a18a-73f8-42d5-8a68-026aab750c41, name: Grade Test Section, description: null, status: PUBLISHED, code: GRADE-TEST} @ http://localhost:3000/_next/static/chunks/node_modules_next_dist_0bc8q4g._.js:1233
[    2307ms] [LOG] !!!section {id: 499fdec3-da8d-4ef4-92d8-291d0cbd2fab, name: Temporary Section, description: null, status: DRAFT, code: TEMP-001} @ http://localhost:3000/_next/static/chunks/node_modules_next_dist_0bc8q4g._.js:1233
[    2309ms] [LOG] !!!section {id: 84427f7a-75f9-474a-b7b1-2839ac657737, name: Original Section Name, description: Original description, status: DRAFT, code: ORIG-001} @ http://localhost:3000/_next/static/chunks/node_modules_next_dist_0bc8q4g._.js:1233
[    2322ms] [LOG] !!!section {id: db7919cc-2bf4-43db-acc9-559aebba73ed, name: Test Section, description: null, status: PUBLISHED, code: TEST-001} @ http://localhost:3000/_next/static/chunks/node_modules_next_dist_0bc8q4g._.js:1233
[    2325ms] [LOG] !!!section {id: 340113f1-94d9-473a-8528-228b8dca613d, name: Original Section Name, description: Original description, status: DRAFT, code: ORIG-001} @ http://localhost:3000/_next/static/chunks/node_modules_next_dist_0bc8q4g._.js:1233
[    2338ms] [LOG] !!!section {id: 36629e2a-d5da-4bf4-85c4-3aa9b27c65c7, name: Biology 101, description: Intro to Biology, status: PUBLISHED, code: BIO101} @ http://localhost:3000/_next/static/chunks/node_modules_next_dist_0bc8q4g._.js:1233
[    2340ms] [LOG] !!!section {id: 6725abf3-d692-40cd-9658-00c68b2f5ba4, name: Test Section, description: null, status: PUBLISHED, code: TEST-001} @ http://localhost:3000/_next/static/chunks/node_modules_next_dist_0bc8q4g._.js:1233
[    2341ms] [LOG] !!!section {id: 76990e7b-682c-44f5-82f5-1de4221deb80, name: Test Section, description: null, status: PUBLISHED, code: TEST-001} @ http://localhost:3000/_next/static/chunks/node_modules_next_dist_0bc8q4g._.js:1233
[    2354ms] [LOG] !!!section {id: fbe39c35-7869-4327-92b8-f250013ca5ec, name: Japanese 101 - Spring 2026, description: Beginner Japanese conversation course, status: PUBLISHED, code: 155E99} @ http://localhost:3000/_next/static/chunks/node_modules_next_dist_0bc8q4g._.js:1233
[    2357ms] [LOG] !!!section {id: 19ec384c-5eb7-4e0e-866b-3337e09d0f9e, name: Grade Test Section, description: null, status: PUBLISHED, code: GRADE-TEST} @ http://localhost:3000/_next/static/chunks/node_modules_next_dist_0bc8q4g._.js:1233
[    2359ms] [LOG] !!!section {id: dd6a79ba-c532-4342-bf2c-796440baadd4, name: Section 2, description: null, status: PUBLISHED, code: S2} @ http://localhost:3000/_next/static/chunks/node_modules_next_dist_0bc8q4g._.js:1233
[    2373ms] [LOG] !!!section {id: e23ab46c-a060-41aa-8e07-a6b4c18cc792, name: Japanese 101 - Spring 2026, description: Beginner Japanese conversation course, status: PUBLISHED, code: MOJKQL} @ http://localhost:3000/_next/static/chunks/node_modules_next_dist_0bc8q4g._.js:1233
[    2375ms] [LOG] !!!section {id: e584b66b-d3a2-4018-a621-040e2c4131c9, name: Test Section, description: null, status: PUBLISHED, code: TEST-001} @ http://localhost:3000/_next/static/chunks/node_modules_next_dist_0bc8q4g._.js:1233
[    2388ms] [LOG] !!!section {id: da00f42c-71b5-44e6-a86e-f56a0d833a5f, name: Test Section, description: null, status: PUBLISHED, code: TEST-001} @ http://localhost:3000/_next/static/chunks/node_modules_next_dist_0bc8q4g._.js:1233
[    2389ms] [LOG] !!!section {id: 4bd499b1-c875-4a07-b7c7-d95bbf5f88e0, name: Biology 101, description: Intro to Biology, status: PUBLISHED, code: BIO101} @ http://localhost:3000/_next/static/chunks/node_modules_next_dist_0bc8q4g._.js:1233
[    2392ms] [LOG] !!!section {id: 863ed865-a2d6-4688-951c-3397eb1e5cd4, name: Test Section, description: null, status: PUBLISHED, code: TEST-001} @ http://localhost:3000/_next/static/chunks/node_modules_next_dist_0bc8q4g._.js:1233
[    2406ms] [LOG] !!!section {id: f5d362dc-7565-45ab-8f8b-30f7da60af74, name: Section 2, description: null, status: PUBLISHED, code: S2} @ http://localhost:3000/_next/static/chunks/node_modules_next_dist_0bc8q4g._.js:1233
[    2409ms] [LOG] !!!section {id: f6ef8547-c14f-4f81-8916-5b3a028131c0, name: Biology 101, description: Intro to Biology, status: PUBLISHED, code: BIO101} @ http://localhost:3000/_next/static/chunks/node_modules_next_dist_0bc8q4g._.js:1233
[    2423ms] [LOG] !!!section {id: 9d18094f-e3b7-4971-8cec-9e4c60ff59ec, name: Test Section, description: null, status: PUBLISHED, code: TEST-001} @ http://localhost:3000/_next/static/chunks/node_modules_next_dist_0bc8q4g._.js:1233
[    2425ms] [LOG] !!!section {id: 2ae9063e-f6a8-469c-9cd0-28cdee36ed26, name: E2E Test Section 1774368275525, description: Comprehensive E2E test section for complete workflow, status: PUBLISHED, code: 6NGKL2} @ http://localhost:3000/_next/static/chunks/node_modules_next_dist_0bc8q4g._.js:1233
[    2438ms] [LOG] [sections.jsx] canViewInstructorDashboard: false isInstructor: false ownedSections.length: 0 @ http://localhost:3000/_next/static/chunks/node_modules_next_dist_0bc8q4g._.js:1233
[    2456ms] [LOG] sections [Object, Object, Object, Object, Object, Object, Object, Object, Object, Object, Object, Object, Object, Object, Object, Object, Object, Object, Object, Object, Object, Object, Object, Object, Object, Object, Object, Object, Object, Object, Object, Object, Object, Object, Object, Object, Object, Object, Object, Object, Object, Object, Object, Object, Object, Object, Object, Object, Object, Object, Object, Object, Object, Object, Object, Object, Object, Object, Object, Object, Object, Object, Object, Object, Object, Object, Object, Object, Object, Object, Object, Object, Object, Object, Object, Object, Object, Object, Object, Object, Object, Object, Object, Object, Object, Object, Object, Object, Object, Object, Object, Object, Object, Object, Object, Object, Object, Object, Object, Object] @ http://localhost:3000/_next/static/chunks/node_modules_next_dist_0bc8q4g._.js:1233
[    2471ms] [LOG] !!!section {id: 485a1ffa-bd40-45ca-96de-f58bc6fc0894, name: Original Section Name, description: Original description, status: DRAFT, code: ORIG-001} @ http://localhost:3000/_next/static/chunks/node_modules_next_dist_0bc8q4g._.js:1233
[    2475ms] [LOG] !!!section {id: a82ad425-66f4-4ae7-ab72-2de04258ddea, name: Grade Test Section, description: null, status: PUBLISHED, code: GRADE-TEST} @ http://localhost:3000/_next/static/chunks/node_modules_next_dist_0bc8q4g._.js:1233
[    2489ms] [LOG] !!!section {id: 26097bd0-b922-4ada-9b21-83db389944fa, name: Biology 101, description: Intro to Biology, status: PUBLISHED, code: BIO101} @ http://localhost:3000/_next/static/chunks/node_modules_next_dist_0bc8q4g._.js:1233
[    2491ms] [LOG] !!!section {id: 6a041ff4-e7ed-47ca-b2bd-0d35b84614b3, name: Test Section, description: null, status: PUBLISHED, code: TEST-001} @ http://localhost:3000/_next/static/chunks/node_modules_next_dist_0bc8q4g._.js:1233
[    2493ms] [LOG] !!!section {id: 674343a8-ce09-4fee-8772-5e9e5d60482c, name: Biology 101, description: Intro to Biology, status: PUBLISHED, code: BIO101} @ http://localhost:3000/_next/static/chunks/node_modules_next_dist_0bc8q4g._.js:1233
[    2506ms] [LOG] !!!section {id: 2a7ae578-0be1-43dd-ba5e-6e224b3b617b, name: Test Section, description: null, status: PUBLISHED, code: TEST-001} @ http://localhost:3000/_next/static/chunks/node_modules_next_dist_0bc8q4g._.js:1233
[    2507ms] [LOG] !!!section {id: f156b5e2-8491-4935-9990-a4dab652241c, name: Original Section Name, description: Original description, status: DRAFT, code: ORIG-001} @ http://localhost:3000/_next/static/chunks/node_modules_next_dist_0bc8q4g._.js:1233
[    2510ms] [LOG] !!!section {id: e002e526-7c0a-4067-abbf-4e53158c61c4, name: Section 2, description: null, status: PUBLISHED, code: S2} @ http://localhost:3000/_next/static/chunks/node_modules_next_dist_0bc8q4g._.js:1233
[    2522ms] [LOG] !!!section {id: b8cb47e8-35ca-44af-a9d7-3587acd0d179, name: Japanese 101 - Spring 2026, description: Beginner Japanese conversation course, status: PUBLISHED, code: 66CE6L} @ http://localhost:3000/_next/static/chunks/node_modules_next_dist_0bc8q4g._.js:1233
[    2524ms] [LOG] !!!section {id: af3e03f0-54df-4df7-8bd7-efb065f3432e, name: Grade Test Section, description: null, status: PUBLISHED, code: GRADE-TEST} @ http://localhost:3000/_next/static/chunks/node_modules_next_dist_0bc8q4g._.js:1233
[    2525ms] [LOG] !!!section {id: edf9e7cf-c21c-45a0-bc50-a8e508ea2815, name: Test Section, description: null, status: PUBLISHED, code: TEST-001} @ http://localhost:3000/_next/static/chunks/node_modules_next_dist_0bc8q4g._.js:1233
[    2527ms] [LOG] !!!section {id: 64def60a-7fa3-475b-8204-22e46b123b29, name: E2E Test Section 1774369286656, description: Comprehensive E2E test section for complete workflow, status: PUBLISHED, code: I4OX3T} @ http://localhost:3000/_next/static/chunks/node_modules_next_dist_0bc8q4g._.js:1233
[    2540ms] [LOG] !!!section {id: aaf5a906-30aa-4c74-b5d5-5feeed95e612, name: Test Section, description: null, status: PUBLISHED, code: TEST-001} @ http://localhost:3000/_next/static/chunks/node_modules_next_dist_0bc8q4g._.js:1233
[    2543ms] [LOG] !!!section {id: 80d216c8-4dc2-4433-92c4-386ca2a20bff, name: Test Section, description: null, status: PUBLISHED, code: TEST-001} @ http://localhost:3000/_next/static/chunks/node_modules_next_dist_0bc8q4g._.js:1233
[    2557ms] [LOG] !!!section {id: 5fb5cef5-e44b-4ec7-8be4-1d6f341dd780, name: Japanese 101 - Spring 2026, description: Beginner Japanese conversation course, status: PUBLISHED, code: FX28Q4} @ http://localhost:3000/_next/static/chunks/node_modules_next_dist_0bc8q4g._.js:1233
[    2560ms] [LOG] !!!section {id: fe9fc83c-99e9-4aa8-b3d9-21c7f351fe0c, name: Test Section, description: null, status: PUBLISHED, code: TEST-001} @ http://localhost:3000/_next/static/chunks/node_modules_next_dist_0bc8q4g._.js:1233
[    2573ms] [LOG] !!!section {id: 3dfb4edd-69ec-405a-8a05-335329e4e583, name: Temporary Section, description: null, status: DRAFT, code: TEMP-001} @ http://localhost:3000/_next/static/chunks/node_modules_next_dist_0bc8q4g._.js:1233
[    2576ms] [LOG] !!!section {id: b7d6cc52-d89b-4238-8ce3-9bf414f3e740, name: Test Section, description: null, status: PUBLISHED, code: TEST-001} @ http://localhost:3000/_next/static/chunks/node_modules_next_dist_0bc8q4g._.js:1233
[    2588ms] [LOG] !!!section {id: 70cb413e-59e0-4eaf-9dae-06bb2ac40a5d, name: Test Section, description: null, status: PUBLISHED, code: TEST-001} @ http://localhost:3000/_next/static/chunks/node_modules_next_dist_0bc8q4g._.js:1233
[    2590ms] [LOG] !!!section {id: 90f3d548-5fd7-41ff-9014-d281ee585be1, name: Section 1, description: null, status: PUBLISHED, code: S1} @ http://localhost:3000/_next/static/chunks/node_modules_next_dist_0bc8q4g._.js:1233
[    2592ms] [LOG] !!!section {id: 108127c7-99e1-4d27-9235-326438a65ff9, name: Test Section, description: null, status: PUBLISHED, code: TEST-001} @ http://localhost:3000/_next/static/chunks/node_modules_next_dist_0bc8q4g._.js:1233
[    2593ms] [LOG] !!!section {id: 4168c41f-9a2a-416d-98fd-c7c56ed3f16d, name: Test Section, description: null, status: PUBLISHED, code: TEST-001} @ http://localhost:3000/_next/static/chunks/node_modules_next_dist_0bc8q4g._.js:1233
[    2606ms] [LOG] !!!section {id: 4b1d5ed4-2c83-4f7e-b33e-7e39f7e8b582, name: Test Section, description: null, status: PUBLISHED, code: TEST-001} @ http://localhost:3000/_next/static/chunks/node_modules_next_dist_0bc8q4g._.js:1233
[    2609ms] [LOG] !!!section {id: 76aede11-b41a-4679-8272-c4b2d813e242, name: Japanese 101 - Spring 2026, description: Beginner Japanese conversation course, status: PUBLISHED, code: 032DY9} @ http://localhost:3000/_next/static/chunks/node_modules_next_dist_0bc8q4g._.js:1233
[    2623ms] [LOG] !!!section {id: 0e3121d1-22dc-4025-86fe-89d879d0f4b8, name: Biology 101, description: Intro to Biology, status: PUBLISHED, code: BIO101} @ http://localhost:3000/_next/static/chunks/node_modules_next_dist_0bc8q4g._.js:1233
[    2627ms] [LOG] !!!section {id: 7cc60b3d-5141-4ccc-885c-0f761d6aadd2, name: Section 2, description: null, status: PUBLISHED, code: S2} @ http://localhost:3000/_next/static/chunks/node_modules_next_dist_0bc8q4g._.js:1233
[    2639ms] [LOG] !!!section {id: 3866b8a5-0967-46bf-b738-16011e0ee5d2, name: Test Section, description: null, status: PUBLISHED, code: TEST-001} @ http://localhost:3000/_next/static/chunks/node_modules_next_dist_0bc8q4g._.js:1233
[    2641ms] [LOG] !!!section {id: 9f5926eb-7622-421e-85b6-f0240478e0b4, name: Test Section, description: null, status: PUBLISHED, code: TEST-001} @ http://localhost:3000/_next/static/chunks/node_modules_next_dist_0bc8q4g._.js:1233
[    2643ms] [LOG] !!!section {id: 8576ea2e-5918-4016-9e8b-880d4060cce1, name: Section 2, description: null, status: PUBLISHED, code: S2} @ http://localhost:3000/_next/static/chunks/node_modules_next_dist_0bc8q4g._.js:1233
[    2656ms] [LOG] !!!section {id: 029af6d7-18c6-4f03-b1ed-f7c9a18e3797, name: Test Section, description: null, status: PUBLISHED, code: TEST-001} @ http://localhost:3000/_next/static/chunks/node_modules_next_dist_0bc8q4g._.js:1233
[    2657ms] [LOG] !!!section {id: c134f150-7cab-4825-984b-4848d2f8daad, name: Test Section, description: null, status: PUBLISHED, code: TEST-001} @ http://localhost:3000/_next/static/chunks/node_modules_next_dist_0bc8q4g._.js:1233
[    2659ms] [LOG] !!!section {id: 92d79627-e95c-4648-aa46-7ec92087f837, name: Test Section, description: null, status: PUBLISHED, code: TEST-001} @ http://localhost:3000/_next/static/chunks/node_modules_next_dist_0bc8q4g._.js:1233
[    2660ms] [LOG] !!!section {id: f48e984a-3ca4-4cec-8ba4-5a2626b51de3, name: Temporary Section, description: null, status: DRAFT, code: TEMP-001} @ http://localhost:3000/_next/static/chunks/node_modules_next_dist_0bc8q4g._.js:1233
[    2673ms] [LOG] !!!section {id: 120aa2f0-ef90-4315-9fde-d772745cfb2c, name: Test Section, description: null, status: PUBLISHED, code: TEST-001} @ http://localhost:3000/_next/static/chunks/node_modules_next_dist_0bc8q4g._.js:1233
[    2689ms] [LOG] !!!section {id: 7474d4eb-d4f8-4630-adf0-0004b7dcf1fe, name: Grade Test Section, description: null, status: PUBLISHED, code: GRADE-TEST} @ http://localhost:3000/_next/static/chunks/node_modules_next_dist_0bc8q4g._.js:1233
[    2691ms] [LOG] !!!section {id: e9615e0d-44fe-4f01-97a8-1f5c1a58f535, name: Japanese 101 - Spring 2026, description: Beginner Japanese conversation course, status: PUBLISHED, code: ZB0WI7} @ http://localhost:3000/_next/static/chunks/node_modules_next_dist_0bc8q4g._.js:1233
[    2692ms] [LOG] !!!section {id: 5d43d353-6ea4-4d1f-bae8-c5240e6acb69, name: Grade Test Section, description: null, status: PUBLISHED, code: GRADE-TEST} @ http://localhost:3000/_next/static/chunks/node_modules_next_dist_0bc8q4g._.js:1233
[    2705ms] [LOG] !!!section {id: db67195f-f706-4160-9b47-b855b4aa29cd, name: Temporary Section, description: null, status: DRAFT, code: TEMP-001} @ http://localhost:3000/_next/static/chunks/node_modules_next_dist_0bc8q4g._.js:1233
[    2707ms] [LOG] !!!section {id: 47656fed-1826-46b7-b3a1-c9ceb78da9a8, name: Test Section, description: null, status: PUBLISHED, code: TEST-001} @ http://localhost:3000/_next/static/chunks/node_modules_next_dist_0bc8q4g._.js:1233
[    2709ms] [LOG] !!!section {id: 1ee29798-548e-4c98-8047-137a247dcb03, name: Test Section, description: null, status: PUBLISHED, code: TEST-001} @ http://localhost:3000/_next/static/chunks/node_modules_next_dist_0bc8q4g._.js:1233
[    2723ms] [LOG] !!!section {id: d8bb7cb1-9864-4008-a79c-6c9fcced077a, name: Section 2, description: null, status: PUBLISHED, code: S2} @ http://localhost:3000/_next/static/chunks/node_modules_next_dist_0bc8q4g._.js:1233
[    2725ms] [LOG] !!!section {id: 598d0820-d1d0-4e3b-8066-f11240ce4370, name: Japanese 101 - Spring 2026, description: Beginner Japanese conversation course, status: PUBLISHED, code: L2SC9C} @ http://localhost:3000/_next/static/chunks/node_modules_next_dist_0bc8q4g._.js:1233
[    2727ms] [LOG] !!!section {id: b3eba183-eb90-4b3f-a9b6-c7368016155c, name: Section 2, description: null, status: PUBLISHED, code: S2} @ http://localhost:3000/_next/static/chunks/node_modules_next_dist_0bc8q4g._.js:1233
[    2740ms] [LOG] !!!section {id: f73b55ab-be3a-4977-90cd-8695fb4bfb57, name: Original Section Name, description: Original description, status: DRAFT, code: ORIG-001} @ http://localhost:3000/_next/static/chunks/node_modules_next_dist_0bc8q4g._.js:1233
[    2743ms] [LOG] !!!section {id: 3d33ac82-7800-4882-8bf5-8a2c0d1dc7cc, name: Original Section Name, description: Original description, status: DRAFT, code: ORIG-001} @ http://localhost:3000/_next/static/chunks/node_modules_next_dist_0bc8q4g._.js:1233
[    2757ms] [LOG] !!!section {id: d0f1083d-3422-4e21-953a-78c781b7da51, name: Test Section, description: null, status: PUBLISHED, code: TEST-001} @ http://localhost:3000/_next/static/chunks/node_modules_next_dist_0bc8q4g._.js:1233
[    2760ms] [LOG] !!!section {id: cd6c83ff-ca21-4447-a4e2-8cb0f81d93db, name: Test Section, description: null, status: PUBLISHED, code: TEST-001} @ http://localhost:3000/_next/static/chunks/node_modules_next_dist_0bc8q4g._.js:1233
[    2772ms] [LOG] !!!section {id: 0fb98bed-1d11-423f-9165-18f219794312, name: Section 2, description: null, status: PUBLISHED, code: S2} @ http://localhost:3000/_next/static/chunks/node_modules_next_dist_0bc8q4g._.js:1233
[    2774ms] [LOG] !!!section {id: 778ce67d-7595-4b23-bb28-41c4233f443c, name: Japanese 101 - Spring 2026, description: Beginner Japanese conversation course, status: PUBLISHED, code: F4DP9P} @ http://localhost:3000/_next/static/chunks/node_modules_next_dist_0bc8q4g._.js:1233
[    2775ms] [LOG] !!!section {id: 40d10d70-5b8e-4f1d-962a-5b4e23bd7e50, name: Test Section, description: null, status: PUBLISHED, code: TEST-001} @ http://localhost:3000/_next/static/chunks/node_modules_next_dist_0bc8q4g._.js:1233
[    2777ms] [LOG] !!!section {id: 8bd49f0d-f626-4b9e-b4f6-85089ef66536, name: Test Section, description: null, status: PUBLISHED, code: TEST-001} @ http://localhost:3000/_next/static/chunks/node_modules_next_dist_0bc8q4g._.js:1233
[    2789ms] [LOG] !!!section {id: 51ad747f-3f3d-457f-8e63-5e572d94cdee, name: E2E Test Section 1774482736434, description: Comprehensive E2E test section for complete workflow, status: PUBLISHED, code: 641S86} @ http://localhost:3000/_next/static/chunks/node_modules_next_dist_0bc8q4g._.js:1233
[    2791ms] [LOG] !!!section {id: ffcf40b1-bec3-4a3b-abd0-b2f0d7c64c3d, name: Section 2, description: null, status: PUBLISHED, code: S2} @ http://localhost:3000/_next/static/chunks/node_modules_next_dist_0bc8q4g._.js:1233
[    2792ms] [LOG] !!!section {id: f45196f6-e3ac-46ab-a60e-7c6b58d92ec3, name: Section 2, description: null, status: PUBLISHED, code: S2} @ http://localhost:3000/_next/static/chunks/node_modules_next_dist_0bc8q4g._.js:1233
[    2793ms] [LOG] !!!section {id: 5664bef5-8a03-43f7-9fe2-1f5560df38d4, name: Section 2, description: null, status: PUBLISHED, code: S2} @ http://localhost:3000/_next/static/chunks/node_modules_next_dist_0bc8q4g._.js:1233
[    2805ms] [LOG] !!!section {id: 325495e1-910b-4a4d-83e2-b003dd294b85, name: Test Section, description: null, status: PUBLISHED, code: TEST-001} @ http://localhost:3000/_next/static/chunks/node_modules_next_dist_0bc8q4g._.js:1233
[    2806ms] [LOG] !!!section {id: afab77f1-fc64-44cc-98e2-1915399dc1f4, name: Test Section, description: null, status: PUBLISHED, code: TEST-001} @ http://localhost:3000/_next/static/chunks/node_modules_next_dist_0bc8q4g._.js:1233
[    2808ms] [LOG] !!!section {id: cdee8ece-10ee-4f7e-b863-5cbd4ef6de73, name: Japanese 101 - Spring 2026, description: Beginner Japanese conversation course, status: PUBLISHED, code: FQE3UW} @ http://localhost:3000/_next/static/chunks/node_modules_next_dist_0bc8q4g._.js:1233
[    2809ms] [LOG] !!!section {id: 953591de-0167-4311-98bb-99b8204d037b, name: Test Section, description: null, status: PUBLISHED, code: TEST-001} @ http://localhost:3000/_next/static/chunks/node_modules_next_dist_0bc8q4g._.js:1233
[    2810ms] [LOG] !!!section {id: c1be5a84-65ed-4a78-9cd4-b33b25a702b3, name: Test Section, description: null, status: PUBLISHED, code: TEST-001} @ http://localhost:3000/_next/static/chunks/node_modules_next_dist_0bc8q4g._.js:1233
[    2822ms] [LOG] !!!section {id: fab4ea86-7d86-4186-b124-22c0e1188fbe, name: Temporary Section, description: null, status: DRAFT, code: TEMP-001} @ http://localhost:3000/_next/static/chunks/node_modules_next_dist_0bc8q4g._.js:1233
[    2824ms] [LOG] !!!section {id: 272c6fcb-0ed6-4e8c-a66e-96ad9f84afa8, name: Test Section, description: null, status: PUBLISHED, code: TEST-001} @ http://localhost:3000/_next/static/chunks/node_modules_next_dist_0bc8q4g._.js:1233
[    2825ms] [LOG] !!!section {id: 0b1afe2d-5585-4b37-b32f-b7557e38f895, name: Section 2, description: null, status: PUBLISHED, code: S2} @ http://localhost:3000/_next/static/chunks/node_modules_next_dist_0bc8q4g._.js:1233
[    2827ms] [LOG] !!!section {id: 1ad02849-2bc3-41cf-9776-14b68bb96bec, name: Biology 101, description: Intro to Biology, status: PUBLISHED, code: BIO101} @ http://localhost:3000/_next/static/chunks/node_modules_next_dist_0bc8q4g._.js:1233
[    2839ms] [LOG] !!!section {id: 58f0c8e1-6a6d-4962-9a03-b2267d7f1a5e, name: Test Section, description: null, status: PUBLISHED, code: TEST-001} @ http://localhost:3000/_next/static/chunks/node_modules_next_dist_0bc8q4g._.js:1233
[    2840ms] [LOG] !!!section {id: 08e90519-911b-4a10-bacf-2cac91a0c3d1, name: Section 1, description: null, status: PUBLISHED, code: S1} @ http://localhost:3000/_next/static/chunks/node_modules_next_dist_0bc8q4g._.js:1233
[    2841ms] [LOG] !!!section {id: 2fb31ed7-d72c-4517-89f7-a3c99296ade7, name: Test Section, description: null, status: PUBLISHED, code: TEST-001} @ http://localhost:3000/_next/static/chunks/node_modules_next_dist_0bc8q4g._.js:1233
[    2843ms] [LOG] !!!section {id: 4a271b66-8cd6-45d1-a8fc-621a893756b5, name: Test Section, description: null, status: PUBLISHED, code: TEST-001} @ http://localhost:3000/_next/static/chunks/node_modules_next_dist_0bc8q4g._.js:1233
[    2844ms] [LOG] !!!section {id: cdc36b52-eaef-401c-bcb1-9f72c0e176b8, name: Grade Test Section, description: null, status: PUBLISHED, code: GRADE-TEST} @ http://localhost:3000/_next/static/chunks/node_modules_next_dist_0bc8q4g._.js:1233
[    2856ms] [LOG] !!!section {id: 7ab6f9cf-375e-435d-bd2d-66c3eca50250, name: Section 1, description: null, status: PUBLISHED, code: S1} @ http://localhost:3000/_next/static/chunks/node_modules_next_dist_0bc8q4g._.js:1233
[    2858ms] [LOG] !!!section {id: 3b09795f-fa6e-47b2-854f-725efca79cd6, name: Section 2, description: null, status: PUBLISHED, code: S2} @ http://localhost:3000/_next/static/chunks/node_modules_next_dist_0bc8q4g._.js:1233
[    2859ms] [LOG] !!!section {id: 7da11483-c739-4b58-83e8-ba78e5031feb, name: Test Section, description: null, status: PUBLISHED, code: TEST-001} @ http://localhost:3000/_next/static/chunks/node_modules_next_dist_0bc8q4g._.js:1233
[    2860ms] [LOG] !!!section {id: dcc4587b-79f3-477f-b26f-479a094daf43, name: Test Section, description: null, status: PUBLISHED, code: TEST-001} @ http://localhost:3000/_next/static/chunks/node_modules_next_dist_0bc8q4g._.js:1233
[    2872ms] [LOG] !!!section {id: 721ac42d-575d-426f-bde4-aa604647cd9c, name: Test Section, description: null, status: PUBLISHED, code: TEST-001} @ http://localhost:3000/_next/static/chunks/node_modules_next_dist_0bc8q4g._.js:1233
[    2874ms] [LOG] !!!section {id: ce07b087-6fcd-4e1b-8ece-6a9a515e92e3, name: Section 2, description: null, status: PUBLISHED, code: S2} @ http://localhost:3000/_next/static/chunks/node_modules_next_dist_0bc8q4g._.js:1233
[    2923ms] [LOG] !!!section {id: b283d62f-d737-420f-a056-9c58f4479129, name: Original Section Name, description: Original description, status: DRAFT, code: ORIG-001} @ http://localhost:3000/_next/static/chunks/node_modules_next_dist_0bc8q4g._.js:1233
[    2927ms] [LOG] !!!section {id: dfab9461-9053-4a22-94f2-cc948185420e, name: Test Section, description: null, status: PUBLISHED, code: TEST-001} @ http://localhost:3000/_next/static/chunks/node_modules_next_dist_0bc8q4g._.js:1233
[    2940ms] [LOG] !!!section {id: 163c8180-e408-421f-b1de-7fafc01dbb20, name: Test Section, description: null, status: PUBLISHED, code: TEST-001} @ http://localhost:3000/_next/static/chunks/node_modules_next_dist_0bc8q4g._.js:1233
[    2941ms] [LOG] !!!section {id: a5be67ff-933a-45e7-a7fa-2730bdbcd286, name: Test Section, description: null, status: PUBLISHED, code: TEST-001} @ http://localhost:3000/_next/static/chunks/node_modules_next_dist_0bc8q4g._.js:1233
[    2944ms] [LOG] !!!section {id: 31bfc515-2692-49ea-b688-cd1955f53a5c, name: Test Section, description: null, status: PUBLISHED, code: TEST-001} @ http://localhost:3000/_next/static/chunks/node_modules_next_dist_0bc8q4g._.js:1233
[    2957ms] [LOG] !!!section {id: 5ae5a18a-73f8-42d5-8a68-026aab750c41, name: Grade Test Section, description: null, status: PUBLISHED, code: GRADE-TEST} @ http://localhost:3000/_next/static/chunks/node_modules_next_dist_0bc8q4g._.js:1233
[    2959ms] [LOG] !!!section {id: 499fdec3-da8d-4ef4-92d8-291d0cbd2fab, name: Temporary Section, description: null, status: DRAFT, code: TEMP-001} @ http://localhost:3000/_next/static/chunks/node_modules_next_dist_0bc8q4g._.js:1233
[    2961ms] [LOG] !!!section {id: 84427f7a-75f9-474a-b7b1-2839ac657737, name: Original Section Name, description: Original description, status: DRAFT, code: ORIG-001} @ http://localhost:3000/_next/static/chunks/node_modules_next_dist_0bc8q4g._.js:1233
[    2974ms] [LOG] !!!section {id: db7919cc-2bf4-43db-acc9-559aebba73ed, name: Test Section, description: null, status: PUBLISHED, code: TEST-001} @ http://localhost:3000/_next/static/chunks/node_modules_next_dist_0bc8q4g._.js:1233
[    2977ms] [LOG] !!!section {id: 340113f1-94d9-473a-8528-228b8dca613d, name: Original Section Name, description: Original description, status: DRAFT, code: ORIG-001} @ http://localhost:3000/_next/static/chunks/node_modules_next_dist_0bc8q4g._.js:1233
[    2990ms] [LOG] !!!section {id: 36629e2a-d5da-4bf4-85c4-3aa9b27c65c7, name: Biology 101, description: Intro to Biology, status: PUBLISHED, code: BIO101} @ http://localhost:3000/_next/static/chunks/node_modules_next_dist_0bc8q4g._.js:1233
[    2994ms] [LOG] !!!section {id: 6725abf3-d692-40cd-9658-00c68b2f5ba4, name: Test Section, description: null, status: PUBLISHED, code: TEST-001} @ http://localhost:3000/_next/static/chunks/node_modules_next_dist_0bc8q4g._.js:1233
[    3011ms] [LOG] !!!section {id: 76990e7b-682c-44f5-82f5-1de4221deb80, name: Test Section, description: null, status: PUBLISHED, code: TEST-001} @ http://localhost:3000/_next/static/chunks/node_modules_next_dist_0bc8q4g._.js:1233
[    3040ms] [LOG] !!!section {id: fbe39c35-7869-4327-92b8-f250013ca5ec, name: Japanese 101 - Spring 2026, description: Beginner Japanese conversation course, status: PUBLISHED, code: 155E99} @ http://localhost:3000/_next/static/chunks/node_modules_next_dist_0bc8q4g._.js:1233
[    3042ms] [LOG] !!!section {id: 19ec384c-5eb7-4e0e-866b-3337e09d0f9e, name: Grade Test Section, description: null, status: PUBLISHED, code: GRADE-TEST} @ http://localhost:3000/_next/static/chunks/node_modules_next_dist_0bc8q4g._.js:1233
[    3044ms] [LOG] !!!section {id: dd6a79ba-c532-4342-bf2c-796440baadd4, name: Section 2, description: null, status: PUBLISHED, code: S2} @ http://localhost:3000/_next/static/chunks/node_modules_next_dist_0bc8q4g._.js:1233
[    3057ms] [LOG] !!!section {id: e23ab46c-a060-41aa-8e07-a6b4c18cc792, name: Japanese 101 - Spring 2026, description: Beginner Japanese conversation course, status: PUBLISHED, code: MOJKQL} @ http://localhost:3000/_next/static/chunks/node_modules_next_dist_0bc8q4g._.js:1233
[    3059ms] [LOG] !!!section {id: e584b66b-d3a2-4018-a621-040e2c4131c9, name: Test Section, description: null, status: PUBLISHED, code: TEST-001} @ http://localhost:3000/_next/static/chunks/node_modules_next_dist_0bc8q4g._.js:1233
[    3060ms] [LOG] !!!section {id: da00f42c-71b5-44e6-a86e-f56a0d833a5f, name: Test Section, description: null, status: PUBLISHED, code: TEST-001} @ http://localhost:3000/_next/static/chunks/node_modules_next_dist_0bc8q4g._.js:1233
[    3073ms] [LOG] !!!section {id: 4bd499b1-c875-4a07-b7c7-d95bbf5f88e0, name: Biology 101, description: Intro to Biology, status: PUBLISHED, code: BIO101} @ http://localhost:3000/_next/static/chunks/node_modules_next_dist_0bc8q4g._.js:1233
[    3075ms] [LOG] !!!section {id: 863ed865-a2d6-4688-951c-3397eb1e5cd4, name: Test Section, description: null, status: PUBLISHED, code: TEST-001} @ http://localhost:3000/_next/static/chunks/node_modules_next_dist_0bc8q4g._.js:1233
[    3077ms] [LOG] !!!section {id: f5d362dc-7565-45ab-8f8b-30f7da60af74, name: Section 2, description: null, status: PUBLISHED, code: S2} @ http://localhost:3000/_next/static/chunks/node_modules_next_dist_0bc8q4g._.js:1233
[    3091ms] [LOG] !!!section {id: f6ef8547-c14f-4f81-8916-5b3a028131c0, name: Biology 101, description: Intro to Biology, status: PUBLISHED, code: BIO101} @ http://localhost:3000/_next/static/chunks/node_modules_next_dist_0bc8q4g._.js:1233
[    3093ms] [LOG] !!!section {id: 9d18094f-e3b7-4971-8cec-9e4c60ff59ec, name: Test Section, description: null, status: PUBLISHED, code: TEST-001} @ http://localhost:3000/_next/static/chunks/node_modules_next_dist_0bc8q4g._.js:1233
[    3095ms] [LOG] !!!section {id: 2ae9063e-f6a8-469c-9cd0-28cdee36ed26, name: E2E Test Section 1774368275525, description: Comprehensive E2E test section for complete workflow, status: PUBLISHED, code: 6NGKL2} @ http://localhost:3000/_next/static/chunks/node_modules_next_dist_0bc8q4g._.js:1233
[    7956ms] [LOG] [ChatContext] Create result: {hasData: true, hasErrors: false, data: Object, errors: undefined} @ http://localhost:3000/_next/static/chunks/node_modules_next_dist_0bc8q4g._.js:1233
[    7973ms] [LOG] [ChatContext] Created AssistantChat: ce07047a-4d1e-4a79-a195-33c4f95fd90d at: 2026-05-01T13:22:56.367Z @ http://localhost:3000/_next/static/chunks/node_modules_next_dist_0bc8q4g._.js:1233
[    8041ms] [LOG] [SectionContext] Initial sections: 100 @ http://localhost:3000/_next/static/chunks/node_modules_next_dist_0bc8q4g._.js:1233
[    8192ms] [LOG] [sections.jsx] canViewInstructorDashboard: false isInstructor: false ownedSections.length: 0 @ http://localhost:3000/_next/static/chunks/node_modules_next_dist_0bc8q4g._.js:1233
[    8224ms] [LOG] sections [Object, Object, Object, Object, Object, Object, Object, Object, Object, Object, Object, Object, Object, Object, Object, Object, Object, Object, Object, Object, Object, Object, Object, Object, Object, Object, Object, Object, Object, Object, Object, Object, Object, Object, Object, Object, Object, Object, Object, Object, Object, Object, Object, Object, Object, Object, Object, Object, Object, Object, Object, Object, Object, Object, Object, Object, Object, Object, Object, Object, Object, Object, Object, Object, Object, Object, Object, Object, Object, Object, Object, Object, Object, Object, Object, Object, Object, Object, Object, Object, Object, Object, Object, Object, Object, Object, Object, Object, Object, Object, Object, Object, Object, Object, Object, Object, Object, Object, Object, Object] @ http://localhost:3000/_next/static/chunks/node_modules_next_dist_0bc8q4g._.js:1233
[    8240ms] [LOG] !!!section {id: 485a1ffa-bd40-45ca-96de-f58bc6fc0894, name: Original Section Name, description: Original description, status: DRAFT, code: ORIG-001} @ http://localhost:3000/_next/static/chunks/node_modules_next_dist_0bc8q4g._.js:1233
[    8242ms] [LOG] !!!section {id: a82ad425-66f4-4ae7-ab72-2de04258ddea, name: Grade Test Section, description: null, status: PUBLISHED, code: GRADE-TEST} @ http://localhost:3000/_next/static/chunks/node_modules_next_dist_0bc8q4g._.js:1233
[    8255ms] [LOG] !!!section {id: 26097bd0-b922-4ada-9b21-83db389944fa, name: Biology 101, description: Intro to Biology, status: PUBLISHED, code: BIO101} @ http://localhost:3000/_next/static/chunks/node_modules_next_dist_0bc8q4g._.js:1233
[    8257ms] [LOG] !!!section {id: 6a041ff4-e7ed-47ca-b2bd-0d35b84614b3, name: Test Section, description: null, status: PUBLISHED, code: TEST-001} @ http://localhost:3000/_next/static/chunks/node_modules_next_dist_0bc8q4g._.js:1233
[    8259ms] [LOG] !!!section {id: 674343a8-ce09-4fee-8772-5e9e5d60482c, name: Biology 101, description: Intro to Biology, status: PUBLISHED, code: BIO101} @ http://localhost:3000/_next/static/chunks/node_modules_next_dist_0bc8q4g._.js:1233
[    8271ms] [LOG] !!!section {id: 2a7ae578-0be1-43dd-ba5e-6e224b3b617b, name: Test Section, description: null, status: PUBLISHED, code: TEST-001} @ http://localhost:3000/_next/static/chunks/node_modules_next_dist_0bc8q4g._.js:1233
[    8273ms] [LOG] !!!section {id: f156b5e2-8491-4935-9990-a4dab652241c, name: Original Section Name, description: Original description, status: DRAFT, code: ORIG-001} @ http://localhost:3000/_next/static/chunks/node_modules_next_dist_0bc8q4g._.js:1233
[    8274ms] [LOG] !!!section {id: e002e526-7c0a-4067-abbf-4e53158c61c4, name: Section 2, description: null, status: PUBLISHED, code: S2} @ http://localhost:3000/_next/static/chunks/node_modules_next_dist_0bc8q4g._.js:1233
[    8276ms] [LOG] !!!section {id: b8cb47e8-35ca-44af-a9d7-3587acd0d179, name: Japanese 101 - Spring 2026, description: Beginner Japanese conversation course, status: PUBLISHED, code: 66CE6L} @ http://localhost:3000/_next/static/chunks/node_modules_next_dist_0bc8q4g._.js:1233
[    8288ms] [LOG] !!!section {id: af3e03f0-54df-4df7-8bd7-efb065f3432e, name: Grade Test Section, description: null, status: PUBLISHED, code: GRADE-TEST} @ http://localhost:3000/_next/static/chunks/node_modules_next_dist_0bc8q4g._.js:1233
[    8291ms] [LOG] !!!section {id: edf9e7cf-c21c-45a0-bc50-a8e508ea2815, name: Test Section, description: null, status: PUBLISHED, code: TEST-001} @ http://localhost:3000/_next/static/chunks/node_modules_next_dist_0bc8q4g._.js:1233
[    8292ms] [LOG] !!!section {id: 64def60a-7fa3-475b-8204-22e46b123b29, name: E2E Test Section 1774369286656, description: Comprehensive E2E test section for complete workflow, status: PUBLISHED, code: I4OX3T} @ http://localhost:3000/_next/static/chunks/node_modules_next_dist_0bc8q4g._.js:1233
[    8306ms] [LOG] !!!section {id: aaf5a906-30aa-4c74-b5d5-5feeed95e612, name: Test Section, description: null, status: PUBLISHED, code: TEST-001} @ http://localhost:3000/_next/static/chunks/node_modules_next_dist_0bc8q4g._.js:1233
[    8308ms] [LOG] !!!section {id: 80d216c8-4dc2-4433-92c4-386ca2a20bff, name: Test Section, description: null, status: PUBLISHED, code: TEST-001} @ http://localhost:3000/_next/static/chunks/node_modules_next_dist_0bc8q4g._.js:1233
[    8309ms] [LOG] !!!section {id: 5fb5cef5-e44b-4ec7-8be4-1d6f341dd780, name: Japanese 101 - Spring 2026, description: Beginner Japanese conversation course, status: PUBLISHED, code: FX28Q4} @ http://localhost:3000/_next/static/chunks/node_modules_next_dist_0bc8q4g._.js:1233
[    8323ms] [LOG] !!!section {id: fe9fc83c-99e9-4aa8-b3d9-21c7f351fe0c, name: Test Section, description: null, status: PUBLISHED, code: TEST-001} @ http://localhost:3000/_next/static/chunks/node_modules_next_dist_0bc8q4g._.js:1233
[    8325ms] [LOG] !!!section {id: 3dfb4edd-69ec-405a-8a05-335329e4e583, name: Temporary Section, description: null, status: DRAFT, code: TEMP-001} @ http://localhost:3000/_next/static/chunks/node_modules_next_dist_0bc8q4g._.js:1233
[    8340ms] [LOG] !!!section {id: b7d6cc52-d89b-4238-8ce3-9bf414f3e740, name: Test Section, description: null, status: PUBLISHED, code: TEST-001} @ http://localhost:3000/_next/static/chunks/node_modules_next_dist_0bc8q4g._.js:1233
[    8342ms] [LOG] !!!section {id: 70cb413e-59e0-4eaf-9dae-06bb2ac40a5d, name: Test Section, description: null, status: PUBLISHED, code: TEST-001} @ http://localhost:3000/_next/static/chunks/node_modules_next_dist_0bc8q4g._.js:1233
[    8357ms] [LOG] !!!section {id: 90f3d548-5fd7-41ff-9014-d281ee585be1, name: Section 1, description: null, status: PUBLISHED, code: S1} @ http://localhost:3000/_next/static/chunks/node_modules_next_dist_0bc8q4g._.js:1233
[    8359ms] [LOG] !!!section {id: 108127c7-99e1-4d27-9235-326438a65ff9, name: Test Section, description: null, status: PUBLISHED, code: TEST-001} @ http://localhost:3000/_next/static/chunks/node_modules_next_dist_0bc8q4g._.js:1233
[    8388ms] [LOG] !!!section {id: 4168c41f-9a2a-416d-98fd-c7c56ed3f16d, name: Test Section, description: null, status: PUBLISHED, code: TEST-001} @ http://localhost:3000/_next/static/chunks/node_modules_next_dist_0bc8q4g._.js:1233
[    8392ms] [LOG] !!!section {id: 4b1d5ed4-2c83-4f7e-b33e-7e39f7e8b582, name: Test Section, description: null, status: PUBLISHED, code: TEST-001} @ http://localhost:3000/_next/static/chunks/node_modules_next_dist_0bc8q4g._.js:1233
[    8408ms] [LOG] !!!section {id: 76aede11-b41a-4679-8272-c4b2d813e242, name: Japanese 101 - Spring 2026, description: Beginner Japanese conversation course, status: PUBLISHED, code: 032DY9} @ http://localhost:3000/_next/static/chunks/node_modules_next_dist_0bc8q4g._.js:1233
[    8423ms] [LOG] !!!section {id: 0e3121d1-22dc-4025-86fe-89d879d0f4b8, name: Biology 101, description: Intro to Biology, status: PUBLISHED, code: BIO101} @ http://localhost:3000/_next/static/chunks/node_modules_next_dist_0bc8q4g._.js:1233
[    8426ms] [LOG] !!!section {id: 7cc60b3d-5141-4ccc-885c-0f761d6aadd2, name: Section 2, description: null, status: PUBLISHED, code: S2} @ http://localhost:3000/_next/static/chunks/node_modules_next_dist_0bc8q4g._.js:1233
[    8442ms] [LOG] !!!section {id: 3866b8a5-0967-46bf-b738-16011e0ee5d2, name: Test Section, description: null, status: PUBLISHED, code: TEST-001} @ http://localhost:3000/_next/static/chunks/node_modules_next_dist_0bc8q4g._.js:1233
[    8459ms] [LOG] !!!section {id: 9f5926eb-7622-421e-85b6-f0240478e0b4, name: Test Section, description: null, status: PUBLISHED, code: TEST-001} @ http://localhost:3000/_next/static/chunks/node_modules_next_dist_0bc8q4g._.js:1233
[    8472ms] [LOG] !!!section {id: 8576ea2e-5918-4016-9e8b-880d4060cce1, name: Section 2, description: null, status: PUBLISHED, code: S2} @ http://localhost:3000/_next/static/chunks/node_modules_next_dist_0bc8q4g._.js:1233
[    8507ms] [LOG] !!!section {id: 029af6d7-18c6-4f03-b1ed-f7c9a18e3797, name: Test Section, description: null, status: PUBLISHED, code: TEST-001} @ http://localhost:3000/_next/static/chunks/node_modules_next_dist_0bc8q4g._.js:1233
[    8509ms] [LOG] !!!section {id: c134f150-7cab-4825-984b-4848d2f8daad, name: Test Section, description: null, status: PUBLISHED, code: TEST-001} @ http://localhost:3000/_next/static/chunks/node_modules_next_dist_0bc8q4g._.js:1233
[    8510ms] [LOG] !!!section {id: 92d79627-e95c-4648-aa46-7ec92087f837, name: Test Section, description: null, status: PUBLISHED, code: TEST-001} @ http://localhost:3000/_next/static/chunks/node_modules_next_dist_0bc8q4g._.js:1233
[    8523ms] [LOG] !!!section {id: f48e984a-3ca4-4cec-8ba4-5a2626b51de3, name: Temporary Section, description: null, status: DRAFT, code: TEMP-001} @ http://localhost:3000/_next/static/chunks/node_modules_next_dist_0bc8q4g._.js:1233
[    8525ms] [LOG] !!!section {id: 120aa2f0-ef90-4315-9fde-d772745cfb2c, name: Test Section, description: null, status: PUBLISHED, code: TEST-001} @ http://localhost:3000/_next/static/chunks/node_modules_next_dist_0bc8q4g._.js:1233
[    8542ms] [LOG] !!!section {id: 7474d4eb-d4f8-4630-adf0-0004b7dcf1fe, name: Grade Test Section, description: null, status: PUBLISHED, code: GRADE-TEST} @ http://localhost:3000/_next/static/chunks/node_modules_next_dist_0bc8q4g._.js:1233
[    8576ms] [LOG] !!!section {id: e9615e0d-44fe-4f01-97a8-1f5c1a58f535, name: Japanese 101 - Spring 2026, description: Beginner Japanese conversation course, status: PUBLISHED, code: ZB0WI7} @ http://localhost:3000/_next/static/chunks/node_modules_next_dist_0bc8q4g._.js:1233
[    8590ms] [LOG] !!!section {id: 5d43d353-6ea4-4d1f-bae8-c5240e6acb69, name: Grade Test Section, description: null, status: PUBLISHED, code: GRADE-TEST} @ http://localhost:3000/_next/static/chunks/node_modules_next_dist_0bc8q4g._.js:1233
[    8593ms] [LOG] !!!section {id: db67195f-f706-4160-9b47-b855b4aa29cd, name: Temporary Section, description: null, status: DRAFT, code: TEMP-001} @ http://localhost:3000/_next/static/chunks/node_modules_next_dist_0bc8q4g._.js:1233
[    8609ms] [LOG] !!!section {id: 47656fed-1826-46b7-b3a1-c9ceb78da9a8, name: Test Section, description: null, status: PUBLISHED, code: TEST-001} @ http://localhost:3000/_next/static/chunks/node_modules_next_dist_0bc8q4g._.js:1233
[    8640ms] [LOG] !!!section {id: 1ee29798-548e-4c98-8047-137a247dcb03, name: Test Section, description: null, status: PUBLISHED, code: TEST-001} @ http://localhost:3000/_next/static/chunks/node_modules_next_dist_0bc8q4g._.js:1233
[    8642ms] [LOG] !!!section {id: d8bb7cb1-9864-4008-a79c-6c9fcced077a, name: Section 2, description: null, status: PUBLISHED, code: S2} @ http://localhost:3000/_next/static/chunks/node_modules_next_dist_0bc8q4g._.js:1233
[    8643ms] [LOG] !!!section {id: 598d0820-d1d0-4e3b-8066-f11240ce4370, name: Japanese 101 - Spring 2026, description: Beginner Japanese conversation course, status: PUBLISHED, code: L2SC9C} @ http://localhost:3000/_next/static/chunks/node_modules_next_dist_0bc8q4g._.js:1233
[    8656ms] [LOG] !!!section {id: b3eba183-eb90-4b3f-a9b6-c7368016155c, name: Section 2, description: null, status: PUBLISHED, code: S2} @ http://localhost:3000/_next/static/chunks/node_modules_next_dist_0bc8q4g._.js:1233
[    8659ms] [LOG] !!!section {id: f73b55ab-be3a-4977-90cd-8695fb4bfb57, name: Original Section Name, description: Original description, status: DRAFT, code: ORIG-001} @ http://localhost:3000/_next/static/chunks/node_modules_next_dist_0bc8q4g._.js:1233
[    8672ms] [LOG] !!!section {id: 3d33ac82-7800-4882-8bf5-8a2c0d1dc7cc, name: Original Section Name, description: Original description, status: DRAFT, code: ORIG-001} @ http://localhost:3000/_next/static/chunks/node_modules_next_dist_0bc8q4g._.js:1233
[    8674ms] [LOG] !!!section {id: d0f1083d-3422-4e21-953a-78c781b7da51, name: Test Section, description: null, status: PUBLISHED, code: TEST-001} @ http://localhost:3000/_next/static/chunks/node_modules_next_dist_0bc8q4g._.js:1233
[    8676ms] [LOG] !!!section {id: cd6c83ff-ca21-4447-a4e2-8cb0f81d93db, name: Test Section, description: null, status: PUBLISHED, code: TEST-001} @ http://localhost:3000/_next/static/chunks/node_modules_next_dist_0bc8q4g._.js:1233
[    8690ms] [LOG] !!!section {id: 0fb98bed-1d11-423f-9165-18f219794312, name: Section 2, description: null, status: PUBLISHED, code: S2} @ http://localhost:3000/_next/static/chunks/node_modules_next_dist_0bc8q4g._.js:1233
[    8693ms] [LOG] !!!section {id: 778ce67d-7595-4b23-bb28-41c4233f443c, name: Japanese 101 - Spring 2026, description: Beginner Japanese conversation course, status: PUBLISHED, code: F4DP9P} @ http://localhost:3000/_next/static/chunks/node_modules_next_dist_0bc8q4g._.js:1233
[    8706ms] [LOG] !!!section {id: 40d10d70-5b8e-4f1d-962a-5b4e23bd7e50, name: Test Section, description: null, status: PUBLISHED, code: TEST-001} @ http://localhost:3000/_next/static/chunks/node_modules_next_dist_0bc8q4g._.js:1233
[    8708ms] [LOG] !!!section {id: 8bd49f0d-f626-4b9e-b4f6-85089ef66536, name: Test Section, description: null, status: PUBLISHED, code: TEST-001} @ http://localhost:3000/_next/static/chunks/node_modules_next_dist_0bc8q4g._.js:1233
[    8710ms] [LOG] !!!section {id: 51ad747f-3f3d-457f-8e63-5e572d94cdee, name: E2E Test Section 1774482736434, description: Comprehensive E2E test section for complete workflow, status: PUBLISHED, code: 641S86} @ http://localhost:3000/_next/static/chunks/node_modules_next_dist_0bc8q4g._.js:1233
[    8723ms] [LOG] !!!section {id: ffcf40b1-bec3-4a3b-abd0-b2f0d7c64c3d, name: Section 2, description: null, status: PUBLISHED, code: S2} @ http://localhost:3000/_next/static/chunks/node_modules_next_dist_0bc8q4g._.js:1233
[    8727ms] [LOG] !!!section {id: f45196f6-e3ac-46ab-a60e-7c6b58d92ec3, name: Section 2, description: null, status: PUBLISHED, code: S2} @ http://localhost:3000/_next/static/chunks/node_modules_next_dist_0bc8q4g._.js:1233
[    8740ms] [LOG] !!!section {id: 5664bef5-8a03-43f7-9fe2-1f5560df38d4, name: Section 2, description: null, status: PUBLISHED, code: S2} @ http://localhost:3000/_next/static/chunks/node_modules_next_dist_0bc8q4g._.js:1233
[    8741ms] [LOG] !!!section {id: 325495e1-910b-4a4d-83e2-b003dd294b85, name: Test Section, description: null, status: PUBLISHED, code: TEST-001} @ http://localhost:3000/_next/static/chunks/node_modules_next_dist_0bc8q4g._.js:1233
[    8743ms] [LOG] !!!section {id: afab77f1-fc64-44cc-98e2-1915399dc1f4, name: Test Section, description: null, status: PUBLISHED, code: TEST-001} @ http://localhost:3000/_next/static/chunks/node_modules_next_dist_0bc8q4g._.js:1233
[    8744ms] [LOG] !!!section {id: cdee8ece-10ee-4f7e-b863-5cbd4ef6de73, name: Japanese 101 - Spring 2026, description: Beginner Japanese conversation course, status: PUBLISHED, code: FQE3UW} @ http://localhost:3000/_next/static/chunks/node_modules_next_dist_0bc8q4g._.js:1233
[    8757ms] [LOG] !!!section {id: 953591de-0167-4311-98bb-99b8204d037b, name: Test Section, description: null, status: PUBLISHED, code: TEST-001} @ http://localhost:3000/_next/static/chunks/node_modules_next_dist_0bc8q4g._.js:1233
[    8759ms] [LOG] !!!section {id: c1be5a84-65ed-4a78-9cd4-b33b25a702b3, name: Test Section, description: null, status: PUBLISHED, code: TEST-001} @ http://localhost:3000/_next/static/chunks/node_modules_next_dist_0bc8q4g._.js:1233
[    8773ms] [LOG] !!!section {id: fab4ea86-7d86-4186-b124-22c0e1188fbe, name: Temporary Section, description: null, status: DRAFT, code: TEMP-001} @ http://localhost:3000/_next/static/chunks/node_modules_next_dist_0bc8q4g._.js:1233
[    8775ms] [LOG] !!!section {id: 272c6fcb-0ed6-4e8c-a66e-96ad9f84afa8, name: Test Section, description: null, status: PUBLISHED, code: TEST-001} @ http://localhost:3000/_next/static/chunks/node_modules_next_dist_0bc8q4g._.js:1233
[    8777ms] [LOG] !!!section {id: 0b1afe2d-5585-4b37-b32f-b7557e38f895, name: Section 2, description: null, status: PUBLISHED, code: S2} @ http://localhost:3000/_next/static/chunks/node_modules_next_dist_0bc8q4g._.js:1233
[    8792ms] [LOG] !!!section {id: 1ad02849-2bc3-41cf-9776-14b68bb96bec, name: Biology 101, description: Intro to Biology, status: PUBLISHED, code: BIO101} @ http://localhost:3000/_next/static/chunks/node_modules_next_dist_0bc8q4g._.js:1233
[    8806ms] [LOG] !!!section {id: 58f0c8e1-6a6d-4962-9a03-b2267d7f1a5e, name: Test Section, description: null, status: PUBLISHED, code: TEST-001} @ http://localhost:3000/_next/static/chunks/node_modules_next_dist_0bc8q4g._.js:1233
[    8809ms] [LOG] !!!section {id: 08e90519-911b-4a10-bacf-2cac91a0c3d1, name: Section 1, description: null, status: PUBLISHED, code: S1} @ http://localhost:3000/_next/static/chunks/node_modules_next_dist_0bc8q4g._.js:1233
[    8810ms] [LOG] !!!section {id: 2fb31ed7-d72c-4517-89f7-a3c99296ade7, name: Test Section, description: null, status: PUBLISHED, code: TEST-001} @ http://localhost:3000/_next/static/chunks/node_modules_next_dist_0bc8q4g._.js:1233
[    8823ms] [LOG] !!!section {id: 4a271b66-8cd6-45d1-a8fc-621a893756b5, name: Test Section, description: null, status: PUBLISHED, code: TEST-001} @ http://localhost:3000/_next/static/chunks/node_modules_next_dist_0bc8q4g._.js:1233
[    8825ms] [LOG] !!!section {id: cdc36b52-eaef-401c-bcb1-9f72c0e176b8, name: Grade Test Section, description: null, status: PUBLISHED, code: GRADE-TEST} @ http://localhost:3000/_next/static/chunks/node_modules_next_dist_0bc8q4g._.js:1233
[    8827ms] [LOG] !!!section {id: 7ab6f9cf-375e-435d-bd2d-66c3eca50250, name: Section 1, description: null, status: PUBLISHED, code: S1} @ http://localhost:3000/_next/static/chunks/node_modules_next_dist_0bc8q4g._.js:1233
[    8840ms] [LOG] !!!section {id: 3b09795f-fa6e-47b2-854f-725efca79cd6, name: Section 2, description: null, status: PUBLISHED, code: S2} @ http://localhost:3000/_next/static/chunks/node_modules_next_dist_0bc8q4g._.js:1233
[    8842ms] [LOG] !!!section {id: 7da11483-c739-4b58-83e8-ba78e5031feb, name: Test Section, description: null, status: PUBLISHED, code: TEST-001} @ http://localhost:3000/_next/static/chunks/node_modules_next_dist_0bc8q4g._.js:1233
[    8843ms] [LOG] !!!section {id: dcc4587b-79f3-477f-b26f-479a094daf43, name: Test Section, description: null, status: PUBLISHED, code: TEST-001} @ http://localhost:3000/_next/static/chunks/node_modules_next_dist_0bc8q4g._.js:1233
[    8844ms] [LOG] !!!section {id: 721ac42d-575d-426f-bde4-aa604647cd9c, name: Test Section, description: null, status: PUBLISHED, code: TEST-001} @ http://localhost:3000/_next/static/chunks/node_modules_next_dist_0bc8q4g._.js:1233
[    8858ms] [LOG] !!!section {id: ce07b087-6fcd-4e1b-8ece-6a9a515e92e3, name: Section 2, description: null, status: PUBLISHED, code: S2} @ http://localhost:3000/_next/static/chunks/node_modules_next_dist_0bc8q4g._.js:1233
[    8861ms] [LOG] !!!section {id: b283d62f-d737-420f-a056-9c58f4479129, name: Original Section Name, description: Original description, status: DRAFT, code: ORIG-001} @ http://localhost:3000/_next/static/chunks/node_modules_next_dist_0bc8q4g._.js:1233
[    8874ms] [LOG] !!!section {id: dfab9461-9053-4a22-94f2-cc948185420e, name: Test Section, description: null, status: PUBLISHED, code: TEST-001} @ http://localhost:3000/_next/static/chunks/node_modules_next_dist_0bc8q4g._.js:1233
[    8877ms] [LOG] !!!section {id: 163c8180-e408-421f-b1de-7fafc01dbb20, name: Test Section, description: null, status: PUBLISHED, code: TEST-001} @ http://localhost:3000/_next/static/chunks/node_modules_next_dist_0bc8q4g._.js:1233
[    8890ms] [LOG] !!!section {id: a5be67ff-933a-45e7-a7fa-2730bdbcd286, name: Test Section, description: null, status: PUBLISHED, code: TEST-001} @ http://localhost:3000/_next/static/chunks/node_modules_next_dist_0bc8q4g._.js:1233
[    8893ms] [LOG] !!!section {id: 31bfc515-2692-49ea-b688-cd1955f53a5c, name: Test Section, description: null, status: PUBLISHED, code: TEST-001} @ http://localhost:3000/_next/static/chunks/node_modules_next_dist_0bc8q4g._.js:1233
[    8909ms] [LOG] !!!section {id: 5ae5a18a-73f8-42d5-8a68-026aab750c41, name: Grade Test Section, description: null, status: PUBLISHED, code: GRADE-TEST} @ http://localhost:3000/_next/static/chunks/node_modules_next_dist_0bc8q4g._.js:1233
[    8940ms] [LOG] !!!section {id: 499fdec3-da8d-4ef4-92d8-291d0cbd2fab, name: Temporary Section, description: null, status: DRAFT, code: TEMP-001} @ http://localhost:3000/_next/static/chunks/node_modules_next_dist_0bc8q4g._.js:1233
[    8944ms] [LOG] !!!section {id: 84427f7a-75f9-474a-b7b1-2839ac657737, name: Original Section Name, description: Original description, status: DRAFT, code: ORIG-001} @ http://localhost:3000/_next/static/chunks/node_modules_next_dist_0bc8q4g._.js:1233
[    8974ms] [LOG] !!!section {id: db7919cc-2bf4-43db-acc9-559aebba73ed, name: Test Section, description: null, status: PUBLISHED, code: TEST-001} @ http://localhost:3000/_next/static/chunks/node_modules_next_dist_0bc8q4g._.js:1233
[    8976ms] [LOG] !!!section {id: 340113f1-94d9-473a-8528-228b8dca613d, name: Original Section Name, description: Original description, status: DRAFT, code: ORIG-001} @ http://localhost:3000/_next/static/chunks/node_modules_next_dist_0bc8q4g._.js:1233
[    8978ms] [LOG] !!!section {id: 36629e2a-d5da-4bf4-85c4-3aa9b27c65c7, name: Biology 101, description: Intro to Biology, status: PUBLISHED, code: BIO101} @ http://localhost:3000/_next/static/chunks/node_modules_next_dist_0bc8q4g._.js:1233
[    8991ms] [LOG] !!!section {id: 6725abf3-d692-40cd-9658-00c68b2f5ba4, name: Test Section, description: null, status: PUBLISHED, code: TEST-001} @ http://localhost:3000/_next/static/chunks/node_modules_next_dist_0bc8q4g._.js:1233
[    8994ms] [LOG] !!!section {id: 76990e7b-682c-44f5-82f5-1de4221deb80, name: Test Section, description: null, status: PUBLISHED, code: TEST-001} @ http://localhost:3000/_next/static/chunks/node_modules_next_dist_0bc8q4g._.js:1233
[    9039ms] [LOG] !!!section {id: fbe39c35-7869-4327-92b8-f250013ca5ec, name: Japanese 101 - Spring 2026, description: Beginner Japanese conversation course, status: PUBLISHED, code: 155E99} @ http://localhost:3000/_next/static/chunks/node_modules_next_dist_0bc8q4g._.js:1233
[    9042ms] [LOG] !!!section {id: 19ec384c-5eb7-4e0e-866b-3337e09d0f9e, name: Grade Test Section, description: null, status: PUBLISHED, code: GRADE-TEST} @ http://localhost:3000/_next/static/chunks/node_modules_next_dist_0bc8q4g._.js:1233
[    9043ms] [LOG] !!!section {id: dd6a79ba-c532-4342-bf2c-796440baadd4, name: Section 2, description: null, status: PUBLISHED, code: S2} @ http://localhost:3000/_next/static/chunks/node_modules_next_dist_0bc8q4g._.js:1233
[    9056ms] [LOG] !!!section {id: e23ab46c-a060-41aa-8e07-a6b4c18cc792, name: Japanese 101 - Spring 2026, description: Beginner Japanese conversation course, status: PUBLISHED, code: MOJKQL} @ http://localhost:3000/_next/static/chunks/node_modules_next_dist_0bc8q4g._.js:1233
[    9058ms] [LOG] !!!section {id: e584b66b-d3a2-4018-a621-040e2c4131c9, name: Test Section, description: null, status: PUBLISHED, code: TEST-001} @ http://localhost:3000/_next/static/chunks/node_modules_next_dist_0bc8q4g._.js:1233
[    9060ms] [LOG] !!!section {id: da00f42c-71b5-44e6-a86e-f56a0d833a5f, name: Test Section, description: null, status: PUBLISHED, code: TEST-001} @ http://localhost:3000/_next/static/chunks/node_modules_next_dist_0bc8q4g._.js:1233
[    9074ms] [LOG] !!!section {id: 4bd499b1-c875-4a07-b7c7-d95bbf5f88e0, name: Biology 101, description: Intro to Biology, status: PUBLISHED, code: BIO101} @ http://localhost:3000/_next/static/chunks/node_modules_next_dist_0bc8q4g._.js:1233
[    9076ms] [LOG] !!!section {id: 863ed865-a2d6-4688-951c-3397eb1e5cd4, name: Test Section, description: null, status: PUBLISHED, code: TEST-001} @ http://localhost:3000/_next/static/chunks/node_modules_next_dist_0bc8q4g._.js:1233
[    9092ms] [LOG] !!!section {id: f5d362dc-7565-45ab-8f8b-30f7da60af74, name: Section 2, description: null, status: PUBLISHED, code: S2} @ http://localhost:3000/_next/static/chunks/node_modules_next_dist_0bc8q4g._.js:1233
[    9106ms] [LOG] !!!section {id: f6ef8547-c14f-4f81-8916-5b3a028131c0, name: Biology 101, description: Intro to Biology, status: PUBLISHED, code: BIO101} @ http://localhost:3000/_next/static/chunks/node_modules_next_dist_0bc8q4g._.js:1233
[    9109ms] [LOG] !!!section {id: 9d18094f-e3b7-4971-8cec-9e4c60ff59ec, name: Test Section, description: null, status: PUBLISHED, code: TEST-001} @ http://localhost:3000/_next/static/chunks/node_modules_next_dist_0bc8q4g._.js:1233
[    9145ms] [LOG] !!!section {id: 2ae9063e-f6a8-469c-9cd0-28cdee36ed26, name: E2E Test Section 1774368275525, description: Comprehensive E2E test section for complete workflow, status: PUBLISHED, code: 6NGKL2} @ http://localhost:3000/_next/static/chunks/node_modules_next_dist_0bc8q4g._.js:1233
[    9177ms] [LOG] [sections.jsx] canViewInstructorDashboard: false isInstructor: false ownedSections.length: 0 @ http://localhost:3000/_next/static/chunks/node_modules_next_dist_0bc8q4g._.js:1233
[    9206ms] [LOG] sections [Object, Object, Object, Object, Object, Object, Object, Object, Object, Object, Object, Object, Object, Object, Object, Object, Object, Object, Object, Object, Object, Object, Object, Object, Object, Object, Object, Object, Object, Object, Object, Object, Object, Object, Object, Object, Object, Object, Object, Object, Object, Object, Object, Object, Object, Object, Object, Object, Object, Object, Object, Object, Object, Object, Object, Object, Object, Object, Object, Object, Object, Object, Object, Object, Object, Object, Object, Object, Object, Object, Object, Object, Object, Object, Object, Object, Object, Object, Object, Object, Object, Object, Object, Object, Object, Object, Object, Object, Object, Object, Object, Object, Object, Object, Object, Object, Object, Object, Object, Object] @ http://localhost:3000/_next/static/chunks/node_modules_next_dist_0bc8q4g._.js:1233
[    9210ms] [LOG] !!!section {id: 485a1ffa-bd40-45ca-96de-f58bc6fc0894, name: Original Section Name, description: Original description, status: DRAFT, code: ORIG-001} @ http://localhost:3000/_next/static/chunks/node_modules_next_dist_0bc8q4g._.js:1233
[    9212ms] [LOG] !!!section {id: a82ad425-66f4-4ae7-ab72-2de04258ddea, name: Grade Test Section, description: null, status: PUBLISHED, code: GRADE-TEST} @ http://localhost:3000/_next/static/chunks/node_modules_next_dist_0bc8q4g._.js:1233
[    9225ms] [LOG] !!!section {id: 26097bd0-b922-4ada-9b21-83db389944fa, name: Biology 101, description: Intro to Biology, status: PUBLISHED, code: BIO101} @ http://localhost:3000/_next/static/chunks/node_modules_next_dist_0bc8q4g._.js:1233
[    9226ms] [LOG] !!!section {id: 6a041ff4-e7ed-47ca-b2bd-0d35b84614b3, name: Test Section, description: null, status: PUBLISHED, code: TEST-001} @ http://localhost:3000/_next/static/chunks/node_modules_next_dist_0bc8q4g._.js:1233
[    9278ms] [LOG] !!!section {id: 674343a8-ce09-4fee-8772-5e9e5d60482c, name: Biology 101, description: Intro to Biology, status: PUBLISHED, code: BIO101} @ http://localhost:3000/_next/static/chunks/node_modules_next_dist_0bc8q4g._.js:1233
[    9308ms] [LOG] !!!section {id: 2a7ae578-0be1-43dd-ba5e-6e224b3b617b, name: Test Section, description: null, status: PUBLISHED, code: TEST-001} @ http://localhost:3000/_next/static/chunks/node_modules_next_dist_0bc8q4g._.js:1233
[    9310ms] [LOG] !!!section {id: f156b5e2-8491-4935-9990-a4dab652241c, name: Original Section Name, description: Original description, status: DRAFT, code: ORIG-001} @ http://localhost:3000/_next/static/chunks/node_modules_next_dist_0bc8q4g._.js:1233
[    9311ms] [LOG] !!!section {id: e002e526-7c0a-4067-abbf-4e53158c61c4, name: Section 2, description: null, status: PUBLISHED, code: S2} @ http://localhost:3000/_next/static/chunks/node_modules_next_dist_0bc8q4g._.js:1233
[    9323ms] [LOG] !!!section {id: b8cb47e8-35ca-44af-a9d7-3587acd0d179, name: Japanese 101 - Spring 2026, description: Beginner Japanese conversation course, status: PUBLISHED, code: 66CE6L} @ http://localhost:3000/_next/static/chunks/node_modules_next_dist_0bc8q4g._.js:1233
[    9325ms] [LOG] !!!section {id: af3e03f0-54df-4df7-8bd7-efb065f3432e, name: Grade Test Section, description: null, status: PUBLISHED, code: GRADE-TEST} @ http://localhost:3000/_next/static/chunks/node_modules_next_dist_0bc8q4g._.js:1233
[    9327ms] [LOG] !!!section {id: edf9e7cf-c21c-45a0-bc50-a8e508ea2815, name: Test Section, description: null, status: PUBLISHED, code: TEST-001} @ http://localhost:3000/_next/static/chunks/node_modules_next_dist_0bc8q4g._.js:1233
[    9341ms] [LOG] !!!section {id: 64def60a-7fa3-475b-8204-22e46b123b29, name: E2E Test Section 1774369286656, description: Comprehensive E2E test section for complete workflow, status: PUBLISHED, code: I4OX3T} @ http://localhost:3000/_next/static/chunks/node_modules_next_dist_0bc8q4g._.js:1233
[    9344ms] [LOG] !!!section {id: aaf5a906-30aa-4c74-b5d5-5feeed95e612, name: Test Section, description: null, status: PUBLISHED, code: TEST-001} @ http://localhost:3000/_next/static/chunks/node_modules_next_dist_0bc8q4g._.js:1233
[    9357ms] [LOG] !!!section {id: 80d216c8-4dc2-4433-92c4-386ca2a20bff, name: Test Section, description: null, status: PUBLISHED, code: TEST-001} @ http://localhost:3000/_next/static/chunks/node_modules_next_dist_0bc8q4g._.js:1233
[    9359ms] [LOG] !!!section {id: 5fb5cef5-e44b-4ec7-8be4-1d6f341dd780, name: Japanese 101 - Spring 2026, description: Beginner Japanese conversation course, status: PUBLISHED, code: FX28Q4} @ http://localhost:3000/_next/static/chunks/node_modules_next_dist_0bc8q4g._.js:1233
[    9376ms] [LOG] !!!section {id: fe9fc83c-99e9-4aa8-b3d9-21c7f351fe0c, name: Test Section, description: null, status: PUBLISHED, code: TEST-001} @ http://localhost:3000/_next/static/chunks/node_modules_next_dist_0bc8q4g._.js:1233
[    9391ms] [LOG] !!!section {id: 3dfb4edd-69ec-405a-8a05-335329e4e583, name: Temporary Section, description: null, status: DRAFT, code: TEMP-001} @ http://localhost:3000/_next/static/chunks/node_modules_next_dist_0bc8q4g._.js:1233
[    9425ms] [LOG] !!!section {id: b7d6cc52-d89b-4238-8ce3-9bf414f3e740, name: Test Section, description: null, status: PUBLISHED, code: TEST-001} @ http://localhost:3000/_next/static/chunks/node_modules_next_dist_0bc8q4g._.js:1233
[    9440ms] [LOG] !!!section {id: 70cb413e-59e0-4eaf-9dae-06bb2ac40a5d, name: Test Section, description: null, status: PUBLISHED, code: TEST-001} @ http://localhost:3000/_next/static/chunks/node_modules_next_dist_0bc8q4g._.js:1233
[    9442ms] [LOG] !!!section {id: 90f3d548-5fd7-41ff-9014-d281ee585be1, name: Section 1, description: null, status: PUBLISHED, code: S1} @ http://localhost:3000/_next/static/chunks/node_modules_next_dist_0bc8q4g._.js:1233
[    9443ms] [LOG] !!!section {id: 108127c7-99e1-4d27-9235-326438a65ff9, name: Test Section, description: null, status: PUBLISHED, code: TEST-001} @ http://localhost:3000/_next/static/chunks/node_modules_next_dist_0bc8q4g._.js:1233
[    9444ms] [LOG] !!!section {id: 4168c41f-9a2a-416d-98fd-c7c56ed3f16d, name: Test Section, description: null, status: PUBLISHED, code: TEST-001} @ http://localhost:3000/_next/static/chunks/node_modules_next_dist_0bc8q4g._.js:1233
[    9456ms] [LOG] !!!section {id: 4b1d5ed4-2c83-4f7e-b33e-7e39f7e8b582, name: Test Section, description: null, status: PUBLISHED, code: TEST-001} @ http://localhost:3000/_next/static/chunks/node_modules_next_dist_0bc8q4g._.js:1233
[    9458ms] [LOG] !!!section {id: 76aede11-b41a-4679-8272-c4b2d813e242, name: Japanese 101 - Spring 2026, description: Beginner Japanese conversation course, status: PUBLISHED, code: 032DY9} @ http://localhost:3000/_next/static/chunks/node_modules_next_dist_0bc8q4g._.js:1233
[    9459ms] [LOG] !!!section {id: 0e3121d1-22dc-4025-86fe-89d879d0f4b8, name: Biology 101, description: Intro to Biology, status: PUBLISHED, code: BIO101} @ http://localhost:3000/_next/static/chunks/node_modules_next_dist_0bc8q4g._.js:1233
[    9462ms] [LOG] !!!section {id: 7cc60b3d-5141-4ccc-885c-0f761d6aadd2, name: Section 2, description: null, status: PUBLISHED, code: S2} @ http://localhost:3000/_next/static/chunks/node_modules_next_dist_0bc8q4g._.js:1233
[    9475ms] [LOG] !!!section {id: 3866b8a5-0967-46bf-b738-16011e0ee5d2, name: Test Section, description: null, status: PUBLISHED, code: TEST-001} @ http://localhost:3000/_next/static/chunks/node_modules_next_dist_0bc8q4g._.js:1233
[    9476ms] [LOG] !!!section {id: 9f5926eb-7622-421e-85b6-f0240478e0b4, name: Test Section, description: null, status: PUBLISHED, code: TEST-001} @ http://localhost:3000/_next/static/chunks/node_modules_next_dist_0bc8q4g._.js:1233
[    9478ms] [LOG] !!!section {id: 8576ea2e-5918-4016-9e8b-880d4060cce1, name: Section 2, description: null, status: PUBLISHED, code: S2} @ http://localhost:3000/_next/static/chunks/node_modules_next_dist_0bc8q4g._.js:1233
[    9511ms] [LOG] !!!section {id: 029af6d7-18c6-4f03-b1ed-f7c9a18e3797, name: Test Section, description: null, status: PUBLISHED, code: TEST-001} @ http://localhost:3000/_next/static/chunks/node_modules_next_dist_0bc8q4g._.js:1233
[    9526ms] [LOG] !!!section {id: c134f150-7cab-4825-984b-4848d2f8daad, name: Test Section, description: null, status: PUBLISHED, code: TEST-001} @ http://localhost:3000/_next/static/chunks/node_modules_next_dist_0bc8q4g._.js:1233
[    9544ms] [LOG] !!!section {id: 92d79627-e95c-4648-aa46-7ec92087f837, name: Test Section, description: null, status: PUBLISHED, code: TEST-001} @ http://localhost:3000/_next/static/chunks/node_modules_next_dist_0bc8q4g._.js:1233
[    9559ms] [LOG] !!!section {id: f48e984a-3ca4-4cec-8ba4-5a2626b51de3, name: Temporary Section, description: null, status: DRAFT, code: TEMP-001} @ http://localhost:3000/_next/static/chunks/node_modules_next_dist_0bc8q4g._.js:1233
[    9562ms] [LOG] !!!section {id: 120aa2f0-ef90-4315-9fde-d772745cfb2c, name: Test Section, description: null, status: PUBLISHED, code: TEST-001} @ http://localhost:3000/_next/static/chunks/node_modules_next_dist_0bc8q4g._.js:1233
[    9576ms] [LOG] !!!section {id: 7474d4eb-d4f8-4630-adf0-0004b7dcf1fe, name: Grade Test Section, description: null, status: PUBLISHED, code: GRADE-TEST} @ http://localhost:3000/_next/static/chunks/node_modules_next_dist_0bc8q4g._.js:1233
[    9578ms] [LOG] !!!section {id: e9615e0d-44fe-4f01-97a8-1f5c1a58f535, name: Japanese 101 - Spring 2026, description: Beginner Japanese conversation course, status: PUBLISHED, code: ZB0WI7} @ http://localhost:3000/_next/static/chunks/node_modules_next_dist_0bc8q4g._.js:1233
[    9591ms] [LOG] !!!section {id: 5d43d353-6ea4-4d1f-bae8-c5240e6acb69, name: Grade Test Section, description: null, status: PUBLISHED, code: GRADE-TEST} @ http://localhost:3000/_next/static/chunks/node_modules_next_dist_0bc8q4g._.js:1233
[    9593ms] [LOG] !!!section {id: db67195f-f706-4160-9b47-b855b4aa29cd, name: Temporary Section, description: null, status: DRAFT, code: TEMP-001} @ http://localhost:3000/_next/static/chunks/node_modules_next_dist_0bc8q4g._.js:1233
[    9595ms] [LOG] !!!section {id: 47656fed-1826-46b7-b3a1-c9ceb78da9a8, name: Test Section, description: null, status: PUBLISHED, code: TEST-001} @ http://localhost:3000/_next/static/chunks/node_modules_next_dist_0bc8q4g._.js:1233
[    9609ms] [LOG] !!!section {id: 1ee29798-548e-4c98-8047-137a247dcb03, name: Test Section, description: null, status: PUBLISHED, code: TEST-001} @ http://localhost:3000/_next/static/chunks/node_modules_next_dist_0bc8q4g._.js:1233
[    9610ms] [LOG] !!!section {id: d8bb7cb1-9864-4008-a79c-6c9fcced077a, name: Section 2, description: null, status: PUBLISHED, code: S2} @ http://localhost:3000/_next/static/chunks/node_modules_next_dist_0bc8q4g._.js:1233
[    9612ms] [LOG] !!!section {id: 598d0820-d1d0-4e3b-8066-f11240ce4370, name: Japanese 101 - Spring 2026, description: Beginner Japanese conversation course, status: PUBLISHED, code: L2SC9C} @ http://localhost:3000/_next/static/chunks/node_modules_next_dist_0bc8q4g._.js:1233
[    9626ms] [LOG] !!!section {id: b3eba183-eb90-4b3f-a9b6-c7368016155c, name: Section 2, description: null, status: PUBLISHED, code: S2} @ http://localhost:3000/_next/static/chunks/node_modules_next_dist_0bc8q4g._.js:1233
[    9628ms] [LOG] !!!section {id: f73b55ab-be3a-4977-90cd-8695fb4bfb57, name: Original Section Name, description: Original description, status: DRAFT, code: ORIG-001} @ http://localhost:3000/_next/static/chunks/node_modules_next_dist_0bc8q4g._.js:1233
[    9629ms] [LOG] !!!section {id: 3d33ac82-7800-4882-8bf5-8a2c0d1dc7cc, name: Original Section Name, description: Original description, status: DRAFT, code: ORIG-001} @ http://localhost:3000/_next/static/chunks/node_modules_next_dist_0bc8q4g._.js:1233
[    9642ms] [LOG] !!!section {id: d0f1083d-3422-4e21-953a-78c781b7da51, name: Test Section, description: null, status: PUBLISHED, code: TEST-001} @ http://localhost:3000/_next/static/chunks/node_modules_next_dist_0bc8q4g._.js:1233
[    9643ms] [LOG] !!!section {id: cd6c83ff-ca21-4447-a4e2-8cb0f81d93db, name: Test Section, description: null, status: PUBLISHED, code: TEST-001} @ http://localhost:3000/_next/static/chunks/node_modules_next_dist_0bc8q4g._.js:1233
[    9645ms] [LOG] !!!section {id: 0fb98bed-1d11-423f-9165-18f219794312, name: Section 2, description: null, status: PUBLISHED, code: S2} @ http://localhost:3000/_next/static/chunks/node_modules_next_dist_0bc8q4g._.js:1233
[    9657ms] [LOG] !!!section {id: 778ce67d-7595-4b23-bb28-41c4233f443c, name: Japanese 101 - Spring 2026, description: Beginner Japanese conversation course, status: PUBLISHED, code: F4DP9P} @ http://localhost:3000/_next/static/chunks/node_modules_next_dist_0bc8q4g._.js:1233
[    9709ms] [LOG] !!!section {id: 40d10d70-5b8e-4f1d-962a-5b4e23bd7e50, name: Test Section, description: null, status: PUBLISHED, code: TEST-001} @ http://localhost:3000/_next/static/chunks/node_modules_next_dist_0bc8q4g._.js:1233
[    9710ms] [LOG] !!!section {id: 8bd49f0d-f626-4b9e-b4f6-85089ef66536, name: Test Section, description: null, status: PUBLISHED, code: TEST-001} @ http://localhost:3000/_next/static/chunks/node_modules_next_dist_0bc8q4g._.js:1233
[    9712ms] [LOG] !!!section {id: 51ad747f-3f3d-457f-8e63-5e572d94cdee, name: E2E Test Section 1774482736434, description: Comprehensive E2E test section for complete workflow, status: PUBLISHED, code: 641S86} @ http://localhost:3000/_next/static/chunks/node_modules_next_dist_0bc8q4g._.js:1233
[    9724ms] [LOG] !!!section {id: ffcf40b1-bec3-4a3b-abd0-b2f0d7c64c3d, name: Section 2, description: null, status: PUBLISHED, code: S2} @ http://localhost:3000/_next/static/chunks/node_modules_next_dist_0bc8q4g._.js:1233
[    9726ms] [LOG] !!!section {id: f45196f6-e3ac-46ab-a60e-7c6b58d92ec3, name: Section 2, description: null, status: PUBLISHED, code: S2} @ http://localhost:3000/_next/static/chunks/node_modules_next_dist_0bc8q4g._.js:1233
[    9728ms] [LOG] !!!section {id: 5664bef5-8a03-43f7-9fe2-1f5560df38d4, name: Section 2, description: null, status: PUBLISHED, code: S2} @ http://localhost:3000/_next/static/chunks/node_modules_next_dist_0bc8q4g._.js:1233
[    9742ms] [LOG] !!!section {id: 325495e1-910b-4a4d-83e2-b003dd294b85, name: Test Section, description: null, status: PUBLISHED, code: TEST-001} @ http://localhost:3000/_next/static/chunks/node_modules_next_dist_0bc8q4g._.js:1233
[    9745ms] [LOG] !!!section {id: afab77f1-fc64-44cc-98e2-1915399dc1f4, name: Test Section, description: null, status: PUBLISHED, code: TEST-001} @ http://localhost:3000/_next/static/chunks/node_modules_next_dist_0bc8q4g._.js:1233
[    9761ms] [LOG] !!!section {id: cdee8ece-10ee-4f7e-b863-5cbd4ef6de73, name: Japanese 101 - Spring 2026, description: Beginner Japanese conversation course, status: PUBLISHED, code: FQE3UW} @ http://localhost:3000/_next/static/chunks/node_modules_next_dist_0bc8q4g._.js:1233
[    9777ms] [LOG] !!!section {id: 953591de-0167-4311-98bb-99b8204d037b, name: Test Section, description: null, status: PUBLISHED, code: TEST-001} @ http://localhost:3000/_next/static/chunks/node_modules_next_dist_0bc8q4g._.js:1233
[    9779ms] [LOG] !!!section {id: c1be5a84-65ed-4a78-9cd4-b33b25a702b3, name: Test Section, description: null, status: PUBLISHED, code: TEST-001} @ http://localhost:3000/_next/static/chunks/node_modules_next_dist_0bc8q4g._.js:1233
[    9793ms] [LOG] !!!section {id: fab4ea86-7d86-4186-b124-22c0e1188fbe, name: Temporary Section, description: null, status: DRAFT, code: TEMP-001} @ http://localhost:3000/_next/static/chunks/node_modules_next_dist_0bc8q4g._.js:1233
[    9795ms] [LOG] !!!section {id: 272c6fcb-0ed6-4e8c-a66e-96ad9f84afa8, name: Test Section, description: null, status: PUBLISHED, code: TEST-001} @ http://localhost:3000/_next/static/chunks/node_modules_next_dist_0bc8q4g._.js:1233
[    9808ms] [LOG] !!!section {id: 0b1afe2d-5585-4b37-b32f-b7557e38f895, name: Section 2, description: null, status: PUBLISHED, code: S2} @ http://localhost:3000/_next/static/chunks/node_modules_next_dist_0bc8q4g._.js:1233
[    9811ms] [LOG] !!!section {id: 1ad02849-2bc3-41cf-9776-14b68bb96bec, name: Biology 101, description: Intro to Biology, status: PUBLISHED, code: BIO101} @ http://localhost:3000/_next/static/chunks/node_modules_next_dist_0bc8q4g._.js:1233
[    9812ms] [LOG] !!!section {id: 58f0c8e1-6a6d-4962-9a03-b2267d7f1a5e, name: Test Section, description: null, status: PUBLISHED, code: TEST-001} @ http://localhost:3000/_next/static/chunks/node_modules_next_dist_0bc8q4g._.js:1233
[    9828ms] [LOG] !!!section {id: 08e90519-911b-4a10-bacf-2cac91a0c3d1, name: Section 1, description: null, status: PUBLISHED, code: S1} @ http://localhost:3000/_next/static/chunks/node_modules_next_dist_0bc8q4g._.js:1233
[    9841ms] [LOG] !!!section {id: 2fb31ed7-d72c-4517-89f7-a3c99296ade7, name: Test Section, description: null, status: PUBLISHED, code: TEST-001} @ http://localhost:3000/_next/static/chunks/node_modules_next_dist_0bc8q4g._.js:1233
[    9845ms] [LOG] !!!section {id: 4a271b66-8cd6-45d1-a8fc-621a893756b5, name: Test Section, description: null, status: PUBLISHED, code: TEST-001} @ http://localhost:3000/_next/static/chunks/node_modules_next_dist_0bc8q4g._.js:1233
[    9859ms] [LOG] !!!section {id: cdc36b52-eaef-401c-bcb1-9f72c0e176b8, name: Grade Test Section, description: null, status: PUBLISHED, code: GRADE-TEST} @ http://localhost:3000/_next/static/chunks/node_modules_next_dist_0bc8q4g._.js:1233
[    9860ms] [LOG] !!!section {id: 7ab6f9cf-375e-435d-bd2d-66c3eca50250, name: Section 1, description: null, status: PUBLISHED, code: S1} @ http://localhost:3000/_next/static/chunks/node_modules_next_dist_0bc8q4g._.js:1233
[    9876ms] [LOG] !!!section {id: 3b09795f-fa6e-47b2-854f-725efca79cd6, name: Section 2, description: null, status: PUBLISHED, code: S2} @ http://localhost:3000/_next/static/chunks/node_modules_next_dist_0bc8q4g._.js:1233
[    9893ms] [LOG] !!!section {id: 7da11483-c739-4b58-83e8-ba78e5031feb, name: Test Section, description: null, status: PUBLISHED, code: TEST-001} @ http://localhost:3000/_next/static/chunks/node_modules_next_dist_0bc8q4g._.js:1233
[    9911ms] [LOG] !!!section {id: dcc4587b-79f3-477f-b26f-479a094daf43, name: Test Section, description: null, status: PUBLISHED, code: TEST-001} @ http://localhost:3000/_next/static/chunks/node_modules_next_dist_0bc8q4g._.js:1233
[    9942ms] [LOG] !!!section {id: 721ac42d-575d-426f-bde4-aa604647cd9c, name: Test Section, description: null, status: PUBLISHED, code: TEST-001} @ http://localhost:3000/_next/static/chunks/node_modules_next_dist_0bc8q4g._.js:1233
[    9961ms] [LOG] !!!section {id: ce07b087-6fcd-4e1b-8ece-6a9a515e92e3, name: Section 2, description: null, status: PUBLISHED, code: S2} @ http://localhost:3000/_next/static/chunks/node_modules_next_dist_0bc8q4g._.js:1233
[    9976ms] [LOG] !!!section {id: b283d62f-d737-420f-a056-9c58f4479129, name: Original Section Name, description: Original description, status: DRAFT, code: ORIG-001} @ http://localhost:3000/_next/static/chunks/node_modules_next_dist_0bc8q4g._.js:1233
[    9978ms] [LOG] !!!section {id: dfab9461-9053-4a22-94f2-cc948185420e, name: Test Section, description: null, status: PUBLISHED, code: TEST-001} @ http://localhost:3000/_next/static/chunks/node_modules_next_dist_0bc8q4g._.js:1233
[    9979ms] [LOG] !!!section {id: 163c8180-e408-421f-b1de-7fafc01dbb20, name: Test Section, description: null, status: PUBLISHED, code: TEST-001} @ http://localhost:3000/_next/static/chunks/node_modules_next_dist_0bc8q4g._.js:1233
[    9992ms] [LOG] !!!section {id: a5be67ff-933a-45e7-a7fa-2730bdbcd286, name: Test Section, description: null, status: PUBLISHED, code: TEST-001} @ http://localhost:3000/_next/static/chunks/node_modules_next_dist_0bc8q4g._.js:1233
[    9994ms] [LOG] !!!section {id: 31bfc515-2692-49ea-b688-cd1955f53a5c, name: Test Section, description: null, status: PUBLISHED, code: TEST-001} @ http://localhost:3000/_next/static/chunks/node_modules_next_dist_0bc8q4g._.js:1233
[   10009ms] [LOG] !!!section {id: 5ae5a18a-73f8-42d5-8a68-026aab750c41, name: Grade Test Section, description: null, status: PUBLISHED, code: GRADE-TEST} @ http://localhost:3000/_next/static/chunks/node_modules_next_dist_0bc8q4g._.js:1233
[   10011ms] [LOG] !!!section {id: 499fdec3-da8d-4ef4-92d8-291d0cbd2fab, name: Temporary Section, description: null, status: DRAFT, code: TEMP-001} @ http://localhost:3000/_next/static/chunks/node_modules_next_dist_0bc8q4g._.js:1233
[   10012ms] [LOG] !!!section {id: 84427f7a-75f9-474a-b7b1-2839ac657737, name: Original Section Name, description: Original description, status: DRAFT, code: ORIG-001} @ http://localhost:3000/_next/static/chunks/node_modules_next_dist_0bc8q4g._.js:1233
[   10026ms] [LOG] !!!section {id: db7919cc-2bf4-43db-acc9-559aebba73ed, name: Test Section, description: null, status: PUBLISHED, code: TEST-001} @ http://localhost:3000/_next/static/chunks/node_modules_next_dist_0bc8q4g._.js:1233
[   10028ms] [LOG] !!!section {id: 340113f1-94d9-473a-8528-228b8dca613d, name: Original Section Name, description: Original description, status: DRAFT, code: ORIG-001} @ http://localhost:3000/_next/static/chunks/node_modules_next_dist_0bc8q4g._.js:1233
[   10042ms] [LOG] !!!section {id: 36629e2a-d5da-4bf4-85c4-3aa9b27c65c7, name: Biology 101, description: Intro to Biology, status: PUBLISHED, code: BIO101} @ http://localhost:3000/_next/static/chunks/node_modules_next_dist_0bc8q4g._.js:1233
[   10043ms] [LOG] !!!section {id: 6725abf3-d692-40cd-9658-00c68b2f5ba4, name: Test Section, description: null, status: PUBLISHED, code: TEST-001} @ http://localhost:3000/_next/static/chunks/node_modules_next_dist_0bc8q4g._.js:1233
[   10046ms] [LOG] !!!section {id: 76990e7b-682c-44f5-82f5-1de4221deb80, name: Test Section, description: null, status: PUBLISHED, code: TEST-001} @ http://localhost:3000/_next/static/chunks/node_modules_next_dist_0bc8q4g._.js:1233
[   10058ms] [LOG] !!!section {id: fbe39c35-7869-4327-92b8-f250013ca5ec, name: Japanese 101 - Spring 2026, description: Beginner Japanese conversation course, status: PUBLISHED, code: 155E99} @ http://localhost:3000/_next/static/chunks/node_modules_next_dist_0bc8q4g._.js:1233
[   10061ms] [LOG] !!!section {id: 19ec384c-5eb7-4e0e-866b-3337e09d0f9e, name: Grade Test Section, description: null, status: PUBLISHED, code: GRADE-TEST} @ http://localhost:3000/_next/static/chunks/node_modules_next_dist_0bc8q4g._.js:1233
[   10063ms] [LOG] !!!section {id: dd6a79ba-c532-4342-bf2c-796440baadd4, name: Section 2, description: null, status: PUBLISHED, code: S2} @ http://localhost:3000/_next/static/chunks/node_modules_next_dist_0bc8q4g._.js:1233
[   10111ms] [LOG] !!!section {id: e23ab46c-a060-41aa-8e07-a6b4c18cc792, name: Japanese 101 - Spring 2026, description: Beginner Japanese conversation course, status: PUBLISHED, code: MOJKQL} @ http://localhost:3000/_next/static/chunks/node_modules_next_dist_0bc8q4g._.js:1233
[   10125ms] [LOG] !!!section {id: e584b66b-d3a2-4018-a621-040e2c4131c9, name: Test Section, description: null, status: PUBLISHED, code: TEST-001} @ http://localhost:3000/_next/static/chunks/node_modules_next_dist_0bc8q4g._.js:1233
[   10130ms] [LOG] !!!section {id: da00f42c-71b5-44e6-a86e-f56a0d833a5f, name: Test Section, description: null, status: PUBLISHED, code: TEST-001} @ http://localhost:3000/_next/static/chunks/node_modules_next_dist_0bc8q4g._.js:1233
[   10143ms] [LOG] !!!section {id: 4bd499b1-c875-4a07-b7c7-d95bbf5f88e0, name: Biology 101, description: Intro to Biology, status: PUBLISHED, code: BIO101} @ http://localhost:3000/_next/static/chunks/node_modules_next_dist_0bc8q4g._.js:1233
[   10145ms] [LOG] !!!section {id: 863ed865-a2d6-4688-951c-3397eb1e5cd4, name: Test Section, description: null, status: PUBLISHED, code: TEST-001} @ http://localhost:3000/_next/static/chunks/node_modules_next_dist_0bc8q4g._.js:1233
[   10146ms] [LOG] !!!section {id: f5d362dc-7565-45ab-8f8b-30f7da60af74, name: Section 2, description: null, status: PUBLISHED, code: S2} @ http://localhost:3000/_next/static/chunks/node_modules_next_dist_0bc8q4g._.js:1233
[   10158ms] [LOG] !!!section {id: f6ef8547-c14f-4f81-8916-5b3a028131c0, name: Biology 101, description: Intro to Biology, status: PUBLISHED, code: BIO101} @ http://localhost:3000/_next/static/chunks/node_modules_next_dist_0bc8q4g._.js:1233
[   10160ms] [LOG] !!!section {id: 9d18094f-e3b7-4971-8cec-9e4c60ff59ec, name: Test Section, description: null, status: PUBLISHED, code: TEST-001} @ http://localhost:3000/_next/static/chunks/node_modules_next_dist_0bc8q4g._.js:1233
[   10162ms] [LOG] !!!section {id: 2ae9063e-f6a8-469c-9cd0-28cdee36ed26, name: E2E Test Section 1774368275525, description: Comprehensive E2E test section for complete workflow, status: PUBLISHED, code: 6NGKL2} @ http://localhost:3000/_next/static/chunks/node_modules_next_dist_0bc8q4g._.js:1233
[   17559ms] [INFO] %cDownload the React DevTools for a better development experience: https://reactjs.org/link/react-devtools font-weight:bold @ http://localhost:3000/_next/static/chunks/node_modules_react-dom_cjs_react-dom_development_07i0ttg.js:25055
[   19897ms] [LOG] [HMR] connected @ http://localhost:3000/_next/static/chunks/node_modules_next_dist_0bc8q4g._.js:1233
[   19967ms] [INFO] 🌐 i18next is made possible by our own product, Locize — consider powering your project with managed localization (AI, CDN, integrations): https://locize.com 💙 @ http://localhost:3000/_next/static/chunks/node_modules_next_dist_0bc8q4g._.js:1233
[   22438ms] [LOG] [ChatSidebar] Registered client-side tools: [search_content, create_section, create_unit, create_assignment, add_timer_to_unit, create_vocabulary_word, create_question, list_sections, list_units, get_unit_details, update_unit, delete_assignment, start_practice_drill] @ http://localhost:3000/_next/static/chunks/node_modules_next_dist_0bc8q4g._.js:1233
[   22457ms] [LOG] [ChatSidebar] Registered client-side tools: [search_content, create_section, create_unit, create_assignment, add_timer_to_unit, create_vocabulary_word, create_question, list_sections, list_units, get_unit_details, update_unit, delete_assignment, start_practice_drill] @ http://localhost:3000/_next/static/chunks/node_modules_next_dist_0bc8q4g._.js:1233
[   23039ms] [LOG] [chatTools] Vector store search function registered: true @ http://localhost:3000/_next/static/chunks/node_modules_next_dist_0bc8q4g._.js:1233
[   23040ms] [LOG] [ChatSidebar] Registered vector store search, isReady: false @ http://localhost:3000/_next/static/chunks/node_modules_next_dist_0bc8q4g._.js:1233
[   23041ms] [LOG] [chatTools] Practice drill callback registered: true @ http://localhost:3000/_next/static/chunks/node_modules_next_dist_0bc8q4g._.js:1233
[   23059ms] [LOG] [TourContext] Initializing tour system with 9 tasks @ http://localhost:3000/_next/static/chunks/node_modules_next_dist_0bc8q4g._.js:1233
[   23071ms] [LOG] [chatTools] Tour tasks data registered: 9 tasks @ http://localhost:3000/_next/static/chunks/node_modules_next_dist_0bc8q4g._.js:1233
[   23072ms] [LOG] [TourContext] Exposing tour methods to window for testing @ http://localhost:3000/_next/static/chunks/node_modules_next_dist_0bc8q4g._.js:1233
[   23072ms] [LOG] [ChatContext] Setting up AssistantChat subscriptions @ http://localhost:3000/_next/static/chunks/node_modules_next_dist_0bc8q4g._.js:1233
[   23076ms] [LOG] [ChatContext] Waiting for subscription to initialize @ http://localhost:3000/_next/static/chunks/node_modules_next_dist_0bc8q4g._.js:1233
[   23087ms] [LOG] [SettingsContext] Setting up Settings subscription for user: e408f488-d061-70bc-1ee2-c5de8adf79f5 @ http://localhost:3000/_next/static/chunks/node_modules_next_dist_0bc8q4g._.js:1233
[   23090ms] [LOG] [chatTools] Vector store search function registered: false @ http://localhost:3000/_next/static/chunks/node_modules_next_dist_0bc8q4g._.js:1233
[   23091ms] [LOG] [chatTools] Practice drill callback registered: false @ http://localhost:3000/_next/static/chunks/node_modules_next_dist_0bc8q4g._.js:1233
[   23092ms] [LOG] [ChatContext] Cleaning up subscriptions @ http://localhost:3000/_next/static/chunks/node_modules_next_dist_0bc8q4g._.js:1233
[   23108ms] [LOG] [chatTools] Vector store search function registered: true @ http://localhost:3000/_next/static/chunks/node_modules_next_dist_0bc8q4g._.js:1233
[   23110ms] [LOG] [ChatSidebar] Registered vector store search, isReady: false @ http://localhost:3000/_next/static/chunks/node_modules_next_dist_0bc8q4g._.js:1233
[   23121ms] [LOG] [chatTools] Practice drill callback registered: true @ http://localhost:3000/_next/static/chunks/node_modules_next_dist_0bc8q4g._.js:1233
[   23123ms] [LOG] [TourContext] Initializing tour system with 9 tasks @ http://localhost:3000/_next/static/chunks/node_modules_next_dist_0bc8q4g._.js:1233
[   23124ms] [LOG] [chatTools] Tour tasks data registered: 9 tasks @ http://localhost:3000/_next/static/chunks/node_modules_next_dist_0bc8q4g._.js:1233
[   23125ms] [LOG] [TourContext] Exposing tour methods to window for testing @ http://localhost:3000/_next/static/chunks/node_modules_next_dist_0bc8q4g._.js:1233
[   23137ms] [LOG] [ChatContext] Setting up AssistantChat subscriptions @ http://localhost:3000/_next/static/chunks/node_modules_next_dist_0bc8q4g._.js:1233
[   23139ms] [LOG] [ChatContext] Waiting for subscription to initialize @ http://localhost:3000/_next/static/chunks/node_modules_next_dist_0bc8q4g._.js:1233
[   23139ms] [LOG] [SettingsContext] Setting up Settings subscription for user: e408f488-d061-70bc-1ee2-c5de8adf79f5 @ http://localhost:3000/_next/static/chunks/node_modules_next_dist_0bc8q4g._.js:1233
[   23426ms] [LOG] [SectionContext] useEffect triggered {authLoading: false, hasUser: true, userSub: e408f488-d061-70bc-1ee2-c5de8adf79f5} @ http://localhost:3000/_next/static/chunks/node_modules_next_dist_0bc8q4g._.js:1233
[   23438ms] [LOG] [SectionContext] Fetching sections for userId: e408f488-d061-70bc-1ee2-c5de8adf79f5 @ http://localhost:3000/_next/static/chunks/node_modules_next_dist_0bc8q4g._.js:1233
[   23440ms] [LOG] [SectionContext] Cleaning up subscriptions @ http://localhost:3000/_next/static/chunks/node_modules_next_dist_0bc8q4g._.js:1233
[   23489ms] [LOG] [SectionContext] useEffect triggered {authLoading: false, hasUser: true, userSub: e408f488-d061-70bc-1ee2-c5de8adf79f5} @ http://localhost:3000/_next/static/chunks/node_modules_next_dist_0bc8q4g._.js:1233
[   23491ms] [LOG] [SectionContext] Fetching sections for userId: e408f488-d061-70bc-1ee2-c5de8adf79f5 @ http://localhost:3000/_next/static/chunks/node_modules_next_dist_0bc8q4g._.js:1233
[   24461ms] [LOG] [ChatContext] AssistantChat initialized with 8 chats @ http://localhost:3000/_next/static/chunks/node_modules_next_dist_0bc8q4g._.js:1233
[   24462ms] [LOG] [ChatContext] Setting initial chat: ce07047a-4d1e-4a79-a195-33c4f95fd90d @ http://localhost:3000/_next/static/chunks/node_modules_next_dist_0bc8q4g._.js:1233
[   24775ms] [LOG] [ChatSidebar] Loading messages for chat: ce07047a-4d1e-4a79-a195-33c4f95fd90d count: 0 @ http://localhost:3000/_next/static/chunks/node_modules_next_dist_0bc8q4g._.js:1233
[   24776ms] [LOG] [ChatSidebar] deepCloneMessages: returning empty array @ http://localhost:3000/_next/static/chunks/node_modules_next_dist_0bc8q4g._.js:1233
[   24778ms] [LOG] [ChatContext] Chat exists and not archived, skipping creation @ http://localhost:3000/_next/static/chunks/node_modules_next_dist_0bc8q4g._.js:1233
[   27119ms] [LOG] [SectionContext] Initial sections: 100 @ http://localhost:3000/_next/static/chunks/node_modules_next_dist_0bc8q4g._.js:1233
