[  256479ms] [INFO] %cDownload the React DevTools for a better development experience: https://reactjs.org/link/react-devtools font-weight:bold @ http://localhost:3000/_next/static/chunks/node_modules_react-dom_cjs_react-dom_development_07i0ttg.js:25055
[  261626ms] [LOG] [HMR] connected @ http://localhost:3000/_next/static/chunks/node_modules_next_dist_0bc8q4g._.js:1233
[  262140ms] [INFO] 🌐 i18next is made possible by our own product, Locize — consider powering your project with managed localization (AI, CDN, integrations): https://locize.com 💙 @ http://localhost:3000/_next/static/chunks/node_modules_next_dist_0bc8q4g._.js:1233
[  263162ms] [LOG] [Fast Refresh] rebuilding @ http://localhost:3000/_next/static/chunks/node_modules_next_dist_0bc8q4g._.js:1233
[  266452ms] [LOG] [ChatSidebar] Registered client-side tools: [search_content, create_section, create_unit, create_assignment, add_timer_to_unit, create_vocabulary_word, create_question, list_sections, list_units, get_unit_details, update_unit, delete_assignment, start_practice_drill] @ http://localhost:3000/_next/static/chunks/node_modules_next_dist_0bc8q4g._.js:1233
[  266618ms] [LOG] [ChatSidebar] Registered client-side tools: [search_content, create_section, create_unit, create_assignment, add_timer_to_unit, create_vocabulary_word, create_question, list_sections, list_units, get_unit_details, update_unit, delete_assignment, start_practice_drill] @ http://localhost:3000/_next/static/chunks/node_modules_next_dist_0bc8q4g._.js:1233
[  268156ms] [LOG] [chatTools] Vector store search function registered: true @ http://localhost:3000/_next/static/chunks/node_modules_next_dist_0bc8q4g._.js:1233
[  268192ms] [LOG] [ChatSidebar] Registered vector store search, isReady: false @ http://localhost:3000/_next/static/chunks/node_modules_next_dist_0bc8q4g._.js:1233
[  268222ms] [LOG] [chatTools] Practice drill callback registered: true @ http://localhost:3000/_next/static/chunks/node_modules_next_dist_0bc8q4g._.js:1233
[  268240ms] [LOG] [TourContext] Initializing tour system with 9 tasks @ http://localhost:3000/_next/static/chunks/node_modules_next_dist_0bc8q4g._.js:1233
[  268241ms] [LOG] [chatTools] Tour tasks data registered: 9 tasks @ http://localhost:3000/_next/static/chunks/node_modules_next_dist_0bc8q4g._.js:1233
[  268254ms] [LOG] [TourContext] Exposing tour methods to window for testing @ http://localhost:3000/_next/static/chunks/node_modules_next_dist_0bc8q4g._.js:1233
[  268256ms] [LOG] [ChatContext] Setting up AssistantChat subscriptions @ http://localhost:3000/_next/static/chunks/node_modules_next_dist_0bc8q4g._.js:1233
[  268389ms] [LOG] [ChatContext] Waiting for subscription to initialize @ http://localhost:3000/_next/static/chunks/node_modules_next_dist_0bc8q4g._.js:1233
[  268392ms] [LOG] [SettingsContext] Setting up Settings subscription for user: e408f488-d061-70bc-1ee2-c5de8adf79f5 @ http://localhost:3000/_next/static/chunks/node_modules_next_dist_0bc8q4g._.js:1233
[  268409ms] [LOG] [chatTools] Vector store search function registered: false @ http://localhost:3000/_next/static/chunks/node_modules_next_dist_0bc8q4g._.js:1233
[  268409ms] [LOG] [chatTools] Practice drill callback registered: false @ http://localhost:3000/_next/static/chunks/node_modules_next_dist_0bc8q4g._.js:1233
[  268422ms] [LOG] [ChatContext] Cleaning up subscriptions @ http://localhost:3000/_next/static/chunks/node_modules_next_dist_0bc8q4g._.js:1233
[  268441ms] [LOG] [chatTools] Vector store search function registered: true @ http://localhost:3000/_next/static/chunks/node_modules_next_dist_0bc8q4g._.js:1233
[  268442ms] [LOG] [ChatSidebar] Registered vector store search, isReady: false @ http://localhost:3000/_next/static/chunks/node_modules_next_dist_0bc8q4g._.js:1233
[  268456ms] [LOG] [chatTools] Practice drill callback registered: true @ http://localhost:3000/_next/static/chunks/node_modules_next_dist_0bc8q4g._.js:1233
[  268460ms] [LOG] [TourContext] Initializing tour system with 9 tasks @ http://localhost:3000/_next/static/chunks/node_modules_next_dist_0bc8q4g._.js:1233
[  268472ms] [LOG] [chatTools] Tour tasks data registered: 9 tasks @ http://localhost:3000/_next/static/chunks/node_modules_next_dist_0bc8q4g._.js:1233
[  268473ms] [LOG] [TourContext] Exposing tour methods to window for testing @ http://localhost:3000/_next/static/chunks/node_modules_next_dist_0bc8q4g._.js:1233
[  268475ms] [LOG] [ChatContext] Setting up AssistantChat subscriptions @ http://localhost:3000/_next/static/chunks/node_modules_next_dist_0bc8q4g._.js:1233
[  268493ms] [LOG] [ChatContext] Waiting for subscription to initialize @ http://localhost:3000/_next/static/chunks/node_modules_next_dist_0bc8q4g._.js:1233
[  268508ms] [LOG] [SettingsContext] Setting up Settings subscription for user: e408f488-d061-70bc-1ee2-c5de8adf79f5 @ http://localhost:3000/_next/static/chunks/node_modules_next_dist_0bc8q4g._.js:1233
[  269008ms] [LOG] [Index] Component render, user: undefined @ http://localhost:3000/_next/static/chunks/node_modules_next_dist_0bc8q4g._.js:1233
[  269025ms] [LOG] Grades.grades [] @ http://localhost:3000/_next/static/chunks/node_modules_next_dist_0bc8q4g._.js:1233
[  269042ms] [LOG] [Index] Component render, user: undefined @ http://localhost:3000/_next/static/chunks/node_modules_next_dist_0bc8q4g._.js:1233
[  269044ms] [LOG] Grades.grades [] @ http://localhost:3000/_next/static/chunks/node_modules_next_dist_0bc8q4g._.js:1233
[  270828ms] [LOG] [useChatPageContext] Registering page context: {hasUnit: false, filesCount: 0, dictionaryCount: 0, questionsCount: 0, sectionsCount: 0} @ http://localhost:3000/_next/static/chunks/node_modules_next_dist_0bc8q4g._.js:1233
[  270832ms] [LOG] [Index] Section useEffect triggered, myUserId: undefined @ http://localhost:3000/_next/static/chunks/node_modules_next_dist_0bc8q4g._.js:1233
[  270845ms] [LOG] [Index] Unit useEffect: waiting for user authentication @ http://localhost:3000/_next/static/chunks/node_modules_next_dist_0bc8q4g._.js:1233
[  270849ms] [LOG] [FilesContext] Initializing vector store from IndexedDB @ http://localhost:3000/_next/static/chunks/node_modules_next_dist_0bc8q4g._.js:1233
[  270928ms] [LOG] [FilesContext] fetchFiles called @ http://localhost:3000/_next/static/chunks/node_modules_next_dist_0bc8q4g._.js:1233
[  270931ms] [LOG] [FilesContext] User authenticated: e408f488-d061-70bc-1ee2-c5de8adf79f5 @ http://localhost:3000/_next/static/chunks/node_modules_next_dist_0bc8q4g._.js:1233
[  270932ms] [LOG] [FilesContext] Identity ID: us-east-1:b0eadde9-f0ae-c706-172f-f27e23bff588 @ http://localhost:3000/_next/static/chunks/node_modules_next_dist_0bc8q4g._.js:1233
[  270947ms] [LOG] [FilesContext] About to set up File observeQuery @ http://localhost:3000/_next/static/chunks/node_modules_next_dist_0bc8q4g._.js:1233
[  271367ms] [LOG] [useChatPageContext] Cleaning up page context @ http://localhost:3000/_next/static/chunks/node_modules_next_dist_0bc8q4g._.js:1233
[  271446ms] [LOG] [useChatPageContext] Registering page context: {hasUnit: false, filesCount: 0, dictionaryCount: 0, questionsCount: 0, sectionsCount: 0} @ http://localhost:3000/_next/static/chunks/node_modules_next_dist_0bc8q4g._.js:1233
[  271448ms] [LOG] [Index] Section useEffect triggered, myUserId: undefined @ http://localhost:3000/_next/static/chunks/node_modules_next_dist_0bc8q4g._.js:1233
[  271449ms] [LOG] [Index] Unit useEffect: waiting for user authentication @ http://localhost:3000/_next/static/chunks/node_modules_next_dist_0bc8q4g._.js:1233
[  271450ms] [LOG] [FilesContext] Initializing vector store from IndexedDB @ http://localhost:3000/_next/static/chunks/node_modules_next_dist_0bc8q4g._.js:1233
[  271463ms] [LOG] [FilesContext] fetchFiles called @ http://localhost:3000/_next/static/chunks/node_modules_next_dist_0bc8q4g._.js:1233
[  271464ms] [LOG] [FilesContext] User authenticated: e408f488-d061-70bc-1ee2-c5de8adf79f5 @ http://localhost:3000/_next/static/chunks/node_modules_next_dist_0bc8q4g._.js:1233
[  271465ms] [LOG] [FilesContext] Identity ID: us-east-1:b0eadde9-f0ae-c706-172f-f27e23bff588 @ http://localhost:3000/_next/static/chunks/node_modules_next_dist_0bc8q4g._.js:1233
[  271466ms] [LOG] [FilesContext] About to set up File observeQuery @ http://localhost:3000/_next/static/chunks/node_modules_next_dist_0bc8q4g._.js:1233
[  273187ms] [LOG] [Index] Component render, user: undefined @ http://localhost:3000/_next/static/chunks/node_modules_next_dist_0bc8q4g._.js:1233
[  273200ms] [LOG] Grades.grades [] @ http://localhost:3000/_next/static/chunks/node_modules_next_dist_0bc8q4g._.js:1233
[  273205ms] [LOG] [Index] Component render, user: undefined @ http://localhost:3000/_next/static/chunks/node_modules_next_dist_0bc8q4g._.js:1233
[  273219ms] [LOG] Grades.grades [] @ http://localhost:3000/_next/static/chunks/node_modules_next_dist_0bc8q4g._.js:1233
[  274521ms] [LOG] [Index] Component render, user: undefined @ http://localhost:3000/_next/static/chunks/node_modules_next_dist_0bc8q4g._.js:1233
[  274522ms] [LOG] Grades.grades [] @ http://localhost:3000/_next/static/chunks/node_modules_next_dist_0bc8q4g._.js:1233
[  274525ms] [LOG] [Index] Component render, user: undefined @ http://localhost:3000/_next/static/chunks/node_modules_next_dist_0bc8q4g._.js:1233
[  274537ms] [LOG] Grades.grades [] @ http://localhost:3000/_next/static/chunks/node_modules_next_dist_0bc8q4g._.js:1233
[  277898ms] [INFO] %cDownload the React DevTools for a better development experience: https://reactjs.org/link/react-devtools font-weight:bold @ http://localhost:3000/_next/static/chunks/node_modules_react-dom_cjs_react-dom_development_07i0ttg.js:25055
[  280205ms] [LOG] [HMR] connected @ http://localhost:3000/_next/static/chunks/node_modules_next_dist_0bc8q4g._.js:1233
[  280433ms] [INFO] 🌐 i18next is made possible by our own product, Locize — consider powering your project with managed localization (AI, CDN, integrations): https://locize.com 💙 @ http://localhost:3000/_next/static/chunks/node_modules_next_dist_0bc8q4g._.js:1233
[  282725ms] [LOG] [ChatSidebar] Registered client-side tools: [search_content, create_section, create_unit, create_assignment, add_timer_to_unit, create_vocabulary_word, create_question, list_sections, list_units, get_unit_details, update_unit, delete_assignment, start_practice_drill] @ http://localhost:3000/_next/static/chunks/node_modules_next_dist_0bc8q4g._.js:1233
[  282742ms] [LOG] [ChatSidebar] Registered client-side tools: [search_content, create_section, create_unit, create_assignment, add_timer_to_unit, create_vocabulary_word, create_question, list_sections, list_units, get_unit_details, update_unit, delete_assignment, start_practice_drill] @ http://localhost:3000/_next/static/chunks/node_modules_next_dist_0bc8q4g._.js:1233
[  283092ms] [LOG] [chatTools] Vector store search function registered: true @ http://localhost:3000/_next/static/chunks/node_modules_next_dist_0bc8q4g._.js:1233
[  283093ms] [LOG] [ChatSidebar] Registered vector store search, isReady: false @ http://localhost:3000/_next/static/chunks/node_modules_next_dist_0bc8q4g._.js:1233
[  283094ms] [LOG] [chatTools] Practice drill callback registered: true @ http://localhost:3000/_next/static/chunks/node_modules_next_dist_0bc8q4g._.js:1233
[  283109ms] [LOG] [TourContext] Initializing tour system with 9 tasks @ http://localhost:3000/_next/static/chunks/node_modules_next_dist_0bc8q4g._.js:1233
[  283110ms] [LOG] [chatTools] Tour tasks data registered: 9 tasks @ http://localhost:3000/_next/static/chunks/node_modules_next_dist_0bc8q4g._.js:1233
[  283111ms] [LOG] [TourContext] Exposing tour methods to window for testing @ http://localhost:3000/_next/static/chunks/node_modules_next_dist_0bc8q4g._.js:1233
[  283112ms] [LOG] [ChatContext] Setting up AssistantChat subscriptions @ http://localhost:3000/_next/static/chunks/node_modules_next_dist_0bc8q4g._.js:1233
[  283126ms] [LOG] [ChatContext] Waiting for subscription to initialize @ http://localhost:3000/_next/static/chunks/node_modules_next_dist_0bc8q4g._.js:1233
[  283127ms] [LOG] [SettingsContext] Setting up Settings subscription for user: e408f488-d061-70bc-1ee2-c5de8adf79f5 @ http://localhost:3000/_next/static/chunks/node_modules_next_dist_0bc8q4g._.js:1233
[  283141ms] [LOG] [chatTools] Vector store search function registered: false @ http://localhost:3000/_next/static/chunks/node_modules_next_dist_0bc8q4g._.js:1233
[  283142ms] [LOG] [chatTools] Practice drill callback registered: false @ http://localhost:3000/_next/static/chunks/node_modules_next_dist_0bc8q4g._.js:1233
[  283143ms] [LOG] [ChatContext] Cleaning up subscriptions @ http://localhost:3000/_next/static/chunks/node_modules_next_dist_0bc8q4g._.js:1233
[  283162ms] [LOG] [chatTools] Vector store search function registered: true @ http://localhost:3000/_next/static/chunks/node_modules_next_dist_0bc8q4g._.js:1233
[  283174ms] [LOG] [ChatSidebar] Registered vector store search, isReady: false @ http://localhost:3000/_next/static/chunks/node_modules_next_dist_0bc8q4g._.js:1233
[  283175ms] [LOG] [chatTools] Practice drill callback registered: true @ http://localhost:3000/_next/static/chunks/node_modules_next_dist_0bc8q4g._.js:1233
[  283177ms] [LOG] [TourContext] Initializing tour system with 9 tasks @ http://localhost:3000/_next/static/chunks/node_modules_next_dist_0bc8q4g._.js:1233
[  283177ms] [LOG] [chatTools] Tour tasks data registered: 9 tasks @ http://localhost:3000/_next/static/chunks/node_modules_next_dist_0bc8q4g._.js:1233
[  283178ms] [LOG] [TourContext] Exposing tour methods to window for testing @ http://localhost:3000/_next/static/chunks/node_modules_next_dist_0bc8q4g._.js:1233
[  283179ms] [LOG] [ChatContext] Setting up AssistantChat subscriptions @ http://localhost:3000/_next/static/chunks/node_modules_next_dist_0bc8q4g._.js:1233
[  283192ms] [LOG] [ChatContext] Waiting for subscription to initialize @ http://localhost:3000/_next/static/chunks/node_modules_next_dist_0bc8q4g._.js:1233
[  283193ms] [LOG] [SettingsContext] Setting up Settings subscription for user: e408f488-d061-70bc-1ee2-c5de8adf79f5 @ http://localhost:3000/_next/static/chunks/node_modules_next_dist_0bc8q4g._.js:1233
[  283276ms] [LOG] [Index] Component render, user: undefined @ http://localhost:3000/_next/static/chunks/node_modules_next_dist_0bc8q4g._.js:1233
[  283277ms] [LOG] Grades.grades [] @ http://localhost:3000/_next/static/chunks/node_modules_next_dist_0bc8q4g._.js:1233
[  283291ms] [LOG] [Index] Component render, user: undefined @ http://localhost:3000/_next/static/chunks/node_modules_next_dist_0bc8q4g._.js:1233
[  283292ms] [LOG] Grades.grades [] @ http://localhost:3000/_next/static/chunks/node_modules_next_dist_0bc8q4g._.js:1233
[  283742ms] [LOG] [useChatPageContext] Registering page context: {hasUnit: false, filesCount: 0, dictionaryCount: 0, questionsCount: 0, sectionsCount: 0} @ http://localhost:3000/_next/static/chunks/node_modules_next_dist_0bc8q4g._.js:1233
[  283744ms] [LOG] [Index] Section useEffect triggered, myUserId: undefined @ http://localhost:3000/_next/static/chunks/node_modules_next_dist_0bc8q4g._.js:1233
[  283746ms] [LOG] [Index] Unit useEffect: waiting for user authentication @ http://localhost:3000/_next/static/chunks/node_modules_next_dist_0bc8q4g._.js:1233
[  283746ms] [LOG] [FilesContext] Initializing vector store from IndexedDB @ http://localhost:3000/_next/static/chunks/node_modules_next_dist_0bc8q4g._.js:1233
[  283775ms] [LOG] [FilesContext] fetchFiles called @ http://localhost:3000/_next/static/chunks/node_modules_next_dist_0bc8q4g._.js:1233
[  283777ms] [LOG] [FilesContext] User authenticated: e408f488-d061-70bc-1ee2-c5de8adf79f5 @ http://localhost:3000/_next/static/chunks/node_modules_next_dist_0bc8q4g._.js:1233
[  283778ms] [LOG] [FilesContext] Identity ID: us-east-1:b0eadde9-f0ae-c706-172f-f27e23bff588 @ http://localhost:3000/_next/static/chunks/node_modules_next_dist_0bc8q4g._.js:1233
[  283779ms] [LOG] [FilesContext] About to set up File observeQuery @ http://localhost:3000/_next/static/chunks/node_modules_next_dist_0bc8q4g._.js:1233
[  283894ms] [LOG] [useChatPageContext] Cleaning up page context @ http://localhost:3000/_next/static/chunks/node_modules_next_dist_0bc8q4g._.js:1233
[  283897ms] [LOG] [useChatPageContext] Registering page context: {hasUnit: false, filesCount: 0, dictionaryCount: 0, questionsCount: 0, sectionsCount: 0} @ http://localhost:3000/_next/static/chunks/node_modules_next_dist_0bc8q4g._.js:1233
[  283908ms] [LOG] [Index] Section useEffect triggered, myUserId: undefined @ http://localhost:3000/_next/static/chunks/node_modules_next_dist_0bc8q4g._.js:1233
[  283909ms] [LOG] [Index] Unit useEffect: waiting for user authentication @ http://localhost:3000/_next/static/chunks/node_modules_next_dist_0bc8q4g._.js:1233
[  283910ms] [LOG] [FilesContext] Initializing vector store from IndexedDB @ http://localhost:3000/_next/static/chunks/node_modules_next_dist_0bc8q4g._.js:1233
[  283911ms] [LOG] [FilesContext] fetchFiles called @ http://localhost:3000/_next/static/chunks/node_modules_next_dist_0bc8q4g._.js:1233
[  283912ms] [LOG] [FilesContext] User authenticated: e408f488-d061-70bc-1ee2-c5de8adf79f5 @ http://localhost:3000/_next/static/chunks/node_modules_next_dist_0bc8q4g._.js:1233
[  283913ms] [LOG] [FilesContext] Identity ID: us-east-1:b0eadde9-f0ae-c706-172f-f27e23bff588 @ http://localhost:3000/_next/static/chunks/node_modules_next_dist_0bc8q4g._.js:1233
[  283914ms] [LOG] [FilesContext] About to set up File observeQuery @ http://localhost:3000/_next/static/chunks/node_modules_next_dist_0bc8q4g._.js:1233
[  284764ms] [LOG] [Index] Component render, user: undefined @ http://localhost:3000/_next/static/chunks/node_modules_next_dist_0bc8q4g._.js:1233
[  284765ms] [LOG] Grades.grades [] @ http://localhost:3000/_next/static/chunks/node_modules_next_dist_0bc8q4g._.js:1233
[  284778ms] [LOG] [Index] Component render, user: undefined @ http://localhost:3000/_next/static/chunks/node_modules_next_dist_0bc8q4g._.js:1233
[  284779ms] [LOG] Grades.grades [] @ http://localhost:3000/_next/static/chunks/node_modules_next_dist_0bc8q4g._.js:1233
[  285631ms] [LOG] [Index] Component render, user: undefined @ http://localhost:3000/_next/static/chunks/node_modules_next_dist_0bc8q4g._.js:1233
[  285631ms] [LOG] Grades.grades [] @ http://localhost:3000/_next/static/chunks/node_modules_next_dist_0bc8q4g._.js:1233
[  285634ms] [LOG] [Index] Component render, user: undefined @ http://localhost:3000/_next/static/chunks/node_modules_next_dist_0bc8q4g._.js:1233
[  285646ms] [LOG] Grades.grades [] @ http://localhost:3000/_next/static/chunks/node_modules_next_dist_0bc8q4g._.js:1233
[  286198ms] [LOG] [ChatContext] AssistantChat initialized with 9 chats @ http://localhost:3000/_next/static/chunks/node_modules_next_dist_0bc8q4g._.js:1233
[  286200ms] [LOG] [ChatContext] Setting initial chat: 6529ffda-1c98-4577-9489-996d37c4cbb8 @ http://localhost:3000/_next/static/chunks/node_modules_next_dist_0bc8q4g._.js:1233
[  286265ms] [LOG] [FilesContext] Initial files: 1 @ http://localhost:3000/_next/static/chunks/node_modules_next_dist_0bc8q4g._.js:1233
[  286333ms] [LOG] [FilesContext] Initial files: 1 @ http://localhost:3000/_next/static/chunks/node_modules_next_dist_0bc8q4g._.js:1233
[  286414ms] [LOG] [ChatContext] Cleaning up subscriptions @ http://localhost:3000/_next/static/chunks/node_modules_next_dist_0bc8q4g._.js:1233
[  286416ms] [LOG] [FilesContext] fetchFiles called @ http://localhost:3000/_next/static/chunks/node_modules_next_dist_0bc8q4g._.js:1233
[  286417ms] [LOG] [FilesContext] User authenticated: e408f488-d061-70bc-1ee2-c5de8adf79f5 @ http://localhost:3000/_next/static/chunks/node_modules_next_dist_0bc8q4g._.js:1233
[  286418ms] [LOG] [FilesContext] Identity ID: us-east-1:b0eadde9-f0ae-c706-172f-f27e23bff588 @ http://localhost:3000/_next/static/chunks/node_modules_next_dist_0bc8q4g._.js:1233
[  286430ms] [LOG] [FilesContext] About to set up File observeQuery @ http://localhost:3000/_next/static/chunks/node_modules_next_dist_0bc8q4g._.js:1233
[  286432ms] [LOG] [ChatContext] Setting up AssistantChat subscriptions @ http://localhost:3000/_next/static/chunks/node_modules_next_dist_0bc8q4g._.js:1233
[  286434ms] [LOG] [ChatContext] No current chat available, will create one @ http://localhost:3000/_next/static/chunks/node_modules_next_dist_0bc8q4g._.js:1233
[  286448ms] [LOG] [ChatContext] Creating AssistantChat with user: undefined @ http://localhost:3000/_next/static/chunks/node_modules_next_dist_0bc8q4g._.js:1233
[  286451ms] [LOG] [SettingsContext] Setting up Settings subscription for user: e408f488-d061-70bc-1ee2-c5de8adf79f5 @ http://localhost:3000/_next/static/chunks/node_modules_next_dist_0bc8q4g._.js:1233
[  286567ms] [LOG] [Index] Component render, user: undefined @ http://localhost:3000/_next/static/chunks/node_modules_next_dist_0bc8q4g._.js:1233
[  286568ms] [LOG] Grades.grades [] @ http://localhost:3000/_next/static/chunks/node_modules_next_dist_0bc8q4g._.js:1233
[  286582ms] [LOG] [Index] Component render, user: undefined @ http://localhost:3000/_next/static/chunks/node_modules_next_dist_0bc8q4g._.js:1233
[  286583ms] [LOG] Grades.grades [] @ http://localhost:3000/_next/static/chunks/node_modules_next_dist_0bc8q4g._.js:1233
[  287083ms] [LOG] [FilesContext] Vector store population triggered {isInitialLoad: true, filesCount: 1, currentVectorStoreSize: 0, documentsCount: 1} @ http://localhost:3000/_next/static/chunks/node_modules_next_dist_0bc8q4g._.js:1233
[  287086ms] [LOG] [FilesContext] Vector store population complete - 0 total embeddings @ http://localhost:3000/_next/static/chunks/node_modules_next_dist_0bc8q4g._.js:1233
[  287098ms] [LOG] [ChatContext] Chat exists and not archived, skipping creation @ http://localhost:3000/_next/static/chunks/node_modules_next_dist_0bc8q4g._.js:1233
[  287251ms] [LOG] [Index] Component render, user: undefined @ http://localhost:3000/_next/static/chunks/node_modules_next_dist_0bc8q4g._.js:1233
[  287252ms] [LOG] Grades.grades [] @ http://localhost:3000/_next/static/chunks/node_modules_next_dist_0bc8q4g._.js:1233
[  287254ms] [LOG] [Index] Component render, user: undefined @ http://localhost:3000/_next/static/chunks/node_modules_next_dist_0bc8q4g._.js:1233
[  287266ms] [LOG] Grades.grades [] @ http://localhost:3000/_next/static/chunks/node_modules_next_dist_0bc8q4g._.js:1233
[  287551ms] [LOG] [FilesContext] Initial files: 1 @ http://localhost:3000/_next/static/chunks/node_modules_next_dist_0bc8q4g._.js:1233
[  287569ms] [LOG] [ChatContext] Create result: {hasData: true, hasErrors: false, data: Object, errors: undefined} @ http://localhost:3000/_next/static/chunks/node_modules_next_dist_0bc8q4g._.js:1233
[  287569ms] [LOG] [ChatContext] Created AssistantChat: ba8d53bc-56c8-4885-92ba-42e619b40da6 at: 2026-05-01T13:43:50.845Z @ http://localhost:3000/_next/static/chunks/node_modules_next_dist_0bc8q4g._.js:1233
[  287599ms] [LOG] [Index] Component render, user: undefined @ http://localhost:3000/_next/static/chunks/node_modules_next_dist_0bc8q4g._.js:1233
[  287600ms] [LOG] Grades.grades [] @ http://localhost:3000/_next/static/chunks/node_modules_next_dist_0bc8q4g._.js:1233
[  287602ms] [LOG] [Index] Component render, user: undefined @ http://localhost:3000/_next/static/chunks/node_modules_next_dist_0bc8q4g._.js:1233
[  287603ms] [LOG] Grades.grades [] @ http://localhost:3000/_next/static/chunks/node_modules_next_dist_0bc8q4g._.js:1233
[  288039ms] [LOG] [ChatSidebar] Loading messages for chat: 6529ffda-1c98-4577-9489-996d37c4cbb8 count: 0 @ http://localhost:3000/_next/static/chunks/node_modules_next_dist_0bc8q4g._.js:1233
[  288051ms] [LOG] [ChatSidebar] deepCloneMessages: returning empty array @ http://localhost:3000/_next/static/chunks/node_modules_next_dist_0bc8q4g._.js:1233
[  288053ms] [LOG] [ChatContext] Chat exists and not archived, skipping creation @ http://localhost:3000/_next/static/chunks/node_modules_next_dist_0bc8q4g._.js:1233
[  288153ms] [LOG] [VectorStoreDB] Loaded 0 total embeddings from IndexedDB @ http://localhost:3000/_next/static/chunks/node_modules_next_dist_0bc8q4g._.js:1233
[  288153ms] [LOG] [VectorStore] Loaded 0 embeddings from IndexedDB @ http://localhost:3000/_next/static/chunks/node_modules_next_dist_0bc8q4g._.js:1233
[  288154ms] [LOG] [FilesContext] No cached embeddings found in IndexedDB @ http://localhost:3000/_next/static/chunks/node_modules_next_dist_0bc8q4g._.js:1233
[  288154ms] [LOG] [FilesContext] No cached embeddings found in IndexedDB @ http://localhost:3000/_next/static/chunks/node_modules_next_dist_0bc8q4g._.js:1233
[  335700ms] [LOG] [Fast Refresh] rebuilding @ http://localhost:3000/_next/static/chunks/node_modules_next_dist_0bc8q4g._.js:1233
[  336637ms] [LOG] [Fast Refresh] done in 1036ms @ http://localhost:3000/_next/static/chunks/node_modules_next_dist_0bc8q4g._.js:1233
[  338286ms] [INFO] %cDownload the React DevTools for a better development experience: https://reactjs.org/link/react-devtools font-weight:bold @ http://localhost:3000/_next/static/chunks/node_modules_react-dom_cjs_react-dom_development_07i0ttg.js:25055
[  340460ms] [LOG] [HMR] connected @ http://localhost:3000/_next/static/chunks/node_modules_next_dist_0bc8q4g._.js:1233
[  340526ms] [INFO] 🌐 i18next is made possible by our own product, Locize — consider powering your project with managed localization (AI, CDN, integrations): https://locize.com 💙 @ http://localhost:3000/_next/static/chunks/node_modules_next_dist_0bc8q4g._.js:1233
[  342717ms] [LOG] [ChatSidebar] Registered client-side tools: [search_content, create_section, create_unit, create_assignment, add_timer_to_unit, create_vocabulary_word, create_question, list_sections, list_units, get_unit_details, update_unit, delete_assignment, start_practice_drill] @ http://localhost:3000/_next/static/chunks/node_modules_next_dist_0bc8q4g._.js:1233
[  342734ms] [LOG] [ChatSidebar] Registered client-side tools: [search_content, create_section, create_unit, create_assignment, add_timer_to_unit, create_vocabulary_word, create_question, list_sections, list_units, get_unit_details, update_unit, delete_assignment, start_practice_drill] @ http://localhost:3000/_next/static/chunks/node_modules_next_dist_0bc8q4g._.js:1233
[  343099ms] [LOG] [chatTools] Vector store search function registered: true @ http://localhost:3000/_next/static/chunks/node_modules_next_dist_0bc8q4g._.js:1233
[  343100ms] [LOG] [ChatSidebar] Registered vector store search, isReady: false @ http://localhost:3000/_next/static/chunks/node_modules_next_dist_0bc8q4g._.js:1233
[  343101ms] [LOG] [chatTools] Practice drill callback registered: true @ http://localhost:3000/_next/static/chunks/node_modules_next_dist_0bc8q4g._.js:1233
[  343115ms] [LOG] [TourContext] Initializing tour system with 9 tasks @ http://localhost:3000/_next/static/chunks/node_modules_next_dist_0bc8q4g._.js:1233
[  343116ms] [LOG] [chatTools] Tour tasks data registered: 9 tasks @ http://localhost:3000/_next/static/chunks/node_modules_next_dist_0bc8q4g._.js:1233
[  343117ms] [LOG] [TourContext] Exposing tour methods to window for testing @ http://localhost:3000/_next/static/chunks/node_modules_next_dist_0bc8q4g._.js:1233
[  343118ms] [LOG] [ChatContext] Setting up AssistantChat subscriptions @ http://localhost:3000/_next/static/chunks/node_modules_next_dist_0bc8q4g._.js:1233
[  343134ms] [LOG] [ChatContext] Waiting for subscription to initialize @ http://localhost:3000/_next/static/chunks/node_modules_next_dist_0bc8q4g._.js:1233
[  343146ms] [LOG] [SettingsContext] Setting up Settings subscription for user: e408f488-d061-70bc-1ee2-c5de8adf79f5 @ http://localhost:3000/_next/static/chunks/node_modules_next_dist_0bc8q4g._.js:1233
[  343151ms] [LOG] [chatTools] Vector store search function registered: false @ http://localhost:3000/_next/static/chunks/node_modules_next_dist_0bc8q4g._.js:1233
[  343152ms] [LOG] [chatTools] Practice drill callback registered: false @ http://localhost:3000/_next/static/chunks/node_modules_next_dist_0bc8q4g._.js:1233
[  343163ms] [LOG] [ChatContext] Cleaning up subscriptions @ http://localhost:3000/_next/static/chunks/node_modules_next_dist_0bc8q4g._.js:1233
[  343182ms] [LOG] [chatTools] Vector store search function registered: true @ http://localhost:3000/_next/static/chunks/node_modules_next_dist_0bc8q4g._.js:1233
[  343183ms] [LOG] [ChatSidebar] Registered vector store search, isReady: false @ http://localhost:3000/_next/static/chunks/node_modules_next_dist_0bc8q4g._.js:1233
[  343184ms] [LOG] [chatTools] Practice drill callback registered: true @ http://localhost:3000/_next/static/chunks/node_modules_next_dist_0bc8q4g._.js:1233
[  343185ms] [LOG] [TourContext] Initializing tour system with 9 tasks @ http://localhost:3000/_next/static/chunks/node_modules_next_dist_0bc8q4g._.js:1233
[  343197ms] [LOG] [chatTools] Tour tasks data registered: 9 tasks @ http://localhost:3000/_next/static/chunks/node_modules_next_dist_0bc8q4g._.js:1233
[  343198ms] [LOG] [TourContext] Exposing tour methods to window for testing @ http://localhost:3000/_next/static/chunks/node_modules_next_dist_0bc8q4g._.js:1233
[  343199ms] [LOG] [ChatContext] Setting up AssistantChat subscriptions @ http://localhost:3000/_next/static/chunks/node_modules_next_dist_0bc8q4g._.js:1233
[  343202ms] [LOG] [ChatContext] Waiting for subscription to initialize @ http://localhost:3000/_next/static/chunks/node_modules_next_dist_0bc8q4g._.js:1233
[  343213ms] [LOG] [SettingsContext] Setting up Settings subscription for user: e408f488-d061-70bc-1ee2-c5de8adf79f5 @ http://localhost:3000/_next/static/chunks/node_modules_next_dist_0bc8q4g._.js:1233
[  343352ms] [LOG] [Index] Component render, user: undefined @ http://localhost:3000/_next/static/chunks/node_modules_next_dist_0bc8q4g._.js:1233
[  343365ms] [LOG] Grades.grades [] @ http://localhost:3000/_next/static/chunks/node_modules_next_dist_0bc8q4g._.js:1233
[  343367ms] [LOG] [Index] Component render, user: undefined @ http://localhost:3000/_next/static/chunks/node_modules_next_dist_0bc8q4g._.js:1233
[  343368ms] [LOG] Grades.grades [] @ http://localhost:3000/_next/static/chunks/node_modules_next_dist_0bc8q4g._.js:1233
[  343899ms] [LOG] [useChatPageContext] Registering page context: {hasUnit: false, filesCount: 0, dictionaryCount: 0, questionsCount: 0, sectionsCount: 0} @ http://localhost:3000/_next/static/chunks/node_modules_next_dist_0bc8q4g._.js:1233
[  343901ms] [LOG] [Index] Section useEffect triggered, myUserId: undefined @ http://localhost:3000/_next/static/chunks/node_modules_next_dist_0bc8q4g._.js:1233
[  343901ms] [LOG] [Index] Unit useEffect: waiting for user authentication @ http://localhost:3000/_next/static/chunks/node_modules_next_dist_0bc8q4g._.js:1233
[  343902ms] [LOG] [FilesContext] Initializing vector store from IndexedDB @ http://localhost:3000/_next/static/chunks/node_modules_next_dist_0bc8q4g._.js:1233
[  343916ms] [LOG] [FilesContext] fetchFiles called @ http://localhost:3000/_next/static/chunks/node_modules_next_dist_0bc8q4g._.js:1233
[  343917ms] [LOG] [FilesContext] User authenticated: e408f488-d061-70bc-1ee2-c5de8adf79f5 @ http://localhost:3000/_next/static/chunks/node_modules_next_dist_0bc8q4g._.js:1233
[  343918ms] [LOG] [FilesContext] Identity ID: us-east-1:b0eadde9-f0ae-c706-172f-f27e23bff588 @ http://localhost:3000/_next/static/chunks/node_modules_next_dist_0bc8q4g._.js:1233
[  343918ms] [LOG] [FilesContext] About to set up File observeQuery @ http://localhost:3000/_next/static/chunks/node_modules_next_dist_0bc8q4g._.js:1233
[  344021ms] [LOG] [useChatPageContext] Cleaning up page context @ http://localhost:3000/_next/static/chunks/node_modules_next_dist_0bc8q4g._.js:1233
[  344033ms] [LOG] [useChatPageContext] Registering page context: {hasUnit: false, filesCount: 0, dictionaryCount: 0, questionsCount: 0, sectionsCount: 0} @ http://localhost:3000/_next/static/chunks/node_modules_next_dist_0bc8q4g._.js:1233
[  344034ms] [LOG] [Index] Section useEffect triggered, myUserId: undefined @ http://localhost:3000/_next/static/chunks/node_modules_next_dist_0bc8q4g._.js:1233
[  344035ms] [LOG] [Index] Unit useEffect: waiting for user authentication @ http://localhost:3000/_next/static/chunks/node_modules_next_dist_0bc8q4g._.js:1233
[  344035ms] [LOG] [FilesContext] Initializing vector store from IndexedDB @ http://localhost:3000/_next/static/chunks/node_modules_next_dist_0bc8q4g._.js:1233
[  344036ms] [LOG] [FilesContext] fetchFiles called @ http://localhost:3000/_next/static/chunks/node_modules_next_dist_0bc8q4g._.js:1233
[  344036ms] [LOG] [FilesContext] User authenticated: e408f488-d061-70bc-1ee2-c5de8adf79f5 @ http://localhost:3000/_next/static/chunks/node_modules_next_dist_0bc8q4g._.js:1233
[  344037ms] [LOG] [FilesContext] Identity ID: us-east-1:b0eadde9-f0ae-c706-172f-f27e23bff588 @ http://localhost:3000/_next/static/chunks/node_modules_next_dist_0bc8q4g._.js:1233
[  344037ms] [LOG] [FilesContext] About to set up File observeQuery @ http://localhost:3000/_next/static/chunks/node_modules_next_dist_0bc8q4g._.js:1233
[  344839ms] [LOG] [Index] Component render, user: undefined @ http://localhost:3000/_next/static/chunks/node_modules_next_dist_0bc8q4g._.js:1233
[  344850ms] [LOG] Grades.grades [] @ http://localhost:3000/_next/static/chunks/node_modules_next_dist_0bc8q4g._.js:1233
[  344853ms] [LOG] [Index] Component render, user: undefined @ http://localhost:3000/_next/static/chunks/node_modules_next_dist_0bc8q4g._.js:1233
[  344854ms] [LOG] Grades.grades [] @ http://localhost:3000/_next/static/chunks/node_modules_next_dist_0bc8q4g._.js:1233
[  345239ms] [LOG] [ChatContext] Cleaning up subscriptions @ http://localhost:3000/_next/static/chunks/node_modules_next_dist_0bc8q4g._.js:1233
[  345240ms] [LOG] [FilesContext] fetchFiles called @ http://localhost:3000/_next/static/chunks/node_modules_next_dist_0bc8q4g._.js:1233
[  345251ms] [LOG] [FilesContext] User authenticated: e408f488-d061-70bc-1ee2-c5de8adf79f5 @ http://localhost:3000/_next/static/chunks/node_modules_next_dist_0bc8q4g._.js:1233
[  345251ms] [LOG] [FilesContext] Identity ID: us-east-1:b0eadde9-f0ae-c706-172f-f27e23bff588 @ http://localhost:3000/_next/static/chunks/node_modules_next_dist_0bc8q4g._.js:1233
[  345252ms] [LOG] [FilesContext] About to set up File observeQuery @ http://localhost:3000/_next/static/chunks/node_modules_next_dist_0bc8q4g._.js:1233
[  345254ms] [LOG] [ChatContext] Setting up AssistantChat subscriptions @ http://localhost:3000/_next/static/chunks/node_modules_next_dist_0bc8q4g._.js:1233
[  345255ms] [LOG] [ChatContext] Waiting for subscription to initialize @ http://localhost:3000/_next/static/chunks/node_modules_next_dist_0bc8q4g._.js:1233
[  345256ms] [LOG] [SettingsContext] Setting up Settings subscription for user: e408f488-d061-70bc-1ee2-c5de8adf79f5 @ http://localhost:3000/_next/static/chunks/node_modules_next_dist_0bc8q4g._.js:1233
[  345424ms] [LOG] [FilesContext] Initial files: 1 @ http://localhost:3000/_next/static/chunks/node_modules_next_dist_0bc8q4g._.js:1233
[  345472ms] [LOG] [Index] Component render, user: undefined @ http://localhost:3000/_next/static/chunks/node_modules_next_dist_0bc8q4g._.js:1233
[  345473ms] [LOG] Grades.grades [] @ http://localhost:3000/_next/static/chunks/node_modules_next_dist_0bc8q4g._.js:1233
[  345486ms] [LOG] [Index] Component render, user: undefined @ http://localhost:3000/_next/static/chunks/node_modules_next_dist_0bc8q4g._.js:1233
[  345486ms] [LOG] Grades.grades [] @ http://localhost:3000/_next/static/chunks/node_modules_next_dist_0bc8q4g._.js:1233
[  345739ms] [LOG] [FilesContext] Initial files: 1 @ http://localhost:3000/_next/static/chunks/node_modules_next_dist_0bc8q4g._.js:1233
[  345772ms] [LOG] [FilesContext] Vector store population triggered {isInitialLoad: true, filesCount: 1, currentVectorStoreSize: 0, documentsCount: 0} @ http://localhost:3000/_next/static/chunks/node_modules_next_dist_0bc8q4g._.js:1233
[  345773ms] [LOG] [FilesContext] Vector store population complete - 0 total embeddings @ http://localhost:3000/_next/static/chunks/node_modules_next_dist_0bc8q4g._.js:1233
[  345786ms] [LOG] [Index] Component render, user: undefined @ http://localhost:3000/_next/static/chunks/node_modules_next_dist_0bc8q4g._.js:1233
[  345787ms] [LOG] Grades.grades [] @ http://localhost:3000/_next/static/chunks/node_modules_next_dist_0bc8q4g._.js:1233
[  345788ms] [LOG] [Index] Component render, user: undefined @ http://localhost:3000/_next/static/chunks/node_modules_next_dist_0bc8q4g._.js:1233
[  345789ms] [LOG] Grades.grades [] @ http://localhost:3000/_next/static/chunks/node_modules_next_dist_0bc8q4g._.js:1233
[  346086ms] [LOG] [Index] Component render, user: undefined @ http://localhost:3000/_next/static/chunks/node_modules_next_dist_0bc8q4g._.js:1233
[  346087ms] [LOG] Grades.grades [] @ http://localhost:3000/_next/static/chunks/node_modules_next_dist_0bc8q4g._.js:1233
[  346089ms] [LOG] [Index] Component render, user: undefined @ http://localhost:3000/_next/static/chunks/node_modules_next_dist_0bc8q4g._.js:1233
[  346090ms] [LOG] Grades.grades [] @ http://localhost:3000/_next/static/chunks/node_modules_next_dist_0bc8q4g._.js:1233
[  346409ms] [LOG] [FilesContext] Vector store population triggered {isInitialLoad: true, filesCount: 1, currentVectorStoreSize: 0, documentsCount: 1} @ http://localhost:3000/_next/static/chunks/node_modules_next_dist_0bc8q4g._.js:1233
[  346420ms] [LOG] [FilesContext] Vector store population complete - 0 total embeddings @ http://localhost:3000/_next/static/chunks/node_modules_next_dist_0bc8q4g._.js:1233
[  346424ms] [LOG] [ChatContext] AssistantChat initialized with 10 chats @ http://localhost:3000/_next/static/chunks/node_modules_next_dist_0bc8q4g._.js:1233
[  346425ms] [LOG] [ChatContext] Setting initial chat: ba8d53bc-56c8-4885-92ba-42e619b40da6 @ http://localhost:3000/_next/static/chunks/node_modules_next_dist_0bc8q4g._.js:1233
[  346441ms] [LOG] [FilesContext] Initial files: 1 @ http://localhost:3000/_next/static/chunks/node_modules_next_dist_0bc8q4g._.js:1233
[  346474ms] [LOG] [Index] Component render, user: undefined @ http://localhost:3000/_next/static/chunks/node_modules_next_dist_0bc8q4g._.js:1233
[  346475ms] [LOG] Grades.grades [] @ http://localhost:3000/_next/static/chunks/node_modules_next_dist_0bc8q4g._.js:1233
[  346487ms] [LOG] [Index] Component render, user: undefined @ http://localhost:3000/_next/static/chunks/node_modules_next_dist_0bc8q4g._.js:1233
[  346488ms] [LOG] Grades.grades [] @ http://localhost:3000/_next/static/chunks/node_modules_next_dist_0bc8q4g._.js:1233
[  346838ms] [LOG] [ChatSidebar] Loading messages for chat: ba8d53bc-56c8-4885-92ba-42e619b40da6 count: 0 @ http://localhost:3000/_next/static/chunks/node_modules_next_dist_0bc8q4g._.js:1233
[  346839ms] [LOG] [ChatSidebar] deepCloneMessages: returning empty array @ http://localhost:3000/_next/static/chunks/node_modules_next_dist_0bc8q4g._.js:1233
[  346840ms] [LOG] [ChatContext] Chat exists and not archived, skipping creation @ http://localhost:3000/_next/static/chunks/node_modules_next_dist_0bc8q4g._.js:1233
[  347056ms] [LOG] [VectorStoreDB] Loaded 0 total embeddings from IndexedDB @ http://localhost:3000/_next/static/chunks/node_modules_next_dist_0bc8q4g._.js:1233
[  347057ms] [LOG] [VectorStore] Loaded 0 embeddings from IndexedDB @ http://localhost:3000/_next/static/chunks/node_modules_next_dist_0bc8q4g._.js:1233
[  347057ms] [LOG] [FilesContext] No cached embeddings found in IndexedDB @ http://localhost:3000/_next/static/chunks/node_modules_next_dist_0bc8q4g._.js:1233
[  347057ms] [LOG] [FilesContext] No cached embeddings found in IndexedDB @ http://localhost:3000/_next/static/chunks/node_modules_next_dist_0bc8q4g._.js:1233
[  364346ms] [LOG] [Fast Refresh] rebuilding @ http://localhost:3000/_next/static/chunks/node_modules_next_dist_0bc8q4g._.js:1233
[  371316ms] [INFO] %cDownload the React DevTools for a better development experience: https://reactjs.org/link/react-devtools font-weight:bold @ http://localhost:3000/_next/static/chunks/node_modules_react-dom_cjs_react-dom_development_07i0ttg.js:25055
[  374604ms] [LOG] [HMR] connected @ http://localhost:3000/_next/static/chunks/node_modules_next_dist_0bc8q4g._.js:1233
[  374690ms] [INFO] 🌐 i18next is made possible by our own product, Locize — consider powering your project with managed localization (AI, CDN, integrations): https://locize.com 💙 @ http://localhost:3000/_next/static/chunks/node_modules_next_dist_0bc8q4g._.js:1233
[  375121ms] [LOG] [Fast Refresh] rebuilding @ http://localhost:3000/_next/static/chunks/node_modules_next_dist_0bc8q4g._.js:1233
[  375459ms] [LOG] [Fast Refresh] done in 806ms @ http://localhost:3000/_next/static/chunks/node_modules_next_dist_0bc8q4g._.js:1233
[  376858ms] [LOG] [ChatSidebar] Registered client-side tools: [search_content, create_section, create_unit, create_assignment, add_timer_to_unit, create_vocabulary_word, create_question, list_sections, list_units, get_unit_details, update_unit, delete_assignment, start_practice_drill] @ http://localhost:3000/_next/static/chunks/node_modules_next_dist_0bc8q4g._.js:1233
[  376877ms] [LOG] [ChatSidebar] Registered client-side tools: [search_content, create_section, create_unit, create_assignment, add_timer_to_unit, create_vocabulary_word, create_question, list_sections, list_units, get_unit_details, update_unit, delete_assignment, start_practice_drill] @ http://localhost:3000/_next/static/chunks/node_modules_next_dist_0bc8q4g._.js:1233
[  377311ms] [LOG] [chatTools] Vector store search function registered: true @ http://localhost:3000/_next/static/chunks/node_modules_next_dist_0bc8q4g._.js:1233
[  377311ms] [LOG] [ChatSidebar] Registered vector store search, isReady: false @ http://localhost:3000/_next/static/chunks/node_modules_next_dist_0bc8q4g._.js:1233
[  377312ms] [LOG] [chatTools] Practice drill callback registered: true @ http://localhost:3000/_next/static/chunks/node_modules_next_dist_0bc8q4g._.js:1233
[  377325ms] [LOG] [TourContext] Initializing tour system with 9 tasks @ http://localhost:3000/_next/static/chunks/node_modules_next_dist_0bc8q4g._.js:1233
[  377326ms] [LOG] [chatTools] Tour tasks data registered: 9 tasks @ http://localhost:3000/_next/static/chunks/node_modules_next_dist_0bc8q4g._.js:1233
[  377327ms] [LOG] [TourContext] Exposing tour methods to window for testing @ http://localhost:3000/_next/static/chunks/node_modules_next_dist_0bc8q4g._.js:1233
[  377328ms] [LOG] [ChatContext] Setting up AssistantChat subscriptions @ http://localhost:3000/_next/static/chunks/node_modules_next_dist_0bc8q4g._.js:1233
[  377345ms] [LOG] [ChatContext] Waiting for subscription to initialize @ http://localhost:3000/_next/static/chunks/node_modules_next_dist_0bc8q4g._.js:1233
[  377346ms] [LOG] [SettingsContext] Setting up Settings subscription for user: e408f488-d061-70bc-1ee2-c5de8adf79f5 @ http://localhost:3000/_next/static/chunks/node_modules_next_dist_0bc8q4g._.js:1233
[  377362ms] [LOG] [chatTools] Vector store search function registered: false @ http://localhost:3000/_next/static/chunks/node_modules_next_dist_0bc8q4g._.js:1233
[  377363ms] [LOG] [chatTools] Practice drill callback registered: false @ http://localhost:3000/_next/static/chunks/node_modules_next_dist_0bc8q4g._.js:1233
[  377364ms] [LOG] [ChatContext] Cleaning up subscriptions @ http://localhost:3000/_next/static/chunks/node_modules_next_dist_0bc8q4g._.js:1233
[  377395ms] [LOG] [chatTools] Vector store search function registered: true @ http://localhost:3000/_next/static/chunks/node_modules_next_dist_0bc8q4g._.js:1233
[  377396ms] [LOG] [ChatSidebar] Registered vector store search, isReady: false @ http://localhost:3000/_next/static/chunks/node_modules_next_dist_0bc8q4g._.js:1233
[  377397ms] [LOG] [chatTools] Practice drill callback registered: true @ http://localhost:3000/_next/static/chunks/node_modules_next_dist_0bc8q4g._.js:1233
[  377411ms] [LOG] [TourContext] Initializing tour system with 9 tasks @ http://localhost:3000/_next/static/chunks/node_modules_next_dist_0bc8q4g._.js:1233
[  377413ms] [LOG] [chatTools] Tour tasks data registered: 9 tasks @ http://localhost:3000/_next/static/chunks/node_modules_next_dist_0bc8q4g._.js:1233
[  377414ms] [LOG] [TourContext] Exposing tour methods to window for testing @ http://localhost:3000/_next/static/chunks/node_modules_next_dist_0bc8q4g._.js:1233
[  377426ms] [LOG] [ChatContext] Setting up AssistantChat subscriptions @ http://localhost:3000/_next/static/chunks/node_modules_next_dist_0bc8q4g._.js:1233
[  377429ms] [LOG] [ChatContext] Waiting for subscription to initialize @ http://localhost:3000/_next/static/chunks/node_modules_next_dist_0bc8q4g._.js:1233
[  377430ms] [LOG] [SettingsContext] Setting up Settings subscription for user: e408f488-d061-70bc-1ee2-c5de8adf79f5 @ http://localhost:3000/_next/static/chunks/node_modules_next_dist_0bc8q4g._.js:1233
[  377579ms] [LOG] [Index] Component render, user: undefined @ http://localhost:3000/_next/static/chunks/node_modules_next_dist_0bc8q4g._.js:1233
[  377580ms] [LOG] Grades.grades [] @ http://localhost:3000/_next/static/chunks/node_modules_next_dist_0bc8q4g._.js:1233
[  377595ms] [LOG] [Index] Component render, user: undefined @ http://localhost:3000/_next/static/chunks/node_modules_next_dist_0bc8q4g._.js:1233
[  377597ms] [LOG] Grades.grades [] @ http://localhost:3000/_next/static/chunks/node_modules_next_dist_0bc8q4g._.js:1233
[  378078ms] [LOG] [useChatPageContext] Registering page context: {hasUnit: false, filesCount: 0, dictionaryCount: 0, questionsCount: 0, sectionsCount: 0} @ http://localhost:3000/_next/static/chunks/node_modules_next_dist_0bc8q4g._.js:1233
[  378079ms] [LOG] [Index] Section useEffect triggered, myUserId: undefined @ http://localhost:3000/_next/static/chunks/node_modules_next_dist_0bc8q4g._.js:1233
[  378080ms] [LOG] [Index] Unit useEffect: waiting for user authentication @ http://localhost:3000/_next/static/chunks/node_modules_next_dist_0bc8q4g._.js:1233
[  378080ms] [LOG] [FilesContext] Initializing vector store from IndexedDB @ http://localhost:3000/_next/static/chunks/node_modules_next_dist_0bc8q4g._.js:1233
[  378095ms] [LOG] [FilesContext] fetchFiles called @ http://localhost:3000/_next/static/chunks/node_modules_next_dist_0bc8q4g._.js:1233
[  378096ms] [LOG] [FilesContext] User authenticated: e408f488-d061-70bc-1ee2-c5de8adf79f5 @ http://localhost:3000/_next/static/chunks/node_modules_next_dist_0bc8q4g._.js:1233
[  378096ms] [LOG] [FilesContext] Identity ID: us-east-1:b0eadde9-f0ae-c706-172f-f27e23bff588 @ http://localhost:3000/_next/static/chunks/node_modules_next_dist_0bc8q4g._.js:1233
[  378097ms] [LOG] [FilesContext] About to set up File observeQuery @ http://localhost:3000/_next/static/chunks/node_modules_next_dist_0bc8q4g._.js:1233
[  378213ms] [LOG] [useChatPageContext] Cleaning up page context @ http://localhost:3000/_next/static/chunks/node_modules_next_dist_0bc8q4g._.js:1233
[  378215ms] [LOG] [useChatPageContext] Registering page context: {hasUnit: false, filesCount: 0, dictionaryCount: 0, questionsCount: 0, sectionsCount: 0} @ http://localhost:3000/_next/static/chunks/node_modules_next_dist_0bc8q4g._.js:1233
[  378228ms] [LOG] [Index] Section useEffect triggered, myUserId: undefined @ http://localhost:3000/_next/static/chunks/node_modules_next_dist_0bc8q4g._.js:1233
[  378229ms] [LOG] [Index] Unit useEffect: waiting for user authentication @ http://localhost:3000/_next/static/chunks/node_modules_next_dist_0bc8q4g._.js:1233
[  378230ms] [LOG] [FilesContext] Initializing vector store from IndexedDB @ http://localhost:3000/_next/static/chunks/node_modules_next_dist_0bc8q4g._.js:1233
[  378230ms] [LOG] [FilesContext] fetchFiles called @ http://localhost:3000/_next/static/chunks/node_modules_next_dist_0bc8q4g._.js:1233
[  378231ms] [LOG] [FilesContext] User authenticated: e408f488-d061-70bc-1ee2-c5de8adf79f5 @ http://localhost:3000/_next/static/chunks/node_modules_next_dist_0bc8q4g._.js:1233
[  378232ms] [LOG] [FilesContext] Identity ID: us-east-1:b0eadde9-f0ae-c706-172f-f27e23bff588 @ http://localhost:3000/_next/static/chunks/node_modules_next_dist_0bc8q4g._.js:1233
[  378232ms] [LOG] [FilesContext] About to set up File observeQuery @ http://localhost:3000/_next/static/chunks/node_modules_next_dist_0bc8q4g._.js:1233
[  378968ms] [LOG] [Index] Component render, user: undefined @ http://localhost:3000/_next/static/chunks/node_modules_next_dist_0bc8q4g._.js:1233
[  378979ms] [LOG] Grades.grades [] @ http://localhost:3000/_next/static/chunks/node_modules_next_dist_0bc8q4g._.js:1233
[  378982ms] [LOG] [Index] Component render, user: undefined @ http://localhost:3000/_next/static/chunks/node_modules_next_dist_0bc8q4g._.js:1233
[  378983ms] [LOG] Grades.grades [] @ http://localhost:3000/_next/static/chunks/node_modules_next_dist_0bc8q4g._.js:1233
[  379482ms] [LOG] [Index] Component render, user: undefined @ http://localhost:3000/_next/static/chunks/node_modules_next_dist_0bc8q4g._.js:1233
[  379483ms] [LOG] Grades.grades [] @ http://localhost:3000/_next/static/chunks/node_modules_next_dist_0bc8q4g._.js:1233
[  379484ms] [LOG] [Index] Component render, user: undefined @ http://localhost:3000/_next/static/chunks/node_modules_next_dist_0bc8q4g._.js:1233
[  379485ms] [LOG] Grades.grades [] @ http://localhost:3000/_next/static/chunks/node_modules_next_dist_0bc8q4g._.js:1233
[  380035ms] [LOG] [ChatContext] Cleaning up subscriptions @ http://localhost:3000/_next/static/chunks/node_modules_next_dist_0bc8q4g._.js:1233
[  380036ms] [LOG] [FilesContext] fetchFiles called @ http://localhost:3000/_next/static/chunks/node_modules_next_dist_0bc8q4g._.js:1233
[  380037ms] [LOG] [FilesContext] User authenticated: e408f488-d061-70bc-1ee2-c5de8adf79f5 @ http://localhost:3000/_next/static/chunks/node_modules_next_dist_0bc8q4g._.js:1233
[  380048ms] [LOG] [FilesContext] Identity ID: us-east-1:b0eadde9-f0ae-c706-172f-f27e23bff588 @ http://localhost:3000/_next/static/chunks/node_modules_next_dist_0bc8q4g._.js:1233
[  380049ms] [LOG] [FilesContext] About to set up File observeQuery @ http://localhost:3000/_next/static/chunks/node_modules_next_dist_0bc8q4g._.js:1233
[  380050ms] [LOG] [ChatContext] Setting up AssistantChat subscriptions @ http://localhost:3000/_next/static/chunks/node_modules_next_dist_0bc8q4g._.js:1233
[  380051ms] [LOG] [ChatContext] Waiting for subscription to initialize @ http://localhost:3000/_next/static/chunks/node_modules_next_dist_0bc8q4g._.js:1233
[  380052ms] [LOG] [SettingsContext] Setting up Settings subscription for user: e408f488-d061-70bc-1ee2-c5de8adf79f5 @ http://localhost:3000/_next/static/chunks/node_modules_next_dist_0bc8q4g._.js:1233
[  380102ms] [LOG] [FilesContext] Initial files: 1 @ http://localhost:3000/_next/static/chunks/node_modules_next_dist_0bc8q4g._.js:1233
[  380151ms] [LOG] [Index] Component render, user: undefined @ http://localhost:3000/_next/static/chunks/node_modules_next_dist_0bc8q4g._.js:1233
[  380152ms] [LOG] Grades.grades [] @ http://localhost:3000/_next/static/chunks/node_modules_next_dist_0bc8q4g._.js:1233
[  380154ms] [LOG] [Index] Component render, user: undefined @ http://localhost:3000/_next/static/chunks/node_modules_next_dist_0bc8q4g._.js:1233
[  380165ms] [LOG] Grades.grades [] @ http://localhost:3000/_next/static/chunks/node_modules_next_dist_0bc8q4g._.js:1233
[  380433ms] [LOG] [FilesContext] Initial files: 1 @ http://localhost:3000/_next/static/chunks/node_modules_next_dist_0bc8q4g._.js:1233
[  380454ms] [LOG] [FilesContext] Vector store population triggered {isInitialLoad: true, filesCount: 1, currentVectorStoreSize: 0, documentsCount: 0} @ http://localhost:3000/_next/static/chunks/node_modules_next_dist_0bc8q4g._.js:1233
[  380454ms] [LOG] [FilesContext] Vector store population complete - 0 total embeddings @ http://localhost:3000/_next/static/chunks/node_modules_next_dist_0bc8q4g._.js:1233
[  380467ms] [LOG] [Index] Component render, user: undefined @ http://localhost:3000/_next/static/chunks/node_modules_next_dist_0bc8q4g._.js:1233
[  380468ms] [LOG] Grades.grades [] @ http://localhost:3000/_next/static/chunks/node_modules_next_dist_0bc8q4g._.js:1233
[  380470ms] [LOG] [Index] Component render, user: undefined @ http://localhost:3000/_next/static/chunks/node_modules_next_dist_0bc8q4g._.js:1233
[  380470ms] [LOG] Grades.grades [] @ http://localhost:3000/_next/static/chunks/node_modules_next_dist_0bc8q4g._.js:1233
[  380901ms] [LOG] [FilesContext] Vector store population triggered {isInitialLoad: true, filesCount: 1, currentVectorStoreSize: 0, documentsCount: 1} @ http://localhost:3000/_next/static/chunks/node_modules_next_dist_0bc8q4g._.js:1233
[  380903ms] [LOG] [FilesContext] Vector store population complete - 0 total embeddings @ http://localhost:3000/_next/static/chunks/node_modules_next_dist_0bc8q4g._.js:1233
[  380938ms] [LOG] [ChatContext] AssistantChat initialized with 10 chats @ http://localhost:3000/_next/static/chunks/node_modules_next_dist_0bc8q4g._.js:1233
[  380939ms] [LOG] [ChatContext] Setting initial chat: ba8d53bc-56c8-4885-92ba-42e619b40da6 @ http://localhost:3000/_next/static/chunks/node_modules_next_dist_0bc8q4g._.js:1233
[  381006ms] [LOG] [FilesContext] Initial files: 1 @ http://localhost:3000/_next/static/chunks/node_modules_next_dist_0bc8q4g._.js:1233
[  381056ms] [LOG] [Index] Component render, user: undefined @ http://localhost:3000/_next/static/chunks/node_modules_next_dist_0bc8q4g._.js:1233
[  381070ms] [LOG] Grades.grades [] @ http://localhost:3000/_next/static/chunks/node_modules_next_dist_0bc8q4g._.js:1233
[  381072ms] [LOG] [Index] Component render, user: undefined @ http://localhost:3000/_next/static/chunks/node_modules_next_dist_0bc8q4g._.js:1233
[  381085ms] [LOG] Grades.grades [] @ http://localhost:3000/_next/static/chunks/node_modules_next_dist_0bc8q4g._.js:1233
[  382124ms] [LOG] [ChatSidebar] Loading messages for chat: ba8d53bc-56c8-4885-92ba-42e619b40da6 count: 0 @ http://localhost:3000/_next/static/chunks/node_modules_next_dist_0bc8q4g._.js:1233
[  382125ms] [LOG] [ChatSidebar] deepCloneMessages: returning empty array @ http://localhost:3000/_next/static/chunks/node_modules_next_dist_0bc8q4g._.js:1233
[  382140ms] [LOG] [ChatContext] Chat exists and not archived, skipping creation @ http://localhost:3000/_next/static/chunks/node_modules_next_dist_0bc8q4g._.js:1233
[  382672ms] [LOG] [VectorStoreDB] Loaded 0 total embeddings from IndexedDB @ http://localhost:3000/_next/static/chunks/node_modules_next_dist_0bc8q4g._.js:1233
[  382672ms] [LOG] [VectorStore] Loaded 0 embeddings from IndexedDB @ http://localhost:3000/_next/static/chunks/node_modules_next_dist_0bc8q4g._.js:1233
[  382673ms] [LOG] [FilesContext] No cached embeddings found in IndexedDB @ http://localhost:3000/_next/static/chunks/node_modules_next_dist_0bc8q4g._.js:1233
[  382673ms] [LOG] [FilesContext] No cached embeddings found in IndexedDB @ http://localhost:3000/_next/static/chunks/node_modules_next_dist_0bc8q4g._.js:1233
[  382676ms] [LOG] [Fast Refresh] rebuilding @ http://localhost:3000/_next/static/chunks/node_modules_next_dist_0bc8q4g._.js:1233
[  385634ms] [LOG] [Fast Refresh] done in 3094ms @ http://localhost:3000/_next/static/chunks/node_modules_next_dist_0bc8q4g._.js:1233
[  388156ms] [INFO] %cDownload the React DevTools for a better development experience: https://reactjs.org/link/react-devtools font-weight:bold @ http://localhost:3000/_next/static/chunks/node_modules_react-dom_cjs_react-dom_development_07i0ttg.js:25055
[  390410ms] [LOG] [HMR] connected @ http://localhost:3000/_next/static/chunks/node_modules_next_dist_0bc8q4g._.js:1233
[  390540ms] [INFO] 🌐 i18next is made possible by our own product, Locize — consider powering your project with managed localization (AI, CDN, integrations): https://locize.com 💙 @ http://localhost:3000/_next/static/chunks/node_modules_next_dist_0bc8q4g._.js:1233
[  391597ms] [LOG] [Fast Refresh] rebuilding @ http://localhost:3000/_next/static/chunks/node_modules_next_dist_0bc8q4g._.js:1233
[  394067ms] [LOG] [ChatSidebar] Registered client-side tools: [search_content, create_section, create_unit, create_assignment, add_timer_to_unit, create_vocabulary_word, create_question, list_sections, list_units, get_unit_details, update_unit, delete_assignment, start_practice_drill] @ http://localhost:3000/_next/static/chunks/node_modules_next_dist_0bc8q4g._.js:1233
[  394103ms] [LOG] [ChatSidebar] Registered client-side tools: [search_content, create_section, create_unit, create_assignment, add_timer_to_unit, create_vocabulary_word, create_question, list_sections, list_units, get_unit_details, update_unit, delete_assignment, start_practice_drill] @ http://localhost:3000/_next/static/chunks/node_modules_next_dist_0bc8q4g._.js:1233
[  395240ms] [LOG] [chatTools] Vector store search function registered: true @ http://localhost:3000/_next/static/chunks/node_modules_next_dist_0bc8q4g._.js:1233
[  395253ms] [LOG] [ChatSidebar] Registered vector store search, isReady: false @ http://localhost:3000/_next/static/chunks/node_modules_next_dist_0bc8q4g._.js:1233
[  395255ms] [LOG] [chatTools] Practice drill callback registered: true @ http://localhost:3000/_next/static/chunks/node_modules_next_dist_0bc8q4g._.js:1233
[  395272ms] [LOG] [TourContext] Initializing tour system with 9 tasks @ http://localhost:3000/_next/static/chunks/node_modules_next_dist_0bc8q4g._.js:1233
[  395273ms] [LOG] [chatTools] Tour tasks data registered: 9 tasks @ http://localhost:3000/_next/static/chunks/node_modules_next_dist_0bc8q4g._.js:1233
[  395286ms] [LOG] [TourContext] Exposing tour methods to window for testing @ http://localhost:3000/_next/static/chunks/node_modules_next_dist_0bc8q4g._.js:1233
[  395288ms] [LOG] [ChatContext] Setting up AssistantChat subscriptions @ http://localhost:3000/_next/static/chunks/node_modules_next_dist_0bc8q4g._.js:1233
[  395306ms] [LOG] [ChatContext] Waiting for subscription to initialize @ http://localhost:3000/_next/static/chunks/node_modules_next_dist_0bc8q4g._.js:1233
[  395308ms] [LOG] [SettingsContext] Setting up Settings subscription for user: e408f488-d061-70bc-1ee2-c5de8adf79f5 @ http://localhost:3000/_next/static/chunks/node_modules_next_dist_0bc8q4g._.js:1233
[  395336ms] [LOG] [chatTools] Vector store search function registered: false @ http://localhost:3000/_next/static/chunks/node_modules_next_dist_0bc8q4g._.js:1233
[  395405ms] [LOG] [chatTools] Practice drill callback registered: false @ http://localhost:3000/_next/static/chunks/node_modules_next_dist_0bc8q4g._.js:1233
[  395406ms] [LOG] [ChatContext] Cleaning up subscriptions @ http://localhost:3000/_next/static/chunks/node_modules_next_dist_0bc8q4g._.js:1233
[  395438ms] [LOG] [chatTools] Vector store search function registered: true @ http://localhost:3000/_next/static/chunks/node_modules_next_dist_0bc8q4g._.js:1233
[  395441ms] [LOG] [ChatSidebar] Registered vector store search, isReady: false @ http://localhost:3000/_next/static/chunks/node_modules_next_dist_0bc8q4g._.js:1233
[  395454ms] [LOG] [chatTools] Practice drill callback registered: true @ http://localhost:3000/_next/static/chunks/node_modules_next_dist_0bc8q4g._.js:1233
[  395457ms] [LOG] [TourContext] Initializing tour system with 9 tasks @ http://localhost:3000/_next/static/chunks/node_modules_next_dist_0bc8q4g._.js:1233
[  395469ms] [LOG] [chatTools] Tour tasks data registered: 9 tasks @ http://localhost:3000/_next/static/chunks/node_modules_next_dist_0bc8q4g._.js:1233
[  395471ms] [LOG] [TourContext] Exposing tour methods to window for testing @ http://localhost:3000/_next/static/chunks/node_modules_next_dist_0bc8q4g._.js:1233
[  395473ms] [LOG] [ChatContext] Setting up AssistantChat subscriptions @ http://localhost:3000/_next/static/chunks/node_modules_next_dist_0bc8q4g._.js:1233
[  395537ms] [LOG] [ChatContext] Waiting for subscription to initialize @ http://localhost:3000/_next/static/chunks/node_modules_next_dist_0bc8q4g._.js:1233
[  395538ms] [LOG] [SettingsContext] Setting up Settings subscription for user: e408f488-d061-70bc-1ee2-c5de8adf79f5 @ http://localhost:3000/_next/static/chunks/node_modules_next_dist_0bc8q4g._.js:1233
[  395804ms] [LOG] [sections.jsx] canViewInstructorDashboard: false isInstructor: false ownedSections.length: 0 @ http://localhost:3000/_next/static/chunks/node_modules_next_dist_0bc8q4g._.js:1233
[  395805ms] [LOG] sections [] @ http://localhost:3000/_next/static/chunks/node_modules_next_dist_0bc8q4g._.js:1233
[  395821ms] [LOG] [sections.jsx] canViewInstructorDashboard: false isInstructor: false ownedSections.length: 0 @ http://localhost:3000/_next/static/chunks/node_modules_next_dist_0bc8q4g._.js:1233
[  395822ms] [LOG] sections [] @ http://localhost:3000/_next/static/chunks/node_modules_next_dist_0bc8q4g._.js:1233
[  396692ms] [LOG] [useChatPageContext] Registering page context: {hasUnit: false, filesCount: 0, dictionaryCount: 0, questionsCount: 0, sectionsCount: 0} @ http://localhost:3000/_next/static/chunks/node_modules_next_dist_0bc8q4g._.js:1233
[  396709ms] [LOG] [SectionContext] useEffect triggered {authLoading: false, hasUser: true, userSub: e408f488-d061-70bc-1ee2-c5de8adf79f5} @ http://localhost:3000/_next/static/chunks/node_modules_next_dist_0bc8q4g._.js:1233
[  396725ms] [LOG] [SectionContext] Fetching sections for userId: e408f488-d061-70bc-1ee2-c5de8adf79f5 @ http://localhost:3000/_next/static/chunks/node_modules_next_dist_0bc8q4g._.js:1233
[  396741ms] [LOG] [useChatPageContext] Cleaning up page context @ http://localhost:3000/_next/static/chunks/node_modules_next_dist_0bc8q4g._.js:1233
[  396743ms] [LOG] [SectionContext] Cleaning up subscriptions @ http://localhost:3000/_next/static/chunks/node_modules_next_dist_0bc8q4g._.js:1233
[  396757ms] [LOG] [useChatPageContext] Registering page context: {hasUnit: false, filesCount: 0, dictionaryCount: 0, questionsCount: 0, sectionsCount: 0} @ http://localhost:3000/_next/static/chunks/node_modules_next_dist_0bc8q4g._.js:1233
[  396759ms] [LOG] [SectionContext] useEffect triggered {authLoading: false, hasUser: true, userSub: e408f488-d061-70bc-1ee2-c5de8adf79f5} @ http://localhost:3000/_next/static/chunks/node_modules_next_dist_0bc8q4g._.js:1233
[  396760ms] [LOG] [SectionContext] Fetching sections for userId: e408f488-d061-70bc-1ee2-c5de8adf79f5 @ http://localhost:3000/_next/static/chunks/node_modules_next_dist_0bc8q4g._.js:1233
[  397960ms] [LOG] [sections.jsx] canViewInstructorDashboard: false isInstructor: false ownedSections.length: 0 @ http://localhost:3000/_next/static/chunks/node_modules_next_dist_0bc8q4g._.js:1233
[  397961ms] [LOG] sections [] @ http://localhost:3000/_next/static/chunks/node_modules_next_dist_0bc8q4g._.js:1233
[  397978ms] [LOG] [sections.jsx] canViewInstructorDashboard: false isInstructor: false ownedSections.length: 0 @ http://localhost:3000/_next/static/chunks/node_modules_next_dist_0bc8q4g._.js:1233
[  397995ms] [LOG] sections [] @ http://localhost:3000/_next/static/chunks/node_modules_next_dist_0bc8q4g._.js:1233
[  400704ms] [LOG] [ChatContext] AssistantChat initialized with 10 chats @ http://localhost:3000/_next/static/chunks/node_modules_next_dist_0bc8q4g._.js:1233
[  400718ms] [LOG] [ChatContext] Setting initial chat: ba8d53bc-56c8-4885-92ba-42e619b40da6 @ http://localhost:3000/_next/static/chunks/node_modules_next_dist_0bc8q4g._.js:1233
[  401036ms] [LOG] [SectionContext] Initial sections: 100 @ http://localhost:3000/_next/static/chunks/node_modules_next_dist_0bc8q4g._.js:1233
[  401071ms] [LOG] [SectionContext] Cleaning up subscriptions @ http://localhost:3000/_next/static/chunks/node_modules_next_dist_0bc8q4g._.js:1233
[  401084ms] [LOG] [ChatContext] Cleaning up subscriptions @ http://localhost:3000/_next/static/chunks/node_modules_next_dist_0bc8q4g._.js:1233
[  401086ms] [LOG] [SectionContext] useEffect triggered {authLoading: false, hasUser: true, userSub: e408f488-d061-70bc-1ee2-c5de8adf79f5} @ http://localhost:3000/_next/static/chunks/node_modules_next_dist_0bc8q4g._.js:1233
[  401086ms] [LOG] [SectionContext] Fetching sections for userId: e408f488-d061-70bc-1ee2-c5de8adf79f5 @ http://localhost:3000/_next/static/chunks/node_modules_next_dist_0bc8q4g._.js:1233
[  401088ms] [LOG] [ChatContext] Setting up AssistantChat subscriptions @ http://localhost:3000/_next/static/chunks/node_modules_next_dist_0bc8q4g._.js:1233
[  401101ms] [LOG] [ChatContext] No current chat available, will create one @ http://localhost:3000/_next/static/chunks/node_modules_next_dist_0bc8q4g._.js:1233
[  401103ms] [LOG] [ChatContext] Creating AssistantChat with user: undefined @ http://localhost:3000/_next/static/chunks/node_modules_next_dist_0bc8q4g._.js:1233
[  401104ms] [LOG] [SettingsContext] Setting up Settings subscription for user: e408f488-d061-70bc-1ee2-c5de8adf79f5 @ http://localhost:3000/_next/static/chunks/node_modules_next_dist_0bc8q4g._.js:1233
[  401270ms] [LOG] [sections.jsx] canViewInstructorDashboard: false isInstructor: false ownedSections.length: 0 @ http://localhost:3000/_next/static/chunks/node_modules_next_dist_0bc8q4g._.js:1233
[  401304ms] [LOG] sections [Object, Object, Object, Object, Object, Object, Object, Object, Object, Object, Object, Object, Object, Object, Object, Object, Object, Object, Object, Object, Object, Object, Object, Object, Object, Object, Object, Object, Object, Object, Object, Object, Object, Object, Object, Object, Object, Object, Object, Object, Object, Object, Object, Object, Object, Object, Object, Object, Object, Object, Object, Object, Object, Object, Object, Object, Object, Object, Object, Object, Object, Object, Object, Object, Object, Object, Object, Object, Object, Object, Object, Object, Object, Object, Object, Object, Object, Object, Object, Object, Object, Object, Object, Object, Object, Object, Object, Object, Object, Object, Object, Object, Object, Object, Object, Object, Object, Object, Object, Object] @ http://localhost:3000/_next/static/chunks/node_modules_next_dist_0bc8q4g._.js:1233
[  401335ms] [LOG] !!!section {id: 485a1ffa-bd40-45ca-96de-f58bc6fc0894, name: Original Section Name, description: Original description, status: DRAFT, code: ORIG-001} @ http://localhost:3000/_next/static/chunks/node_modules_next_dist_0bc8q4g._.js:1233
[  401339ms] [LOG] !!!section {id: a82ad425-66f4-4ae7-ab72-2de04258ddea, name: Grade Test Section, description: null, status: PUBLISHED, code: GRADE-TEST} @ http://localhost:3000/_next/static/chunks/node_modules_next_dist_0bc8q4g._.js:1233
[  401356ms] [LOG] !!!section {id: 26097bd0-b922-4ada-9b21-83db389944fa, name: Biology 101, description: Intro to Biology, status: PUBLISHED, code: BIO101} @ http://localhost:3000/_next/static/chunks/node_modules_next_dist_0bc8q4g._.js:1233
[  401371ms] [LOG] !!!section {id: 6a041ff4-e7ed-47ca-b2bd-0d35b84614b3, name: Test Section, description: null, status: PUBLISHED, code: TEST-001} @ http://localhost:3000/_next/static/chunks/node_modules_next_dist_0bc8q4g._.js:1233
[  401372ms] [LOG] !!!section {id: 674343a8-ce09-4fee-8772-5e9e5d60482c, name: Biology 101, description: Intro to Biology, status: PUBLISHED, code: BIO101} @ http://localhost:3000/_next/static/chunks/node_modules_next_dist_0bc8q4g._.js:1233
[  401387ms] [LOG] !!!section {id: 2a7ae578-0be1-43dd-ba5e-6e224b3b617b, name: Test Section, description: null, status: PUBLISHED, code: TEST-001} @ http://localhost:3000/_next/static/chunks/node_modules_next_dist_0bc8q4g._.js:1233
[  401388ms] [LOG] !!!section {id: f156b5e2-8491-4935-9990-a4dab652241c, name: Original Section Name, description: Original description, status: DRAFT, code: ORIG-001} @ http://localhost:3000/_next/static/chunks/node_modules_next_dist_0bc8q4g._.js:1233
[  401419ms] [LOG] !!!section {id: e002e526-7c0a-4067-abbf-4e53158c61c4, name: Section 2, description: null, status: PUBLISHED, code: S2} @ http://localhost:3000/_next/static/chunks/node_modules_next_dist_0bc8q4g._.js:1233
[  401421ms] [LOG] !!!section {id: b8cb47e8-35ca-44af-a9d7-3587acd0d179, name: Japanese 101 - Spring 2026, description: Beginner Japanese conversation course, status: PUBLISHED, code: 66CE6L} @ http://localhost:3000/_next/static/chunks/node_modules_next_dist_0bc8q4g._.js:1233
[  401435ms] [LOG] !!!section {id: af3e03f0-54df-4df7-8bd7-efb065f3432e, name: Grade Test Section, description: null, status: PUBLISHED, code: GRADE-TEST} @ http://localhost:3000/_next/static/chunks/node_modules_next_dist_0bc8q4g._.js:1233
[  401438ms] [LOG] !!!section {id: edf9e7cf-c21c-45a0-bc50-a8e508ea2815, name: Test Section, description: null, status: PUBLISHED, code: TEST-001} @ http://localhost:3000/_next/static/chunks/node_modules_next_dist_0bc8q4g._.js:1233
[  401453ms] [LOG] !!!section {id: 64def60a-7fa3-475b-8204-22e46b123b29, name: E2E Test Section 1774369286656, description: Comprehensive E2E test section for complete workflow, status: PUBLISHED, code: I4OX3T} @ http://localhost:3000/_next/static/chunks/node_modules_next_dist_0bc8q4g._.js:1233
[  401455ms] [LOG] !!!section {id: aaf5a906-30aa-4c74-b5d5-5feeed95e612, name: Test Section, description: null, status: PUBLISHED, code: TEST-001} @ http://localhost:3000/_next/static/chunks/node_modules_next_dist_0bc8q4g._.js:1233
[  401470ms] [LOG] !!!section {id: 80d216c8-4dc2-4433-92c4-386ca2a20bff, name: Test Section, description: null, status: PUBLISHED, code: TEST-001} @ http://localhost:3000/_next/static/chunks/node_modules_next_dist_0bc8q4g._.js:1233
[  401472ms] [LOG] !!!section {id: 5fb5cef5-e44b-4ec7-8be4-1d6f341dd780, name: Japanese 101 - Spring 2026, description: Beginner Japanese conversation course, status: PUBLISHED, code: FX28Q4} @ http://localhost:3000/_next/static/chunks/node_modules_next_dist_0bc8q4g._.js:1233
[  401487ms] [LOG] !!!section {id: fe9fc83c-99e9-4aa8-b3d9-21c7f351fe0c, name: Test Section, description: null, status: PUBLISHED, code: TEST-001} @ http://localhost:3000/_next/static/chunks/node_modules_next_dist_0bc8q4g._.js:1233
[  401503ms] [LOG] !!!section {id: 3dfb4edd-69ec-405a-8a05-335329e4e583, name: Temporary Section, description: null, status: DRAFT, code: TEMP-001} @ http://localhost:3000/_next/static/chunks/node_modules_next_dist_0bc8q4g._.js:1233
[  401505ms] [LOG] !!!section {id: b7d6cc52-d89b-4238-8ce3-9bf414f3e740, name: Test Section, description: null, status: PUBLISHED, code: TEST-001} @ http://localhost:3000/_next/static/chunks/node_modules_next_dist_0bc8q4g._.js:1233
[  401518ms] [LOG] !!!section {id: 70cb413e-59e0-4eaf-9dae-06bb2ac40a5d, name: Test Section, description: null, status: PUBLISHED, code: TEST-001} @ http://localhost:3000/_next/static/chunks/node_modules_next_dist_0bc8q4g._.js:1233
[  401521ms] [LOG] !!!section {id: 90f3d548-5fd7-41ff-9014-d281ee585be1, name: Section 1, description: null, status: PUBLISHED, code: S1} @ http://localhost:3000/_next/static/chunks/node_modules_next_dist_0bc8q4g._.js:1233
[  401522ms] [LOG] !!!section {id: 108127c7-99e1-4d27-9235-326438a65ff9, name: Test Section, description: null, status: PUBLISHED, code: TEST-001} @ http://localhost:3000/_next/static/chunks/node_modules_next_dist_0bc8q4g._.js:1233
[  401555ms] [LOG] !!!section {id: 4168c41f-9a2a-416d-98fd-c7c56ed3f16d, name: Test Section, description: null, status: PUBLISHED, code: TEST-001} @ http://localhost:3000/_next/static/chunks/node_modules_next_dist_0bc8q4g._.js:1233
[  401570ms] [LOG] !!!section {id: 4b1d5ed4-2c83-4f7e-b33e-7e39f7e8b582, name: Test Section, description: null, status: PUBLISHED, code: TEST-001} @ http://localhost:3000/_next/static/chunks/node_modules_next_dist_0bc8q4g._.js:1233
[  401572ms] [LOG] !!!section {id: 76aede11-b41a-4679-8272-c4b2d813e242, name: Japanese 101 - Spring 2026, description: Beginner Japanese conversation course, status: PUBLISHED, code: 032DY9} @ http://localhost:3000/_next/static/chunks/node_modules_next_dist_0bc8q4g._.js:1233
[  401586ms] [LOG] !!!section {id: 0e3121d1-22dc-4025-86fe-89d879d0f4b8, name: Biology 101, description: Intro to Biology, status: PUBLISHED, code: BIO101} @ http://localhost:3000/_next/static/chunks/node_modules_next_dist_0bc8q4g._.js:1233
[  401589ms] [LOG] !!!section {id: 7cc60b3d-5141-4ccc-885c-0f761d6aadd2, name: Section 2, description: null, status: PUBLISHED, code: S2} @ http://localhost:3000/_next/static/chunks/node_modules_next_dist_0bc8q4g._.js:1233
[  401606ms] [LOG] !!!section {id: 3866b8a5-0967-46bf-b738-16011e0ee5d2, name: Test Section, description: null, status: PUBLISHED, code: TEST-001} @ http://localhost:3000/_next/static/chunks/node_modules_next_dist_0bc8q4g._.js:1233
[  401621ms] [LOG] !!!section {id: 9f5926eb-7622-421e-85b6-f0240478e0b4, name: Test Section, description: null, status: PUBLISHED, code: TEST-001} @ http://localhost:3000/_next/static/chunks/node_modules_next_dist_0bc8q4g._.js:1233
[  401638ms] [LOG] !!!section {id: 8576ea2e-5918-4016-9e8b-880d4060cce1, name: Section 2, description: null, status: PUBLISHED, code: S2} @ http://localhost:3000/_next/static/chunks/node_modules_next_dist_0bc8q4g._.js:1233
[  401688ms] [LOG] !!!section {id: 029af6d7-18c6-4f03-b1ed-f7c9a18e3797, name: Test Section, description: null, status: PUBLISHED, code: TEST-001} @ http://localhost:3000/_next/static/chunks/node_modules_next_dist_0bc8q4g._.js:1233
[  401705ms] [LOG] !!!section {id: c134f150-7cab-4825-984b-4848d2f8daad, name: Test Section, description: null, status: PUBLISHED, code: TEST-001} @ http://localhost:3000/_next/static/chunks/node_modules_next_dist_0bc8q4g._.js:1233
[  401707ms] [LOG] !!!section {id: 92d79627-e95c-4648-aa46-7ec92087f837, name: Test Section, description: null, status: PUBLISHED, code: TEST-001} @ http://localhost:3000/_next/static/chunks/node_modules_next_dist_0bc8q4g._.js:1233
[  401722ms] [LOG] !!!section {id: f48e984a-3ca4-4cec-8ba4-5a2626b51de3, name: Temporary Section, description: null, status: DRAFT, code: TEMP-001} @ http://localhost:3000/_next/static/chunks/node_modules_next_dist_0bc8q4g._.js:1233
[  401739ms] [LOG] !!!section {id: 120aa2f0-ef90-4315-9fde-d772745cfb2c, name: Test Section, description: null, status: PUBLISHED, code: TEST-001} @ http://localhost:3000/_next/static/chunks/node_modules_next_dist_0bc8q4g._.js:1233
[  401756ms] [LOG] !!!section {id: 7474d4eb-d4f8-4630-adf0-0004b7dcf1fe, name: Grade Test Section, description: null, status: PUBLISHED, code: GRADE-TEST} @ http://localhost:3000/_next/static/chunks/node_modules_next_dist_0bc8q4g._.js:1233
[  401773ms] [LOG] !!!section {id: e9615e0d-44fe-4f01-97a8-1f5c1a58f535, name: Japanese 101 - Spring 2026, description: Beginner Japanese conversation course, status: PUBLISHED, code: ZB0WI7} @ http://localhost:3000/_next/static/chunks/node_modules_next_dist_0bc8q4g._.js:1233
[  401788ms] [LOG] !!!section {id: 5d43d353-6ea4-4d1f-bae8-c5240e6acb69, name: Grade Test Section, description: null, status: PUBLISHED, code: GRADE-TEST} @ http://localhost:3000/_next/static/chunks/node_modules_next_dist_0bc8q4g._.js:1233
[  401803ms] [LOG] !!!section {id: db67195f-f706-4160-9b47-b855b4aa29cd, name: Temporary Section, description: null, status: DRAFT, code: TEMP-001} @ http://localhost:3000/_next/static/chunks/node_modules_next_dist_0bc8q4g._.js:1233
[  401805ms] [LOG] !!!section {id: 47656fed-1826-46b7-b3a1-c9ceb78da9a8, name: Test Section, description: null, status: PUBLISHED, code: TEST-001} @ http://localhost:3000/_next/static/chunks/node_modules_next_dist_0bc8q4g._.js:1233
[  401818ms] [LOG] !!!section {id: 1ee29798-548e-4c98-8047-137a247dcb03, name: Test Section, description: null, status: PUBLISHED, code: TEST-001} @ http://localhost:3000/_next/static/chunks/node_modules_next_dist_0bc8q4g._.js:1233
[  401821ms] [LOG] !!!section {id: d8bb7cb1-9864-4008-a79c-6c9fcced077a, name: Section 2, description: null, status: PUBLISHED, code: S2} @ http://localhost:3000/_next/static/chunks/node_modules_next_dist_0bc8q4g._.js:1233
[  401837ms] [LOG] !!!section {id: 598d0820-d1d0-4e3b-8066-f11240ce4370, name: Japanese 101 - Spring 2026, description: Beginner Japanese conversation course, status: PUBLISHED, code: L2SC9C} @ http://localhost:3000/_next/static/chunks/node_modules_next_dist_0bc8q4g._.js:1233
[  401854ms] [LOG] !!!section {id: b3eba183-eb90-4b3f-a9b6-c7368016155c, name: Section 2, description: null, status: PUBLISHED, code: S2} @ http://localhost:3000/_next/static/chunks/node_modules_next_dist_0bc8q4g._.js:1233
[  401871ms] [LOG] !!!section {id: f73b55ab-be3a-4977-90cd-8695fb4bfb57, name: Original Section Name, description: Original description, status: DRAFT, code: ORIG-001} @ http://localhost:3000/_next/static/chunks/node_modules_next_dist_0bc8q4g._.js:1233
[  401888ms] [LOG] !!!section {id: 3d33ac82-7800-4882-8bf5-8a2c0d1dc7cc, name: Original Section Name, description: Original description, status: DRAFT, code: ORIG-001} @ http://localhost:3000/_next/static/chunks/node_modules_next_dist_0bc8q4g._.js:1233
[  401890ms] [LOG] !!!section {id: d0f1083d-3422-4e21-953a-78c781b7da51, name: Test Section, description: null, status: PUBLISHED, code: TEST-001} @ http://localhost:3000/_next/static/chunks/node_modules_next_dist_0bc8q4g._.js:1233
[  401904ms] [LOG] !!!section {id: cd6c83ff-ca21-4447-a4e2-8cb0f81d93db, name: Test Section, description: null, status: PUBLISHED, code: TEST-001} @ http://localhost:3000/_next/static/chunks/node_modules_next_dist_0bc8q4g._.js:1233
[  401906ms] [LOG] !!!section {id: 0fb98bed-1d11-423f-9165-18f219794312, name: Section 2, description: null, status: PUBLISHED, code: S2} @ http://localhost:3000/_next/static/chunks/node_modules_next_dist_0bc8q4g._.js:1233
[  401921ms] [LOG] !!!section {id: 778ce67d-7595-4b23-bb28-41c4233f443c, name: Japanese 101 - Spring 2026, description: Beginner Japanese conversation course, status: PUBLISHED, code: F4DP9P} @ http://localhost:3000/_next/static/chunks/node_modules_next_dist_0bc8q4g._.js:1233
[  401924ms] [LOG] !!!section {id: 40d10d70-5b8e-4f1d-962a-5b4e23bd7e50, name: Test Section, description: null, status: PUBLISHED, code: TEST-001} @ http://localhost:3000/_next/static/chunks/node_modules_next_dist_0bc8q4g._.js:1233
[  401939ms] [LOG] !!!section {id: 8bd49f0d-f626-4b9e-b4f6-85089ef66536, name: Test Section, description: null, status: PUBLISHED, code: TEST-001} @ http://localhost:3000/_next/static/chunks/node_modules_next_dist_0bc8q4g._.js:1233
[  401953ms] [LOG] !!!section {id: 51ad747f-3f3d-457f-8e63-5e572d94cdee, name: E2E Test Section 1774482736434, description: Comprehensive E2E test section for complete workflow, status: PUBLISHED, code: 641S86} @ http://localhost:3000/_next/static/chunks/node_modules_next_dist_0bc8q4g._.js:1233
[  401955ms] [LOG] !!!section {id: ffcf40b1-bec3-4a3b-abd0-b2f0d7c64c3d, name: Section 2, description: null, status: PUBLISHED, code: S2} @ http://localhost:3000/_next/static/chunks/node_modules_next_dist_0bc8q4g._.js:1233
[  401957ms] [LOG] !!!section {id: f45196f6-e3ac-46ab-a60e-7c6b58d92ec3, name: Section 2, description: null, status: PUBLISHED, code: S2} @ http://localhost:3000/_next/static/chunks/node_modules_next_dist_0bc8q4g._.js:1233
[  401971ms] [LOG] !!!section {id: 5664bef5-8a03-43f7-9fe2-1f5560df38d4, name: Section 2, description: null, status: PUBLISHED, code: S2} @ http://localhost:3000/_next/static/chunks/node_modules_next_dist_0bc8q4g._.js:1233
[  401988ms] [LOG] !!!section {id: 325495e1-910b-4a4d-83e2-b003dd294b85, name: Test Section, description: null, status: PUBLISHED, code: TEST-001} @ http://localhost:3000/_next/static/chunks/node_modules_next_dist_0bc8q4g._.js:1233
[  401991ms] [LOG] !!!section {id: afab77f1-fc64-44cc-98e2-1915399dc1f4, name: Test Section, description: null, status: PUBLISHED, code: TEST-001} @ http://localhost:3000/_next/static/chunks/node_modules_next_dist_0bc8q4g._.js:1233
[  402006ms] [LOG] !!!section {id: cdee8ece-10ee-4f7e-b863-5cbd4ef6de73, name: Japanese 101 - Spring 2026, description: Beginner Japanese conversation course, status: PUBLISHED, code: FQE3UW} @ http://localhost:3000/_next/static/chunks/node_modules_next_dist_0bc8q4g._.js:1233
[  402020ms] [LOG] !!!section {id: 953591de-0167-4311-98bb-99b8204d037b, name: Test Section, description: null, status: PUBLISHED, code: TEST-001} @ http://localhost:3000/_next/static/chunks/node_modules_next_dist_0bc8q4g._.js:1233
[  402024ms] [LOG] !!!section {id: c1be5a84-65ed-4a78-9cd4-b33b25a702b3, name: Test Section, description: null, status: PUBLISHED, code: TEST-001} @ http://localhost:3000/_next/static/chunks/node_modules_next_dist_0bc8q4g._.js:1233
[  402038ms] [LOG] !!!section {id: fab4ea86-7d86-4186-b124-22c0e1188fbe, name: Temporary Section, description: null, status: DRAFT, code: TEMP-001} @ http://localhost:3000/_next/static/chunks/node_modules_next_dist_0bc8q4g._.js:1233
[  402040ms] [LOG] !!!section {id: 272c6fcb-0ed6-4e8c-a66e-96ad9f84afa8, name: Test Section, description: null, status: PUBLISHED, code: TEST-001} @ http://localhost:3000/_next/static/chunks/node_modules_next_dist_0bc8q4g._.js:1233
[  402055ms] [LOG] !!!section {id: 0b1afe2d-5585-4b37-b32f-b7557e38f895, name: Section 2, description: null, status: PUBLISHED, code: S2} @ http://localhost:3000/_next/static/chunks/node_modules_next_dist_0bc8q4g._.js:1233
[  402069ms] [LOG] !!!section {id: 1ad02849-2bc3-41cf-9776-14b68bb96bec, name: Biology 101, description: Intro to Biology, status: PUBLISHED, code: BIO101} @ http://localhost:3000/_next/static/chunks/node_modules_next_dist_0bc8q4g._.js:1233
[  402088ms] [LOG] !!!section {id: 58f0c8e1-6a6d-4962-9a03-b2267d7f1a5e, name: Test Section, description: null, status: PUBLISHED, code: TEST-001} @ http://localhost:3000/_next/static/chunks/node_modules_next_dist_0bc8q4g._.js:1233
[  402091ms] [LOG] !!!section {id: 08e90519-911b-4a10-bacf-2cac91a0c3d1, name: Section 1, description: null, status: PUBLISHED, code: S1} @ http://localhost:3000/_next/static/chunks/node_modules_next_dist_0bc8q4g._.js:1233
[  402105ms] [LOG] !!!section {id: 2fb31ed7-d72c-4517-89f7-a3c99296ade7, name: Test Section, description: null, status: PUBLISHED, code: TEST-001} @ http://localhost:3000/_next/static/chunks/node_modules_next_dist_0bc8q4g._.js:1233
[  402120ms] [LOG] !!!section {id: 4a271b66-8cd6-45d1-a8fc-621a893756b5, name: Test Section, description: null, status: PUBLISHED, code: TEST-001} @ http://localhost:3000/_next/static/chunks/node_modules_next_dist_0bc8q4g._.js:1233
[  402207ms] [LOG] !!!section {id: cdc36b52-eaef-401c-bcb1-9f72c0e176b8, name: Grade Test Section, description: null, status: PUBLISHED, code: GRADE-TEST} @ http://localhost:3000/_next/static/chunks/node_modules_next_dist_0bc8q4g._.js:1233
[  402222ms] [LOG] !!!section {id: 7ab6f9cf-375e-435d-bd2d-66c3eca50250, name: Section 1, description: null, status: PUBLISHED, code: S1} @ http://localhost:3000/_next/static/chunks/node_modules_next_dist_0bc8q4g._.js:1233
[  402236ms] [LOG] !!!section {id: 3b09795f-fa6e-47b2-854f-725efca79cd6, name: Section 2, description: null, status: PUBLISHED, code: S2} @ http://localhost:3000/_next/static/chunks/node_modules_next_dist_0bc8q4g._.js:1233
[  402240ms] [LOG] !!!section {id: 7da11483-c739-4b58-83e8-ba78e5031feb, name: Test Section, description: null, status: PUBLISHED, code: TEST-001} @ http://localhost:3000/_next/static/chunks/node_modules_next_dist_0bc8q4g._.js:1233
[  402254ms] [LOG] !!!section {id: dcc4587b-79f3-477f-b26f-479a094daf43, name: Test Section, description: null, status: PUBLISHED, code: TEST-001} @ http://localhost:3000/_next/static/chunks/node_modules_next_dist_0bc8q4g._.js:1233
[  402256ms] [LOG] !!!section {id: 721ac42d-575d-426f-bde4-aa604647cd9c, name: Test Section, description: null, status: PUBLISHED, code: TEST-001} @ http://localhost:3000/_next/static/chunks/node_modules_next_dist_0bc8q4g._.js:1233
[  402258ms] [LOG] !!!section {id: ce07b087-6fcd-4e1b-8ece-6a9a515e92e3, name: Section 2, description: null, status: PUBLISHED, code: S2} @ http://localhost:3000/_next/static/chunks/node_modules_next_dist_0bc8q4g._.js:1233
[  402272ms] [LOG] !!!section {id: b283d62f-d737-420f-a056-9c58f4479129, name: Original Section Name, description: Original description, status: DRAFT, code: ORIG-001} @ http://localhost:3000/_next/static/chunks/node_modules_next_dist_0bc8q4g._.js:1233
[  402274ms] [LOG] !!!section {id: dfab9461-9053-4a22-94f2-cc948185420e, name: Test Section, description: null, status: PUBLISHED, code: TEST-001} @ http://localhost:3000/_next/static/chunks/node_modules_next_dist_0bc8q4g._.js:1233
[  402288ms] [LOG] !!!section {id: 163c8180-e408-421f-b1de-7fafc01dbb20, name: Test Section, description: null, status: PUBLISHED, code: TEST-001} @ http://localhost:3000/_next/static/chunks/node_modules_next_dist_0bc8q4g._.js:1233
[  402290ms] [LOG] !!!section {id: a5be67ff-933a-45e7-a7fa-2730bdbcd286, name: Test Section, description: null, status: PUBLISHED, code: TEST-001} @ http://localhost:3000/_next/static/chunks/node_modules_next_dist_0bc8q4g._.js:1233
[  402303ms] [LOG] !!!section {id: 31bfc515-2692-49ea-b688-cd1955f53a5c, name: Test Section, description: null, status: PUBLISHED, code: TEST-001} @ http://localhost:3000/_next/static/chunks/node_modules_next_dist_0bc8q4g._.js:1233
[  402305ms] [LOG] !!!section {id: 5ae5a18a-73f8-42d5-8a68-026aab750c41, name: Grade Test Section, description: null, status: PUBLISHED, code: GRADE-TEST} @ http://localhost:3000/_next/static/chunks/node_modules_next_dist_0bc8q4g._.js:1233
[  402307ms] [LOG] !!!section {id: 499fdec3-da8d-4ef4-92d8-291d0cbd2fab, name: Temporary Section, description: null, status: DRAFT, code: TEMP-001} @ http://localhost:3000/_next/static/chunks/node_modules_next_dist_0bc8q4g._.js:1233
[  402355ms] [LOG] !!!section {id: 84427f7a-75f9-474a-b7b1-2839ac657737, name: Original Section Name, description: Original description, status: DRAFT, code: ORIG-001} @ http://localhost:3000/_next/static/chunks/node_modules_next_dist_0bc8q4g._.js:1233
[  402357ms] [LOG] !!!section {id: db7919cc-2bf4-43db-acc9-559aebba73ed, name: Test Section, description: null, status: PUBLISHED, code: TEST-001} @ http://localhost:3000/_next/static/chunks/node_modules_next_dist_0bc8q4g._.js:1233
[  402371ms] [LOG] !!!section {id: 340113f1-94d9-473a-8528-228b8dca613d, name: Original Section Name, description: Original description, status: DRAFT, code: ORIG-001} @ http://localhost:3000/_next/static/chunks/node_modules_next_dist_0bc8q4g._.js:1233
[  402390ms] [LOG] !!!section {id: 36629e2a-d5da-4bf4-85c4-3aa9b27c65c7, name: Biology 101, description: Intro to Biology, status: PUBLISHED, code: BIO101} @ http://localhost:3000/_next/static/chunks/node_modules_next_dist_0bc8q4g._.js:1233
[  402420ms] [LOG] !!!section {id: 6725abf3-d692-40cd-9658-00c68b2f5ba4, name: Test Section, description: null, status: PUBLISHED, code: TEST-001} @ http://localhost:3000/_next/static/chunks/node_modules_next_dist_0bc8q4g._.js:1233
[  402439ms] [LOG] !!!section {id: 76990e7b-682c-44f5-82f5-1de4221deb80, name: Test Section, description: null, status: PUBLISHED, code: TEST-001} @ http://localhost:3000/_next/static/chunks/node_modules_next_dist_0bc8q4g._.js:1233
[  402455ms] [LOG] !!!section {id: fbe39c35-7869-4327-92b8-f250013ca5ec, name: Japanese 101 - Spring 2026, description: Beginner Japanese conversation course, status: PUBLISHED, code: 155E99} @ http://localhost:3000/_next/static/chunks/node_modules_next_dist_0bc8q4g._.js:1233
[  402487ms] [LOG] !!!section {id: 19ec384c-5eb7-4e0e-866b-3337e09d0f9e, name: Grade Test Section, description: null, status: PUBLISHED, code: GRADE-TEST} @ http://localhost:3000/_next/static/chunks/node_modules_next_dist_0bc8q4g._.js:1233
[  402489ms] [LOG] !!!section {id: dd6a79ba-c532-4342-bf2c-796440baadd4, name: Section 2, description: null, status: PUBLISHED, code: S2} @ http://localhost:3000/_next/static/chunks/node_modules_next_dist_0bc8q4g._.js:1233
[  402491ms] [LOG] !!!section {id: e23ab46c-a060-41aa-8e07-a6b4c18cc792, name: Japanese 101 - Spring 2026, description: Beginner Japanese conversation course, status: PUBLISHED, code: MOJKQL} @ http://localhost:3000/_next/static/chunks/node_modules_next_dist_0bc8q4g._.js:1233
[  402504ms] [LOG] !!!section {id: e584b66b-d3a2-4018-a621-040e2c4131c9, name: Test Section, description: null, status: PUBLISHED, code: TEST-001} @ http://localhost:3000/_next/static/chunks/node_modules_next_dist_0bc8q4g._.js:1233
[  402506ms] [LOG] !!!section {id: da00f42c-71b5-44e6-a86e-f56a0d833a5f, name: Test Section, description: null, status: PUBLISHED, code: TEST-001} @ http://localhost:3000/_next/static/chunks/node_modules_next_dist_0bc8q4g._.js:1233
[  402508ms] [LOG] !!!section {id: 4bd499b1-c875-4a07-b7c7-d95bbf5f88e0, name: Biology 101, description: Intro to Biology, status: PUBLISHED, code: BIO101} @ http://localhost:3000/_next/static/chunks/node_modules_next_dist_0bc8q4g._.js:1233
[  402522ms] [LOG] !!!section {id: 863ed865-a2d6-4688-951c-3397eb1e5cd4, name: Test Section, description: null, status: PUBLISHED, code: TEST-001} @ http://localhost:3000/_next/static/chunks/node_modules_next_dist_0bc8q4g._.js:1233
[  402524ms] [LOG] !!!section {id: f5d362dc-7565-45ab-8f8b-30f7da60af74, name: Section 2, description: null, status: PUBLISHED, code: S2} @ http://localhost:3000/_next/static/chunks/node_modules_next_dist_0bc8q4g._.js:1233
[  402537ms] [LOG] !!!section {id: f6ef8547-c14f-4f81-8916-5b3a028131c0, name: Biology 101, description: Intro to Biology, status: PUBLISHED, code: BIO101} @ http://localhost:3000/_next/static/chunks/node_modules_next_dist_0bc8q4g._.js:1233
[  402539ms] [LOG] !!!section {id: 9d18094f-e3b7-4971-8cec-9e4c60ff59ec, name: Test Section, description: null, status: PUBLISHED, code: TEST-001} @ http://localhost:3000/_next/static/chunks/node_modules_next_dist_0bc8q4g._.js:1233
[  402541ms] [LOG] !!!section {id: 2ae9063e-f6a8-469c-9cd0-28cdee36ed26, name: E2E Test Section 1774368275525, description: Comprehensive E2E test section for complete workflow, status: PUBLISHED, code: 6NGKL2} @ http://localhost:3000/_next/static/chunks/node_modules_next_dist_0bc8q4g._.js:1233
[  402557ms] [LOG] [sections.jsx] canViewInstructorDashboard: false isInstructor: false ownedSections.length: 0 @ http://localhost:3000/_next/static/chunks/node_modules_next_dist_0bc8q4g._.js:1233
[  402574ms] [LOG] sections [Object, Object, Object, Object, Object, Object, Object, Object, Object, Object, Object, Object, Object, Object, Object, Object, Object, Object, Object, Object, Object, Object, Object, Object, Object, Object, Object, Object, Object, Object, Object, Object, Object, Object, Object, Object, Object, Object, Object, Object, Object, Object, Object, Object, Object, Object, Object, Object, Object, Object, Object, Object, Object, Object, Object, Object, Object, Object, Object, Object, Object, Object, Object, Object, Object, Object, Object, Object, Object, Object, Object, Object, Object, Object, Object, Object, Object, Object, Object, Object, Object, Object, Object, Object, Object, Object, Object, Object, Object, Object, Object, Object, Object, Object, Object, Object, Object, Object, Object, Object] @ http://localhost:3000/_next/static/chunks/node_modules_next_dist_0bc8q4g._.js:1233
[  402592ms] [LOG] !!!section {id: 485a1ffa-bd40-45ca-96de-f58bc6fc0894, name: Original Section Name, description: Original description, status: DRAFT, code: ORIG-001} @ http://localhost:3000/_next/static/chunks/node_modules_next_dist_0bc8q4g._.js:1233
[  402607ms] [LOG] !!!section {id: a82ad425-66f4-4ae7-ab72-2de04258ddea, name: Grade Test Section, description: null, status: PUBLISHED, code: GRADE-TEST} @ http://localhost:3000/_next/static/chunks/node_modules_next_dist_0bc8q4g._.js:1233
[  402609ms] [LOG] !!!section {id: 26097bd0-b922-4ada-9b21-83db389944fa, name: Biology 101, description: Intro to Biology, status: PUBLISHED, code: BIO101} @ http://localhost:3000/_next/static/chunks/node_modules_next_dist_0bc8q4g._.js:1233
[  402624ms] [LOG] !!!section {id: 6a041ff4-e7ed-47ca-b2bd-0d35b84614b3, name: Test Section, description: null, status: PUBLISHED, code: TEST-001} @ http://localhost:3000/_next/static/chunks/node_modules_next_dist_0bc8q4g._.js:1233
[  402639ms] [LOG] !!!section {id: 674343a8-ce09-4fee-8772-5e9e5d60482c, name: Biology 101, description: Intro to Biology, status: PUBLISHED, code: BIO101} @ http://localhost:3000/_next/static/chunks/node_modules_next_dist_0bc8q4g._.js:1233
[  402655ms] [LOG] !!!section {id: 2a7ae578-0be1-43dd-ba5e-6e224b3b617b, name: Test Section, description: null, status: PUBLISHED, code: TEST-001} @ http://localhost:3000/_next/static/chunks/node_modules_next_dist_0bc8q4g._.js:1233
[  402672ms] [LOG] !!!section {id: f156b5e2-8491-4935-9990-a4dab652241c, name: Original Section Name, description: Original description, status: DRAFT, code: ORIG-001} @ http://localhost:3000/_next/static/chunks/node_modules_next_dist_0bc8q4g._.js:1233
[  402674ms] [LOG] !!!section {id: e002e526-7c0a-4067-abbf-4e53158c61c4, name: Section 2, description: null, status: PUBLISHED, code: S2} @ http://localhost:3000/_next/static/chunks/node_modules_next_dist_0bc8q4g._.js:1233
[  402688ms] [LOG] !!!section {id: b8cb47e8-35ca-44af-a9d7-3587acd0d179, name: Japanese 101 - Spring 2026, description: Beginner Japanese conversation course, status: PUBLISHED, code: 66CE6L} @ http://localhost:3000/_next/static/chunks/node_modules_next_dist_0bc8q4g._.js:1233
[  402691ms] [LOG] !!!section {id: af3e03f0-54df-4df7-8bd7-efb065f3432e, name: Grade Test Section, description: null, status: PUBLISHED, code: GRADE-TEST} @ http://localhost:3000/_next/static/chunks/node_modules_next_dist_0bc8q4g._.js:1233
[  402704ms] [LOG] !!!section {id: edf9e7cf-c21c-45a0-bc50-a8e508ea2815, name: Test Section, description: null, status: PUBLISHED, code: TEST-001} @ http://localhost:3000/_next/static/chunks/node_modules_next_dist_0bc8q4g._.js:1233
[  402708ms] [LOG] !!!section {id: 64def60a-7fa3-475b-8204-22e46b123b29, name: E2E Test Section 1774369286656, description: Comprehensive E2E test section for complete workflow, status: PUBLISHED, code: I4OX3T} @ http://localhost:3000/_next/static/chunks/node_modules_next_dist_0bc8q4g._.js:1233
[  402725ms] [LOG] !!!section {id: aaf5a906-30aa-4c74-b5d5-5feeed95e612, name: Test Section, description: null, status: PUBLISHED, code: TEST-001} @ http://localhost:3000/_next/static/chunks/node_modules_next_dist_0bc8q4g._.js:1233
[  402742ms] [LOG] !!!section {id: 80d216c8-4dc2-4433-92c4-386ca2a20bff, name: Test Section, description: null, status: PUBLISHED, code: TEST-001} @ http://localhost:3000/_next/static/chunks/node_modules_next_dist_0bc8q4g._.js:1233
[  402774ms] [LOG] !!!section {id: 5fb5cef5-e44b-4ec7-8be4-1d6f341dd780, name: Japanese 101 - Spring 2026, description: Beginner Japanese conversation course, status: PUBLISHED, code: FX28Q4} @ http://localhost:3000/_next/static/chunks/node_modules_next_dist_0bc8q4g._.js:1233
[  402790ms] [LOG] !!!section {id: fe9fc83c-99e9-4aa8-b3d9-21c7f351fe0c, name: Test Section, description: null, status: PUBLISHED, code: TEST-001} @ http://localhost:3000/_next/static/chunks/node_modules_next_dist_0bc8q4g._.js:1233
[  402808ms] [LOG] !!!section {id: 3dfb4edd-69ec-405a-8a05-335329e4e583, name: Temporary Section, description: null, status: DRAFT, code: TEMP-001} @ http://localhost:3000/_next/static/chunks/node_modules_next_dist_0bc8q4g._.js:1233
[  402825ms] [LOG] !!!section {id: b7d6cc52-d89b-4238-8ce3-9bf414f3e740, name: Test Section, description: null, status: PUBLISHED, code: TEST-001} @ http://localhost:3000/_next/static/chunks/node_modules_next_dist_0bc8q4g._.js:1233
[  402841ms] [LOG] !!!section {id: 70cb413e-59e0-4eaf-9dae-06bb2ac40a5d, name: Test Section, description: null, status: PUBLISHED, code: TEST-001} @ http://localhost:3000/_next/static/chunks/node_modules_next_dist_0bc8q4g._.js:1233
[  402875ms] [LOG] !!!section {id: 90f3d548-5fd7-41ff-9014-d281ee585be1, name: Section 1, description: null, status: PUBLISHED, code: S1} @ http://localhost:3000/_next/static/chunks/node_modules_next_dist_0bc8q4g._.js:1233
[  402891ms] [LOG] !!!section {id: 108127c7-99e1-4d27-9235-326438a65ff9, name: Test Section, description: null, status: PUBLISHED, code: TEST-001} @ http://localhost:3000/_next/static/chunks/node_modules_next_dist_0bc8q4g._.js:1233
[  402908ms] [LOG] !!!section {id: 4168c41f-9a2a-416d-98fd-c7c56ed3f16d, name: Test Section, description: null, status: PUBLISHED, code: TEST-001} @ http://localhost:3000/_next/static/chunks/node_modules_next_dist_0bc8q4g._.js:1233
[  402923ms] [LOG] !!!section {id: 4b1d5ed4-2c83-4f7e-b33e-7e39f7e8b582, name: Test Section, description: null, status: PUBLISHED, code: TEST-001} @ http://localhost:3000/_next/static/chunks/node_modules_next_dist_0bc8q4g._.js:1233
[  402940ms] [LOG] !!!section {id: 76aede11-b41a-4679-8272-c4b2d813e242, name: Japanese 101 - Spring 2026, description: Beginner Japanese conversation course, status: PUBLISHED, code: 032DY9} @ http://localhost:3000/_next/static/chunks/node_modules_next_dist_0bc8q4g._.js:1233
[  402957ms] [LOG] !!!section {id: 0e3121d1-22dc-4025-86fe-89d879d0f4b8, name: Biology 101, description: Intro to Biology, status: PUBLISHED, code: BIO101} @ http://localhost:3000/_next/static/chunks/node_modules_next_dist_0bc8q4g._.js:1233
[  402973ms] [LOG] !!!section {id: 7cc60b3d-5141-4ccc-885c-0f761d6aadd2, name: Section 2, description: null, status: PUBLISHED, code: S2} @ http://localhost:3000/_next/static/chunks/node_modules_next_dist_0bc8q4g._.js:1233
[  402975ms] [LOG] !!!section {id: 3866b8a5-0967-46bf-b738-16011e0ee5d2, name: Test Section, description: null, status: PUBLISHED, code: TEST-001} @ http://localhost:3000/_next/static/chunks/node_modules_next_dist_0bc8q4g._.js:1233
[  402991ms] [LOG] !!!section {id: 9f5926eb-7622-421e-85b6-f0240478e0b4, name: Test Section, description: null, status: PUBLISHED, code: TEST-001} @ http://localhost:3000/_next/static/chunks/node_modules_next_dist_0bc8q4g._.js:1233
[  403023ms] [LOG] !!!section {id: 8576ea2e-5918-4016-9e8b-880d4060cce1, name: Section 2, description: null, status: PUBLISHED, code: S2} @ http://localhost:3000/_next/static/chunks/node_modules_next_dist_0bc8q4g._.js:1233
[  403025ms] [LOG] !!!section {id: 029af6d7-18c6-4f03-b1ed-f7c9a18e3797, name: Test Section, description: null, status: PUBLISHED, code: TEST-001} @ http://localhost:3000/_next/static/chunks/node_modules_next_dist_0bc8q4g._.js:1233
[  403039ms] [LOG] !!!section {id: c134f150-7cab-4825-984b-4848d2f8daad, name: Test Section, description: null, status: PUBLISHED, code: TEST-001} @ http://localhost:3000/_next/static/chunks/node_modules_next_dist_0bc8q4g._.js:1233
[  403042ms] [LOG] !!!section {id: 92d79627-e95c-4648-aa46-7ec92087f837, name: Test Section, description: null, status: PUBLISHED, code: TEST-001} @ http://localhost:3000/_next/static/chunks/node_modules_next_dist_0bc8q4g._.js:1233
[  403056ms] [LOG] !!!section {id: f48e984a-3ca4-4cec-8ba4-5a2626b51de3, name: Temporary Section, description: null, status: DRAFT, code: TEMP-001} @ http://localhost:3000/_next/static/chunks/node_modules_next_dist_0bc8q4g._.js:1233
[  403059ms] [LOG] !!!section {id: 120aa2f0-ef90-4315-9fde-d772745cfb2c, name: Test Section, description: null, status: PUBLISHED, code: TEST-001} @ http://localhost:3000/_next/static/chunks/node_modules_next_dist_0bc8q4g._.js:1233
[  403072ms] [LOG] !!!section {id: 7474d4eb-d4f8-4630-adf0-0004b7dcf1fe, name: Grade Test Section, description: null, status: PUBLISHED, code: GRADE-TEST} @ http://localhost:3000/_next/static/chunks/node_modules_next_dist_0bc8q4g._.js:1233
[  403074ms] [LOG] !!!section {id: e9615e0d-44fe-4f01-97a8-1f5c1a58f535, name: Japanese 101 - Spring 2026, description: Beginner Japanese conversation course, status: PUBLISHED, code: ZB0WI7} @ http://localhost:3000/_next/static/chunks/node_modules_next_dist_0bc8q4g._.js:1233
[  403076ms] [LOG] !!!section {id: 5d43d353-6ea4-4d1f-bae8-c5240e6acb69, name: Grade Test Section, description: null, status: PUBLISHED, code: GRADE-TEST} @ http://localhost:3000/_next/static/chunks/node_modules_next_dist_0bc8q4g._.js:1233
[  403105ms] [LOG] !!!section {id: db67195f-f706-4160-9b47-b855b4aa29cd, name: Temporary Section, description: null, status: DRAFT, code: TEMP-001} @ http://localhost:3000/_next/static/chunks/node_modules_next_dist_0bc8q4g._.js:1233
[  403109ms] [LOG] !!!section {id: 47656fed-1826-46b7-b3a1-c9ceb78da9a8, name: Test Section, description: null, status: PUBLISHED, code: TEST-001} @ http://localhost:3000/_next/static/chunks/node_modules_next_dist_0bc8q4g._.js:1233
[  403122ms] [LOG] !!!section {id: 1ee29798-548e-4c98-8047-137a247dcb03, name: Test Section, description: null, status: PUBLISHED, code: TEST-001} @ http://localhost:3000/_next/static/chunks/node_modules_next_dist_0bc8q4g._.js:1233
[  403125ms] [LOG] !!!section {id: d8bb7cb1-9864-4008-a79c-6c9fcced077a, name: Section 2, description: null, status: PUBLISHED, code: S2} @ http://localhost:3000/_next/static/chunks/node_modules_next_dist_0bc8q4g._.js:1233
[  403126ms] [LOG] !!!section {id: 598d0820-d1d0-4e3b-8066-f11240ce4370, name: Japanese 101 - Spring 2026, description: Beginner Japanese conversation course, status: PUBLISHED, code: L2SC9C} @ http://localhost:3000/_next/static/chunks/node_modules_next_dist_0bc8q4g._.js:1233
[  403141ms] [LOG] !!!section {id: b3eba183-eb90-4b3f-a9b6-c7368016155c, name: Section 2, description: null, status: PUBLISHED, code: S2} @ http://localhost:3000/_next/static/chunks/node_modules_next_dist_0bc8q4g._.js:1233
[  403143ms] [LOG] !!!section {id: f73b55ab-be3a-4977-90cd-8695fb4bfb57, name: Original Section Name, description: Original description, status: DRAFT, code: ORIG-001} @ http://localhost:3000/_next/static/chunks/node_modules_next_dist_0bc8q4g._.js:1233
[  403189ms] [LOG] !!!section {id: 3d33ac82-7800-4882-8bf5-8a2c0d1dc7cc, name: Original Section Name, description: Original description, status: DRAFT, code: ORIG-001} @ http://localhost:3000/_next/static/chunks/node_modules_next_dist_0bc8q4g._.js:1233
[  403209ms] [LOG] !!!section {id: d0f1083d-3422-4e21-953a-78c781b7da51, name: Test Section, description: null, status: PUBLISHED, code: TEST-001} @ http://localhost:3000/_next/static/chunks/node_modules_next_dist_0bc8q4g._.js:1233
[  403225ms] [LOG] !!!section {id: cd6c83ff-ca21-4447-a4e2-8cb0f81d93db, name: Test Section, description: null, status: PUBLISHED, code: TEST-001} @ http://localhost:3000/_next/static/chunks/node_modules_next_dist_0bc8q4g._.js:1233
[  403241ms] [LOG] !!!section {id: 0fb98bed-1d11-423f-9165-18f219794312, name: Section 2, description: null, status: PUBLISHED, code: S2} @ http://localhost:3000/_next/static/chunks/node_modules_next_dist_0bc8q4g._.js:1233
[  403243ms] [LOG] !!!section {id: 778ce67d-7595-4b23-bb28-41c4233f443c, name: Japanese 101 - Spring 2026, description: Beginner Japanese conversation course, status: PUBLISHED, code: F4DP9P} @ http://localhost:3000/_next/static/chunks/node_modules_next_dist_0bc8q4g._.js:1233
[  403257ms] [LOG] !!!section {id: 40d10d70-5b8e-4f1d-962a-5b4e23bd7e50, name: Test Section, description: null, status: PUBLISHED, code: TEST-001} @ http://localhost:3000/_next/static/chunks/node_modules_next_dist_0bc8q4g._.js:1233
[  403259ms] [LOG] !!!section {id: 8bd49f0d-f626-4b9e-b4f6-85089ef66536, name: Test Section, description: null, status: PUBLISHED, code: TEST-001} @ http://localhost:3000/_next/static/chunks/node_modules_next_dist_0bc8q4g._.js:1233
[  403273ms] [LOG] !!!section {id: 51ad747f-3f3d-457f-8e63-5e572d94cdee, name: E2E Test Section 1774482736434, description: Comprehensive E2E test section for complete workflow, status: PUBLISHED, code: 641S86} @ http://localhost:3000/_next/static/chunks/node_modules_next_dist_0bc8q4g._.js:1233
[  403289ms] [LOG] !!!section {id: ffcf40b1-bec3-4a3b-abd0-b2f0d7c64c3d, name: Section 2, description: null, status: PUBLISHED, code: S2} @ http://localhost:3000/_next/static/chunks/node_modules_next_dist_0bc8q4g._.js:1233
[  403291ms] [LOG] !!!section {id: f45196f6-e3ac-46ab-a60e-7c6b58d92ec3, name: Section 2, description: null, status: PUBLISHED, code: S2} @ http://localhost:3000/_next/static/chunks/node_modules_next_dist_0bc8q4g._.js:1233
[  403292ms] [LOG] !!!section {id: 5664bef5-8a03-43f7-9fe2-1f5560df38d4, name: Section 2, description: null, status: PUBLISHED, code: S2} @ http://localhost:3000/_next/static/chunks/node_modules_next_dist_0bc8q4g._.js:1233
[  403306ms] [LOG] !!!section {id: 325495e1-910b-4a4d-83e2-b003dd294b85, name: Test Section, description: null, status: PUBLISHED, code: TEST-001} @ http://localhost:3000/_next/static/chunks/node_modules_next_dist_0bc8q4g._.js:1233
[  403308ms] [LOG] !!!section {id: afab77f1-fc64-44cc-98e2-1915399dc1f4, name: Test Section, description: null, status: PUBLISHED, code: TEST-001} @ http://localhost:3000/_next/static/chunks/node_modules_next_dist_0bc8q4g._.js:1233
[  403309ms] [LOG] !!!section {id: cdee8ece-10ee-4f7e-b863-5cbd4ef6de73, name: Japanese 101 - Spring 2026, description: Beginner Japanese conversation course, status: PUBLISHED, code: FQE3UW} @ http://localhost:3000/_next/static/chunks/node_modules_next_dist_0bc8q4g._.js:1233
[  403322ms] [LOG] !!!section {id: 953591de-0167-4311-98bb-99b8204d037b, name: Test Section, description: null, status: PUBLISHED, code: TEST-001} @ http://localhost:3000/_next/static/chunks/node_modules_next_dist_0bc8q4g._.js:1233
[  403324ms] [LOG] !!!section {id: c1be5a84-65ed-4a78-9cd4-b33b25a702b3, name: Test Section, description: null, status: PUBLISHED, code: TEST-001} @ http://localhost:3000/_next/static/chunks/node_modules_next_dist_0bc8q4g._.js:1233
[  403325ms] [LOG] !!!section {id: fab4ea86-7d86-4186-b124-22c0e1188fbe, name: Temporary Section, description: null, status: DRAFT, code: TEMP-001} @ http://localhost:3000/_next/static/chunks/node_modules_next_dist_0bc8q4g._.js:1233
[  403327ms] [LOG] !!!section {id: 272c6fcb-0ed6-4e8c-a66e-96ad9f84afa8, name: Test Section, description: null, status: PUBLISHED, code: TEST-001} @ http://localhost:3000/_next/static/chunks/node_modules_next_dist_0bc8q4g._.js:1233
[  403340ms] [LOG] !!!section {id: 0b1afe2d-5585-4b37-b32f-b7557e38f895, name: Section 2, description: null, status: PUBLISHED, code: S2} @ http://localhost:3000/_next/static/chunks/node_modules_next_dist_0bc8q4g._.js:1233
[  403341ms] [LOG] !!!section {id: 1ad02849-2bc3-41cf-9776-14b68bb96bec, name: Biology 101, description: Intro to Biology, status: PUBLISHED, code: BIO101} @ http://localhost:3000/_next/static/chunks/node_modules_next_dist_0bc8q4g._.js:1233
[  403343ms] [LOG] !!!section {id: 58f0c8e1-6a6d-4962-9a03-b2267d7f1a5e, name: Test Section, description: null, status: PUBLISHED, code: TEST-001} @ http://localhost:3000/_next/static/chunks/node_modules_next_dist_0bc8q4g._.js:1233
[  403356ms] [LOG] !!!section {id: 08e90519-911b-4a10-bacf-2cac91a0c3d1, name: Section 1, description: null, status: PUBLISHED, code: S1} @ http://localhost:3000/_next/static/chunks/node_modules_next_dist_0bc8q4g._.js:1233
[  403358ms] [LOG] !!!section {id: 2fb31ed7-d72c-4517-89f7-a3c99296ade7, name: Test Section, description: null, status: PUBLISHED, code: TEST-001} @ http://localhost:3000/_next/static/chunks/node_modules_next_dist_0bc8q4g._.js:1233
[  403359ms] [LOG] !!!section {id: 4a271b66-8cd6-45d1-a8fc-621a893756b5, name: Test Section, description: null, status: PUBLISHED, code: TEST-001} @ http://localhost:3000/_next/static/chunks/node_modules_next_dist_0bc8q4g._.js:1233
[  403373ms] [LOG] !!!section {id: cdc36b52-eaef-401c-bcb1-9f72c0e176b8, name: Grade Test Section, description: null, status: PUBLISHED, code: GRADE-TEST} @ http://localhost:3000/_next/static/chunks/node_modules_next_dist_0bc8q4g._.js:1233
[  403375ms] [LOG] !!!section {id: 7ab6f9cf-375e-435d-bd2d-66c3eca50250, name: Section 1, description: null, status: PUBLISHED, code: S1} @ http://localhost:3000/_next/static/chunks/node_modules_next_dist_0bc8q4g._.js:1233
[  403393ms] [LOG] !!!section {id: 3b09795f-fa6e-47b2-854f-725efca79cd6, name: Section 2, description: null, status: PUBLISHED, code: S2} @ http://localhost:3000/_next/static/chunks/node_modules_next_dist_0bc8q4g._.js:1233
[  403409ms] [LOG] !!!section {id: 7da11483-c739-4b58-83e8-ba78e5031feb, name: Test Section, description: null, status: PUBLISHED, code: TEST-001} @ http://localhost:3000/_next/static/chunks/node_modules_next_dist_0bc8q4g._.js:1233
[  403426ms] [LOG] !!!section {id: dcc4587b-79f3-477f-b26f-479a094daf43, name: Test Section, description: null, status: PUBLISHED, code: TEST-001} @ http://localhost:3000/_next/static/chunks/node_modules_next_dist_0bc8q4g._.js:1233
[  403443ms] [LOG] !!!section {id: 721ac42d-575d-426f-bde4-aa604647cd9c, name: Test Section, description: null, status: PUBLISHED, code: TEST-001} @ http://localhost:3000/_next/static/chunks/node_modules_next_dist_0bc8q4g._.js:1233
[  403459ms] [LOG] !!!section {id: ce07b087-6fcd-4e1b-8ece-6a9a515e92e3, name: Section 2, description: null, status: PUBLISHED, code: S2} @ http://localhost:3000/_next/static/chunks/node_modules_next_dist_0bc8q4g._.js:1233
[  403493ms] [LOG] !!!section {id: b283d62f-d737-420f-a056-9c58f4479129, name: Original Section Name, description: Original description, status: DRAFT, code: ORIG-001} @ http://localhost:3000/_next/static/chunks/node_modules_next_dist_0bc8q4g._.js:1233
[  403526ms] [LOG] !!!section {id: dfab9461-9053-4a22-94f2-cc948185420e, name: Test Section, description: null, status: PUBLISHED, code: TEST-001} @ http://localhost:3000/_next/static/chunks/node_modules_next_dist_0bc8q4g._.js:1233
[  403544ms] [LOG] !!!section {id: 163c8180-e408-421f-b1de-7fafc01dbb20, name: Test Section, description: null, status: PUBLISHED, code: TEST-001} @ http://localhost:3000/_next/static/chunks/node_modules_next_dist_0bc8q4g._.js:1233
[  403557ms] [LOG] !!!section {id: a5be67ff-933a-45e7-a7fa-2730bdbcd286, name: Test Section, description: null, status: PUBLISHED, code: TEST-001} @ http://localhost:3000/_next/static/chunks/node_modules_next_dist_0bc8q4g._.js:1233
[  403559ms] [LOG] !!!section {id: 31bfc515-2692-49ea-b688-cd1955f53a5c, name: Test Section, description: null, status: PUBLISHED, code: TEST-001} @ http://localhost:3000/_next/static/chunks/node_modules_next_dist_0bc8q4g._.js:1233
[  403560ms] [LOG] !!!section {id: 5ae5a18a-73f8-42d5-8a68-026aab750c41, name: Grade Test Section, description: null, status: PUBLISHED, code: GRADE-TEST} @ http://localhost:3000/_next/static/chunks/node_modules_next_dist_0bc8q4g._.js:1233
[  403574ms] [LOG] !!!section {id: 499fdec3-da8d-4ef4-92d8-291d0cbd2fab, name: Temporary Section, description: null, status: DRAFT, code: TEMP-001} @ http://localhost:3000/_next/static/chunks/node_modules_next_dist_0bc8q4g._.js:1233
[  403576ms] [LOG] !!!section {id: 84427f7a-75f9-474a-b7b1-2839ac657737, name: Original Section Name, description: Original description, status: DRAFT, code: ORIG-001} @ http://localhost:3000/_next/static/chunks/node_modules_next_dist_0bc8q4g._.js:1233
[  403578ms] [LOG] !!!section {id: db7919cc-2bf4-43db-acc9-559aebba73ed, name: Test Section, description: null, status: PUBLISHED, code: TEST-001} @ http://localhost:3000/_next/static/chunks/node_modules_next_dist_0bc8q4g._.js:1233
[  403590ms] [LOG] !!!section {id: 340113f1-94d9-473a-8528-228b8dca613d, name: Original Section Name, description: Original description, status: DRAFT, code: ORIG-001} @ http://localhost:3000/_next/static/chunks/node_modules_next_dist_0bc8q4g._.js:1233
[  403592ms] [LOG] !!!section {id: 36629e2a-d5da-4bf4-85c4-3aa9b27c65c7, name: Biology 101, description: Intro to Biology, status: PUBLISHED, code: BIO101} @ http://localhost:3000/_next/static/chunks/node_modules_next_dist_0bc8q4g._.js:1233
[  403594ms] [LOG] !!!section {id: 6725abf3-d692-40cd-9658-00c68b2f5ba4, name: Test Section, description: null, status: PUBLISHED, code: TEST-001} @ http://localhost:3000/_next/static/chunks/node_modules_next_dist_0bc8q4g._.js:1233
[  403607ms] [LOG] !!!section {id: 76990e7b-682c-44f5-82f5-1de4221deb80, name: Test Section, description: null, status: PUBLISHED, code: TEST-001} @ http://localhost:3000/_next/static/chunks/node_modules_next_dist_0bc8q4g._.js:1233
[  403609ms] [LOG] !!!section {id: fbe39c35-7869-4327-92b8-f250013ca5ec, name: Japanese 101 - Spring 2026, description: Beginner Japanese conversation course, status: PUBLISHED, code: 155E99} @ http://localhost:3000/_next/static/chunks/node_modules_next_dist_0bc8q4g._.js:1233
[  403612ms] [LOG] !!!section {id: 19ec384c-5eb7-4e0e-866b-3337e09d0f9e, name: Grade Test Section, description: null, status: PUBLISHED, code: GRADE-TEST} @ http://localhost:3000/_next/static/chunks/node_modules_next_dist_0bc8q4g._.js:1233
[  403627ms] [LOG] !!!section {id: dd6a79ba-c532-4342-bf2c-796440baadd4, name: Section 2, description: null, status: PUBLISHED, code: S2} @ http://localhost:3000/_next/static/chunks/node_modules_next_dist_0bc8q4g._.js:1233
[  403641ms] [LOG] !!!section {id: e23ab46c-a060-41aa-8e07-a6b4c18cc792, name: Japanese 101 - Spring 2026, description: Beginner Japanese conversation course, status: PUBLISHED, code: MOJKQL} @ http://localhost:3000/_next/static/chunks/node_modules_next_dist_0bc8q4g._.js:1233
[  403643ms] [LOG] !!!section {id: e584b66b-d3a2-4018-a621-040e2c4131c9, name: Test Section, description: null, status: PUBLISHED, code: TEST-001} @ http://localhost:3000/_next/static/chunks/node_modules_next_dist_0bc8q4g._.js:1233
[  403645ms] [LOG] !!!section {id: da00f42c-71b5-44e6-a86e-f56a0d833a5f, name: Test Section, description: null, status: PUBLISHED, code: TEST-001} @ http://localhost:3000/_next/static/chunks/node_modules_next_dist_0bc8q4g._.js:1233
[  403691ms] [LOG] !!!section {id: 4bd499b1-c875-4a07-b7c7-d95bbf5f88e0, name: Biology 101, description: Intro to Biology, status: PUBLISHED, code: BIO101} @ http://localhost:3000/_next/static/chunks/node_modules_next_dist_0bc8q4g._.js:1233
[  403694ms] [LOG] !!!section {id: 863ed865-a2d6-4688-951c-3397eb1e5cd4, name: Test Section, description: null, status: PUBLISHED, code: TEST-001} @ http://localhost:3000/_next/static/chunks/node_modules_next_dist_0bc8q4g._.js:1233
[  403709ms] [LOG] !!!section {id: f5d362dc-7565-45ab-8f8b-30f7da60af74, name: Section 2, description: null, status: PUBLISHED, code: S2} @ http://localhost:3000/_next/static/chunks/node_modules_next_dist_0bc8q4g._.js:1233
[  403729ms] [LOG] !!!section {id: f6ef8547-c14f-4f81-8916-5b3a028131c0, name: Biology 101, description: Intro to Biology, status: PUBLISHED, code: BIO101} @ http://localhost:3000/_next/static/chunks/node_modules_next_dist_0bc8q4g._.js:1233
[  403775ms] [LOG] !!!section {id: 9d18094f-e3b7-4971-8cec-9e4c60ff59ec, name: Test Section, description: null, status: PUBLISHED, code: TEST-001} @ http://localhost:3000/_next/static/chunks/node_modules_next_dist_0bc8q4g._.js:1233
[  403793ms] [LOG] !!!section {id: 2ae9063e-f6a8-469c-9cd0-28cdee36ed26, name: E2E Test Section 1774368275525, description: Comprehensive E2E test section for complete workflow, status: PUBLISHED, code: 6NGKL2} @ http://localhost:3000/_next/static/chunks/node_modules_next_dist_0bc8q4g._.js:1233
[  418374ms] [ERROR] Failed to load resource: net::ERR_NETWORK_IO_SUSPENDED @ http://localhost:3000/_next/static/chunks/node_modules_%40mui_material_esm_02mfh7c._.js:0
[  418377ms] [ERROR] Failed to load resource: net::ERR_NETWORK_IO_SUSPENDED @ http://localhost:3000/_next/static/chunks/node_modules_%40aws-amplify_core_dist_esm_0_21e-q._.js:0
[  418379ms] [ERROR] Failed to load resource: net::ERR_NETWORK_IO_SUSPENDED @ http://localhost:3000/_next/static/chunks/node_modules_%40popperjs_core_lib_0wll46z._.js:0
[  418381ms] [ERROR] Failed to load resource: net::ERR_NETWORK_IO_SUSPENDED @ http://localhost:3000/_next/static/chunks/node_modules_%40mui_icons-material_esm_0papqxd._.js:0
[  418383ms] [ERROR] Failed to load resource: net::ERR_NETWORK_IO_SUSPENDED @ http://localhost:3000/_next/static/chunks/0lkd_%40aws-amplify_auth_dist_esm_0wsy_vk._.js:0
[  418385ms] [ERROR] Failed to load resource: net::ERR_NETWORK_IO_SUSPENDED @ http://localhost:3000/_next/static/chunks/node_modules_%40aws-amplify_storage_dist_esm_03bsp9~._.js:0
[  446347ms] [INFO] %cDownload the React DevTools for a better development experience: https://reactjs.org/link/react-devtools font-weight:bold @ http://localhost:3000/_next/static/chunks/node_modules_react-dom_cjs_react-dom_development_07i0ttg.js:25055
[  448786ms] [LOG] [HMR] connected @ http://localhost:3000/_next/static/chunks/node_modules_next_dist_0bc8q4g._.js:1233
[  448913ms] [INFO] 🌐 i18next is made possible by our own product, Locize — consider powering your project with managed localization (AI, CDN, integrations): https://locize.com 💙 @ http://localhost:3000/_next/static/chunks/node_modules_next_dist_0bc8q4g._.js:1233
[  449751ms] [LOG] [Fast Refresh] rebuilding @ http://localhost:3000/_next/static/chunks/node_modules_next_dist_0bc8q4g._.js:1233
[  452321ms] [LOG] [ChatSidebar] Registered client-side tools: [search_content, create_section, create_unit, create_assignment, add_timer_to_unit, create_vocabulary_word, create_question, list_sections, list_units, get_unit_details, update_unit, delete_assignment, start_practice_drill] @ http://localhost:3000/_next/static/chunks/node_modules_next_dist_0bc8q4g._.js:1233
[  452367ms] [LOG] [ChatSidebar] Registered client-side tools: [search_content, create_section, create_unit, create_assignment, add_timer_to_unit, create_vocabulary_word, create_question, list_sections, list_units, get_unit_details, update_unit, delete_assignment, start_practice_drill] @ http://localhost:3000/_next/static/chunks/node_modules_next_dist_0bc8q4g._.js:1233
[  453097ms] [LOG] [chatTools] Vector store search function registered: true @ http://localhost:3000/_next/static/chunks/node_modules_next_dist_0bc8q4g._.js:1233
[  453098ms] [LOG] [ChatSidebar] Registered vector store search, isReady: false @ http://localhost:3000/_next/static/chunks/node_modules_next_dist_0bc8q4g._.js:1233
[  453099ms] [LOG] [chatTools] Practice drill callback registered: true @ http://localhost:3000/_next/static/chunks/node_modules_next_dist_0bc8q4g._.js:1233
[  453102ms] [LOG] [TourContext] Initializing tour system with 9 tasks @ http://localhost:3000/_next/static/chunks/node_modules_next_dist_0bc8q4g._.js:1233
[  453104ms] [LOG] [chatTools] Tour tasks data registered: 9 tasks @ http://localhost:3000/_next/static/chunks/node_modules_next_dist_0bc8q4g._.js:1233
[  453105ms] [LOG] [TourContext] Exposing tour methods to window for testing @ http://localhost:3000/_next/static/chunks/node_modules_next_dist_0bc8q4g._.js:1233
[  453106ms] [LOG] [ChatContext] Setting up AssistantChat subscriptions @ http://localhost:3000/_next/static/chunks/node_modules_next_dist_0bc8q4g._.js:1233
[  453126ms] [LOG] [ChatContext] Waiting for subscription to initialize @ http://localhost:3000/_next/static/chunks/node_modules_next_dist_0bc8q4g._.js:1233
[  453131ms] [LOG] [SettingsContext] Setting up Settings subscription for user: e408f488-d061-70bc-1ee2-c5de8adf79f5 @ http://localhost:3000/_next/static/chunks/node_modules_next_dist_0bc8q4g._.js:1233
[  453149ms] [LOG] [chatTools] Vector store search function registered: false @ http://localhost:3000/_next/static/chunks/node_modules_next_dist_0bc8q4g._.js:1233
[  453151ms] [LOG] [chatTools] Practice drill callback registered: false @ http://localhost:3000/_next/static/chunks/node_modules_next_dist_0bc8q4g._.js:1233
[  453154ms] [LOG] [ChatContext] Cleaning up subscriptions @ http://localhost:3000/_next/static/chunks/node_modules_next_dist_0bc8q4g._.js:1233
[  453168ms] [LOG] [chatTools] Vector store search function registered: true @ http://localhost:3000/_next/static/chunks/node_modules_next_dist_0bc8q4g._.js:1233
[  453171ms] [LOG] [ChatSidebar] Registered vector store search, isReady: false @ http://localhost:3000/_next/static/chunks/node_modules_next_dist_0bc8q4g._.js:1233
[  453175ms] [LOG] [chatTools] Practice drill callback registered: true @ http://localhost:3000/_next/static/chunks/node_modules_next_dist_0bc8q4g._.js:1233
[  453181ms] [LOG] [TourContext] Initializing tour system with 9 tasks @ http://localhost:3000/_next/static/chunks/node_modules_next_dist_0bc8q4g._.js:1233
[  453183ms] [LOG] [chatTools] Tour tasks data registered: 9 tasks @ http://localhost:3000/_next/static/chunks/node_modules_next_dist_0bc8q4g._.js:1233
[  453184ms] [LOG] [TourContext] Exposing tour methods to window for testing @ http://localhost:3000/_next/static/chunks/node_modules_next_dist_0bc8q4g._.js:1233
[  453187ms] [LOG] [ChatContext] Setting up AssistantChat subscriptions @ http://localhost:3000/_next/static/chunks/node_modules_next_dist_0bc8q4g._.js:1233
[  453191ms] [LOG] [ChatContext] Waiting for subscription to initialize @ http://localhost:3000/_next/static/chunks/node_modules_next_dist_0bc8q4g._.js:1233
[  453192ms] [LOG] [SettingsContext] Setting up Settings subscription for user: e408f488-d061-70bc-1ee2-c5de8adf79f5 @ http://localhost:3000/_next/static/chunks/node_modules_next_dist_0bc8q4g._.js:1233
[  453488ms] [LOG] [Fast Refresh] done in 4041ms @ http://localhost:3000/_next/static/chunks/node_modules_next_dist_0bc8q4g._.js:1233
[  453885ms] [LOG] [ChatContext] Cleaning up subscriptions @ http://localhost:3000/_next/static/chunks/node_modules_next_dist_0bc8q4g._.js:1233
[  453886ms] [LOG] [ChatContext] Setting up AssistantChat subscriptions @ http://localhost:3000/_next/static/chunks/node_modules_next_dist_0bc8q4g._.js:1233
[  453889ms] [LOG] [ChatContext] Waiting for subscription to initialize @ http://localhost:3000/_next/static/chunks/node_modules_next_dist_0bc8q4g._.js:1233
[  453890ms] [LOG] [SettingsContext] Setting up Settings subscription for user: e408f488-d061-70bc-1ee2-c5de8adf79f5 @ http://localhost:3000/_next/static/chunks/node_modules_next_dist_0bc8q4g._.js:1233
[  454018ms] [LOG] [Fast Refresh] rebuilding @ http://localhost:3000/_next/static/chunks/node_modules_next_dist_0bc8q4g._.js:1233
[  454266ms] [LOG] [ChatContext] AssistantChat initialized with 11 chats @ http://localhost:3000/_next/static/chunks/node_modules_next_dist_0bc8q4g._.js:1233
[  454267ms] [LOG] [ChatContext] Setting initial chat: 5c307500-8236-46c8-a03c-89f6be994ddb @ http://localhost:3000/_next/static/chunks/node_modules_next_dist_0bc8q4g._.js:1233
[  454573ms] [LOG] [ChatSidebar] Loading messages for chat: 5c307500-8236-46c8-a03c-89f6be994ddb count: 0 @ http://localhost:3000/_next/static/chunks/node_modules_next_dist_0bc8q4g._.js:1233
[  454574ms] [LOG] [ChatSidebar] deepCloneMessages: returning empty array @ http://localhost:3000/_next/static/chunks/node_modules_next_dist_0bc8q4g._.js:1233
[  454577ms] [LOG] [ChatContext] Chat exists and not archived, skipping creation @ http://localhost:3000/_next/static/chunks/node_modules_next_dist_0bc8q4g._.js:1233
[  455940ms] [LOG] [Fast Refresh] done in 2024ms @ http://localhost:3000/_next/static/chunks/node_modules_next_dist_0bc8q4g._.js:1233
[  456870ms] [INFO] %cDownload the React DevTools for a better development experience: https://reactjs.org/link/react-devtools font-weight:bold @ http://localhost:3000/_next/static/chunks/node_modules_react-dom_cjs_react-dom_development_07i0ttg.js:25055
[  458502ms] [LOG] [HMR] connected @ http://localhost:3000/_next/static/chunks/node_modules_next_dist_0bc8q4g._.js:1233
[  458578ms] [INFO] 🌐 i18next is made possible by our own product, Locize — consider powering your project with managed localization (AI, CDN, integrations): https://locize.com 💙 @ http://localhost:3000/_next/static/chunks/node_modules_next_dist_0bc8q4g._.js:1233
[  458962ms] [LOG] [Fast Refresh] rebuilding @ http://localhost:3000/_next/static/chunks/node_modules_next_dist_0bc8q4g._.js:1233
[  460533ms] [LOG] [ChatSidebar] Registered client-side tools: [search_content, create_section, create_unit, create_assignment, add_timer_to_unit, create_vocabulary_word, create_question, list_sections, list_units, get_unit_details, update_unit, delete_assignment, start_practice_drill] @ http://localhost:3000/_next/static/chunks/node_modules_next_dist_0bc8q4g._.js:1233
[  460561ms] [LOG] [ChatSidebar] Registered client-side tools: [search_content, create_section, create_unit, create_assignment, add_timer_to_unit, create_vocabulary_word, create_question, list_sections, list_units, get_unit_details, update_unit, delete_assignment, start_practice_drill] @ http://localhost:3000/_next/static/chunks/node_modules_next_dist_0bc8q4g._.js:1233
[  461115ms] [LOG] [chatTools] Vector store search function registered: true @ http://localhost:3000/_next/static/chunks/node_modules_next_dist_0bc8q4g._.js:1233
[  461116ms] [LOG] [ChatSidebar] Registered vector store search, isReady: false @ http://localhost:3000/_next/static/chunks/node_modules_next_dist_0bc8q4g._.js:1233
[  461117ms] [LOG] [chatTools] Practice drill callback registered: true @ http://localhost:3000/_next/static/chunks/node_modules_next_dist_0bc8q4g._.js:1233
[  461120ms] [LOG] [TourContext] Initializing tour system with 9 tasks @ http://localhost:3000/_next/static/chunks/node_modules_next_dist_0bc8q4g._.js:1233
[  461121ms] [LOG] [chatTools] Tour tasks data registered: 9 tasks @ http://localhost:3000/_next/static/chunks/node_modules_next_dist_0bc8q4g._.js:1233
[  461122ms] [LOG] [TourContext] Exposing tour methods to window for testing @ http://localhost:3000/_next/static/chunks/node_modules_next_dist_0bc8q4g._.js:1233
[  461123ms] [LOG] [ChatContext] Setting up AssistantChat subscriptions @ http://localhost:3000/_next/static/chunks/node_modules_next_dist_0bc8q4g._.js:1233
[  461127ms] [LOG] [ChatContext] Waiting for subscription to initialize @ http://localhost:3000/_next/static/chunks/node_modules_next_dist_0bc8q4g._.js:1233
[  461128ms] [LOG] [SettingsContext] Setting up Settings subscription for user: e408f488-d061-70bc-1ee2-c5de8adf79f5 @ http://localhost:3000/_next/static/chunks/node_modules_next_dist_0bc8q4g._.js:1233
[  461133ms] [LOG] [chatTools] Vector store search function registered: false @ http://localhost:3000/_next/static/chunks/node_modules_next_dist_0bc8q4g._.js:1233
[  461134ms] [LOG] [chatTools] Practice drill callback registered: false @ http://localhost:3000/_next/static/chunks/node_modules_next_dist_0bc8q4g._.js:1233
[  461135ms] [LOG] [ChatContext] Cleaning up subscriptions @ http://localhost:3000/_next/static/chunks/node_modules_next_dist_0bc8q4g._.js:1233
[  461142ms] [LOG] [chatTools] Vector store search function registered: true @ http://localhost:3000/_next/static/chunks/node_modules_next_dist_0bc8q4g._.js:1233
[  461143ms] [LOG] [ChatSidebar] Registered vector store search, isReady: false @ http://localhost:3000/_next/static/chunks/node_modules_next_dist_0bc8q4g._.js:1233
[  461144ms] [LOG] [chatTools] Practice drill callback registered: true @ http://localhost:3000/_next/static/chunks/node_modules_next_dist_0bc8q4g._.js:1233
[  461146ms] [LOG] [TourContext] Initializing tour system with 9 tasks @ http://localhost:3000/_next/static/chunks/node_modules_next_dist_0bc8q4g._.js:1233
[  461147ms] [LOG] [chatTools] Tour tasks data registered: 9 tasks @ http://localhost:3000/_next/static/chunks/node_modules_next_dist_0bc8q4g._.js:1233
[  461148ms] [LOG] [TourContext] Exposing tour methods to window for testing @ http://localhost:3000/_next/static/chunks/node_modules_next_dist_0bc8q4g._.js:1233
[  461149ms] [LOG] [ChatContext] Setting up AssistantChat subscriptions @ http://localhost:3000/_next/static/chunks/node_modules_next_dist_0bc8q4g._.js:1233
[  461151ms] [LOG] [ChatContext] Waiting for subscription to initialize @ http://localhost:3000/_next/static/chunks/node_modules_next_dist_0bc8q4g._.js:1233
[  461152ms] [LOG] [SettingsContext] Setting up Settings subscription for user: e408f488-d061-70bc-1ee2-c5de8adf79f5 @ http://localhost:3000/_next/static/chunks/node_modules_next_dist_0bc8q4g._.js:1233
[  462286ms] [LOG] [useChatPageContext] Registering page context: {hasUnit: false, filesCount: 0, dictionaryCount: 0, questionsCount: 0, sectionsCount: 0} @ http://localhost:3000/_next/static/chunks/node_modules_next_dist_0bc8q4g._.js:1233
[  462316ms] [LOG] [useChatPageContext] Cleaning up page context @ http://localhost:3000/_next/static/chunks/node_modules_next_dist_0bc8q4g._.js:1233
[  462319ms] [LOG] [useChatPageContext] Registering page context: {hasUnit: false, filesCount: 0, dictionaryCount: 0, questionsCount: 0, sectionsCount: 0} @ http://localhost:3000/_next/static/chunks/node_modules_next_dist_0bc8q4g._.js:1233
[  463477ms] [LOG] [Fast Refresh] done in 4941ms @ http://localhost:3000/_next/static/chunks/node_modules_next_dist_0bc8q4g._.js:1233
[  464327ms] [ERROR] [AuthContext] Authentication error: TypeError: Failed to fetch @ http://localhost:3000/_next/static/chunks/node_modules_next_dist_0bc8q4g._.js:1952
[  464851ms] [INFO] %cDownload the React DevTools for a better development experience: https://reactjs.org/link/react-devtools font-weight:bold @ http://localhost:3000/_next/static/chunks/node_modules_react-dom_cjs_react-dom_development_07i0ttg.js:25055
[  465898ms] [LOG] [HMR] connected @ http://localhost:3000/_next/static/chunks/node_modules_next_dist_0bc8q4g._.js:1233
[  465989ms] [INFO] 🌐 i18next is made possible by our own product, Locize — consider powering your project with managed localization (AI, CDN, integrations): https://locize.com 💙 @ http://localhost:3000/_next/static/chunks/node_modules_next_dist_0bc8q4g._.js:1233
[  466236ms] [LOG] [Fast Refresh] rebuilding @ http://localhost:3000/_next/static/chunks/node_modules_next_dist_0bc8q4g._.js:1233
[  467608ms] [LOG] [ChatSidebar] Registered client-side tools: [search_content, create_section, create_unit, create_assignment, add_timer_to_unit, create_vocabulary_word, create_question, list_sections, list_units, get_unit_details, update_unit, delete_assignment, start_practice_drill] @ http://localhost:3000/_next/static/chunks/node_modules_next_dist_0bc8q4g._.js:1233
[  467615ms] [LOG] [ChatSidebar] Registered client-side tools: [search_content, create_section, create_unit, create_assignment, add_timer_to_unit, create_vocabulary_word, create_question, list_sections, list_units, get_unit_details, update_unit, delete_assignment, start_practice_drill] @ http://localhost:3000/_next/static/chunks/node_modules_next_dist_0bc8q4g._.js:1233
[  467851ms] [LOG] [chatTools] Vector store search function registered: true @ http://localhost:3000/_next/static/chunks/node_modules_next_dist_0bc8q4g._.js:1233
[  467853ms] [LOG] [ChatSidebar] Registered vector store search, isReady: false @ http://localhost:3000/_next/static/chunks/node_modules_next_dist_0bc8q4g._.js:1233
[  467855ms] [LOG] [chatTools] Practice drill callback registered: true @ http://localhost:3000/_next/static/chunks/node_modules_next_dist_0bc8q4g._.js:1233
[  467858ms] [LOG] [TourContext] Initializing tour system with 9 tasks @ http://localhost:3000/_next/static/chunks/node_modules_next_dist_0bc8q4g._.js:1233
[  467860ms] [LOG] [chatTools] Tour tasks data registered: 9 tasks @ http://localhost:3000/_next/static/chunks/node_modules_next_dist_0bc8q4g._.js:1233
[  467861ms] [LOG] [TourContext] Exposing tour methods to window for testing @ http://localhost:3000/_next/static/chunks/node_modules_next_dist_0bc8q4g._.js:1233
[  467863ms] [LOG] [ChatContext] Setting up AssistantChat subscriptions @ http://localhost:3000/_next/static/chunks/node_modules_next_dist_0bc8q4g._.js:1233
[  467872ms] [LOG] [ChatContext] Waiting for subscription to initialize @ http://localhost:3000/_next/static/chunks/node_modules_next_dist_0bc8q4g._.js:1233
[  467874ms] [LOG] [SettingsContext] Setting up Settings subscription for user: e408f488-d061-70bc-1ee2-c5de8adf79f5 @ http://localhost:3000/_next/static/chunks/node_modules_next_dist_0bc8q4g._.js:1233
[  467911ms] [LOG] [chatTools] Vector store search function registered: false @ http://localhost:3000/_next/static/chunks/node_modules_next_dist_0bc8q4g._.js:1233
[  467915ms] [LOG] [chatTools] Practice drill callback registered: false @ http://localhost:3000/_next/static/chunks/node_modules_next_dist_0bc8q4g._.js:1233
[  467921ms] [LOG] [ChatContext] Cleaning up subscriptions @ http://localhost:3000/_next/static/chunks/node_modules_next_dist_0bc8q4g._.js:1233
[  467943ms] [LOG] [chatTools] Vector store search function registered: true @ http://localhost:3000/_next/static/chunks/node_modules_next_dist_0bc8q4g._.js:1233
[  467944ms] [LOG] [ChatSidebar] Registered vector store search, isReady: false @ http://localhost:3000/_next/static/chunks/node_modules_next_dist_0bc8q4g._.js:1233
[  467945ms] [LOG] [chatTools] Practice drill callback registered: true @ http://localhost:3000/_next/static/chunks/node_modules_next_dist_0bc8q4g._.js:1233
[  467947ms] [LOG] [TourContext] Initializing tour system with 9 tasks @ http://localhost:3000/_next/static/chunks/node_modules_next_dist_0bc8q4g._.js:1233
[  467948ms] [LOG] [chatTools] Tour tasks data registered: 9 tasks @ http://localhost:3000/_next/static/chunks/node_modules_next_dist_0bc8q4g._.js:1233
[  467949ms] [LOG] [TourContext] Exposing tour methods to window for testing @ http://localhost:3000/_next/static/chunks/node_modules_next_dist_0bc8q4g._.js:1233
[  467951ms] [LOG] [ChatContext] Setting up AssistantChat subscriptions @ http://localhost:3000/_next/static/chunks/node_modules_next_dist_0bc8q4g._.js:1233
[  467952ms] [LOG] [ChatContext] Waiting for subscription to initialize @ http://localhost:3000/_next/static/chunks/node_modules_next_dist_0bc8q4g._.js:1233
[  467953ms] [LOG] [SettingsContext] Setting up Settings subscription for user: e408f488-d061-70bc-1ee2-c5de8adf79f5 @ http://localhost:3000/_next/static/chunks/node_modules_next_dist_0bc8q4g._.js:1233
[  469067ms] [LOG] [Fast Refresh] done in 3114ms @ http://localhost:3000/_next/static/chunks/node_modules_next_dist_0bc8q4g._.js:1233
[  469694ms] [LOG] [ChatContext] Cleaning up subscriptions @ http://localhost:3000/_next/static/chunks/node_modules_next_dist_0bc8q4g._.js:1233
[  469696ms] [LOG] [ChatContext] Setting up AssistantChat subscriptions @ http://localhost:3000/_next/static/chunks/node_modules_next_dist_0bc8q4g._.js:1233
[  469697ms] [LOG] [ChatContext] Waiting for subscription to initialize @ http://localhost:3000/_next/static/chunks/node_modules_next_dist_0bc8q4g._.js:1233
[  469698ms] [LOG] [SettingsContext] Setting up Settings subscription for user: e408f488-d061-70bc-1ee2-c5de8adf79f5 @ http://localhost:3000/_next/static/chunks/node_modules_next_dist_0bc8q4g._.js:1233
[  470265ms] [LOG] [ChatContext] AssistantChat initialized with 11 chats @ http://localhost:3000/_next/static/chunks/node_modules_next_dist_0bc8q4g._.js:1233
[  470266ms] [LOG] [ChatContext] Setting initial chat: 5c307500-8236-46c8-a03c-89f6be994ddb @ http://localhost:3000/_next/static/chunks/node_modules_next_dist_0bc8q4g._.js:1233
[  470349ms] [LOG] [ChatSidebar] Loading messages for chat: 5c307500-8236-46c8-a03c-89f6be994ddb count: 0 @ http://localhost:3000/_next/static/chunks/node_modules_next_dist_0bc8q4g._.js:1233
[  470349ms] [LOG] [ChatSidebar] deepCloneMessages: returning empty array @ http://localhost:3000/_next/static/chunks/node_modules_next_dist_0bc8q4g._.js:1233
[  470351ms] [LOG] [ChatContext] Chat exists and not archived, skipping creation @ http://localhost:3000/_next/static/chunks/node_modules_next_dist_0bc8q4g._.js:1233
[  471081ms] [LOG] [Fast Refresh] rebuilding @ http://localhost:3000/_next/static/chunks/node_modules_next_dist_0bc8q4g._.js:1233
[  471427ms] [LOG] [Fast Refresh] done in 482ms @ http://localhost:3000/_next/static/chunks/node_modules_next_dist_0bc8q4g._.js:1233
[  472875ms] [INFO] %cDownload the React DevTools for a better development experience: https://reactjs.org/link/react-devtools font-weight:bold @ http://localhost:3000/_next/static/chunks/node_modules_react-dom_cjs_react-dom_development_07i0ttg.js:25055
