[    7051ms] [INFO] %cDownload the React DevTools for a better development experience: https://reactjs.org/link/react-devtools font-weight:bold @ http://localhost:3000/_next/static/chunks/node_modules_react-dom_cjs_react-dom_development_07i0ttg.js:25055
[   11246ms] [LOG] [HMR] connected @ http://localhost:3000/_next/static/chunks/node_modules_next_dist_0bc8q4g._.js:1233
[   11659ms] [INFO] 🌐 i18next is made possible by our own product, Locize — consider powering your project with managed localization (AI, CDN, integrations): https://locize.com 💙 @ http://localhost:3000/_next/static/chunks/node_modules_next_dist_0bc8q4g._.js:1233
[   12678ms] [LOG] [Fast Refresh] rebuilding @ http://localhost:3000/_next/static/chunks/node_modules_next_dist_0bc8q4g._.js:1233
[   12679ms] [LOG] [Fast Refresh] done in 1354ms @ http://localhost:3000/_next/static/chunks/node_modules_next_dist_0bc8q4g._.js:1233
[   14782ms] [LOG] [ChatSidebar] Registered client-side tools: [search_content, create_section, create_unit, create_assignment, add_timer_to_unit, create_vocabulary_word, create_question, list_sections, list_units, get_unit_details, update_unit, delete_assignment, start_practice_drill] @ http://localhost:3000/_next/static/chunks/node_modules_next_dist_0bc8q4g._.js:1233
[   14802ms] [LOG] [ChatSidebar] Registered client-side tools: [search_content, create_section, create_unit, create_assignment, add_timer_to_unit, create_vocabulary_word, create_question, list_sections, list_units, get_unit_details, update_unit, delete_assignment, start_practice_drill] @ http://localhost:3000/_next/static/chunks/node_modules_next_dist_0bc8q4g._.js:1233
[   15670ms] [LOG] [chatTools] Vector store search function registered: true @ http://localhost:3000/_next/static/chunks/node_modules_next_dist_0bc8q4g._.js:1233
[   15685ms] [LOG] [ChatSidebar] Registered vector store search, isReady: false @ http://localhost:3000/_next/static/chunks/node_modules_next_dist_0bc8q4g._.js:1233
[   15686ms] [LOG] [chatTools] Practice drill callback registered: true @ http://localhost:3000/_next/static/chunks/node_modules_next_dist_0bc8q4g._.js:1233
[   15717ms] [LOG] [TourContext] Initializing tour system with 9 tasks @ http://localhost:3000/_next/static/chunks/node_modules_next_dist_0bc8q4g._.js:1233
[   15738ms] [LOG] [chatTools] Tour tasks data registered: 9 tasks @ http://localhost:3000/_next/static/chunks/node_modules_next_dist_0bc8q4g._.js:1233
[   15767ms] [LOG] [TourContext] Exposing tour methods to window for testing @ http://localhost:3000/_next/static/chunks/node_modules_next_dist_0bc8q4g._.js:1233
[   15772ms] [LOG] [ChatContext] Setting up AssistantChat subscriptions @ http://localhost:3000/_next/static/chunks/node_modules_next_dist_0bc8q4g._.js:1233
[   15818ms] [LOG] [ChatContext] Waiting for subscription to initialize @ http://localhost:3000/_next/static/chunks/node_modules_next_dist_0bc8q4g._.js:1233
[   15820ms] [LOG] [SettingsContext] Setting up Settings subscription for user: e408f488-d061-70bc-1ee2-c5de8adf79f5 @ http://localhost:3000/_next/static/chunks/node_modules_next_dist_0bc8q4g._.js:1233
[   15867ms] [LOG] [chatTools] Vector store search function registered: false @ http://localhost:3000/_next/static/chunks/node_modules_next_dist_0bc8q4g._.js:1233
[   15869ms] [LOG] [chatTools] Practice drill callback registered: false @ http://localhost:3000/_next/static/chunks/node_modules_next_dist_0bc8q4g._.js:1233
[   15872ms] [LOG] [ChatContext] Cleaning up subscriptions @ http://localhost:3000/_next/static/chunks/node_modules_next_dist_0bc8q4g._.js:1233
[   15904ms] [LOG] [chatTools] Vector store search function registered: true @ http://localhost:3000/_next/static/chunks/node_modules_next_dist_0bc8q4g._.js:1233
[   15905ms] [LOG] [ChatSidebar] Registered vector store search, isReady: false @ http://localhost:3000/_next/static/chunks/node_modules_next_dist_0bc8q4g._.js:1233
[   15906ms] [LOG] [chatTools] Practice drill callback registered: true @ http://localhost:3000/_next/static/chunks/node_modules_next_dist_0bc8q4g._.js:1233
[   15919ms] [LOG] [TourContext] Initializing tour system with 9 tasks @ http://localhost:3000/_next/static/chunks/node_modules_next_dist_0bc8q4g._.js:1233
[   15920ms] [LOG] [chatTools] Tour tasks data registered: 9 tasks @ http://localhost:3000/_next/static/chunks/node_modules_next_dist_0bc8q4g._.js:1233
[   15921ms] [LOG] [TourContext] Exposing tour methods to window for testing @ http://localhost:3000/_next/static/chunks/node_modules_next_dist_0bc8q4g._.js:1233
[   15922ms] [LOG] [ChatContext] Setting up AssistantChat subscriptions @ http://localhost:3000/_next/static/chunks/node_modules_next_dist_0bc8q4g._.js:1233
[   15935ms] [LOG] [ChatContext] Waiting for subscription to initialize @ http://localhost:3000/_next/static/chunks/node_modules_next_dist_0bc8q4g._.js:1233
[   15937ms] [LOG] [SettingsContext] Setting up Settings subscription for user: e408f488-d061-70bc-1ee2-c5de8adf79f5 @ http://localhost:3000/_next/static/chunks/node_modules_next_dist_0bc8q4g._.js:1233
[   16119ms] [LOG] [sections.jsx] canViewInstructorDashboard: false isInstructor: false ownedSections.length: 0 @ http://localhost:3000/_next/static/chunks/node_modules_next_dist_0bc8q4g._.js:1233
[   16120ms] [LOG] sections [] @ http://localhost:3000/_next/static/chunks/node_modules_next_dist_0bc8q4g._.js:1233
[   16136ms] [LOG] [sections.jsx] canViewInstructorDashboard: false isInstructor: false ownedSections.length: 0 @ http://localhost:3000/_next/static/chunks/node_modules_next_dist_0bc8q4g._.js:1233
[   16138ms] [LOG] sections [] @ http://localhost:3000/_next/static/chunks/node_modules_next_dist_0bc8q4g._.js:1233
[   17090ms] [LOG] [useChatPageContext] Registering page context: {hasUnit: false, filesCount: 0, dictionaryCount: 0, questionsCount: 0, sectionsCount: 0} @ http://localhost:3000/_next/static/chunks/node_modules_next_dist_0bc8q4g._.js:1233
[   17092ms] [LOG] [SectionContext] useEffect triggered {authLoading: false, hasUser: true, userSub: e408f488-d061-70bc-1ee2-c5de8adf79f5} @ http://localhost:3000/_next/static/chunks/node_modules_next_dist_0bc8q4g._.js:1233
[   17105ms] [LOG] [SectionContext] Fetching sections for userId: e408f488-d061-70bc-1ee2-c5de8adf79f5 @ http://localhost:3000/_next/static/chunks/node_modules_next_dist_0bc8q4g._.js:1233
[   17109ms] [LOG] [useChatPageContext] Cleaning up page context @ http://localhost:3000/_next/static/chunks/node_modules_next_dist_0bc8q4g._.js:1233
[   17121ms] [LOG] [SectionContext] Cleaning up subscriptions @ http://localhost:3000/_next/static/chunks/node_modules_next_dist_0bc8q4g._.js:1233
[   17123ms] [LOG] [useChatPageContext] Registering page context: {hasUnit: false, filesCount: 0, dictionaryCount: 0, questionsCount: 0, sectionsCount: 0} @ http://localhost:3000/_next/static/chunks/node_modules_next_dist_0bc8q4g._.js:1233
[   17124ms] [LOG] [SectionContext] useEffect triggered {authLoading: false, hasUser: true, userSub: e408f488-d061-70bc-1ee2-c5de8adf79f5} @ http://localhost:3000/_next/static/chunks/node_modules_next_dist_0bc8q4g._.js:1233
[   17125ms] [LOG] [SectionContext] Fetching sections for userId: e408f488-d061-70bc-1ee2-c5de8adf79f5 @ http://localhost:3000/_next/static/chunks/node_modules_next_dist_0bc8q4g._.js:1233
[   17894ms] [LOG] [sections.jsx] canViewInstructorDashboard: false isInstructor: false ownedSections.length: 0 @ http://localhost:3000/_next/static/chunks/node_modules_next_dist_0bc8q4g._.js:1233
[   17906ms] [LOG] sections [] @ http://localhost:3000/_next/static/chunks/node_modules_next_dist_0bc8q4g._.js:1233
[   17911ms] [LOG] [sections.jsx] canViewInstructorDashboard: false isInstructor: false ownedSections.length: 0 @ http://localhost:3000/_next/static/chunks/node_modules_next_dist_0bc8q4g._.js:1233
[   17924ms] [LOG] sections [] @ http://localhost:3000/_next/static/chunks/node_modules_next_dist_0bc8q4g._.js:1233
[   19783ms] [LOG] [ChatContext] AssistantChat initialized with 4 chats @ http://localhost:3000/_next/static/chunks/node_modules_next_dist_0bc8q4g._.js:1233
[   19794ms] [LOG] [ChatContext] Setting initial chat: 6b223300-0893-47f7-a689-8ce445ab6bbc @ http://localhost:3000/_next/static/chunks/node_modules_next_dist_0bc8q4g._.js:1233
[   19966ms] [LOG] [SectionContext] Initial sections: 100 @ http://localhost:3000/_next/static/chunks/node_modules_next_dist_0bc8q4g._.js:1233
[   20047ms] [LOG] [SectionContext] Cleaning up subscriptions @ http://localhost:3000/_next/static/chunks/node_modules_next_dist_0bc8q4g._.js:1233
[   20049ms] [LOG] [ChatContext] Cleaning up subscriptions @ http://localhost:3000/_next/static/chunks/node_modules_next_dist_0bc8q4g._.js:1233
[   20050ms] [LOG] [SectionContext] useEffect triggered {authLoading: false, hasUser: true, userSub: e408f488-d061-70bc-1ee2-c5de8adf79f5} @ http://localhost:3000/_next/static/chunks/node_modules_next_dist_0bc8q4g._.js:1233
[   20062ms] [LOG] [SectionContext] Fetching sections for userId: e408f488-d061-70bc-1ee2-c5de8adf79f5 @ http://localhost:3000/_next/static/chunks/node_modules_next_dist_0bc8q4g._.js:1233
[   20098ms] [LOG] [ChatContext] Setting up AssistantChat subscriptions @ http://localhost:3000/_next/static/chunks/node_modules_next_dist_0bc8q4g._.js:1233
[   20115ms] [LOG] [ChatContext] No current chat available, will create one @ http://localhost:3000/_next/static/chunks/node_modules_next_dist_0bc8q4g._.js:1233
[   20116ms] [LOG] [ChatContext] Creating AssistantChat with user: undefined @ http://localhost:3000/_next/static/chunks/node_modules_next_dist_0bc8q4g._.js:1233
[   20133ms] [LOG] [SettingsContext] Setting up Settings subscription for user: e408f488-d061-70bc-1ee2-c5de8adf79f5 @ http://localhost:3000/_next/static/chunks/node_modules_next_dist_0bc8q4g._.js:1233
[   20201ms] [LOG] [sections.jsx] canViewInstructorDashboard: false isInstructor: false ownedSections.length: 0 @ http://localhost:3000/_next/static/chunks/node_modules_next_dist_0bc8q4g._.js:1233
[   20231ms] [LOG] sections [Object, Object, Object, Object, Object, Object, Object, Object, Object, Object, Object, Object, Object, Object, Object, Object, Object, Object, Object, Object, Object, Object, Object, Object, Object, Object, Object, Object, Object, Object, Object, Object, Object, Object, Object, Object, Object, Object, Object, Object, Object, Object, Object, Object, Object, Object, Object, Object, Object, Object, Object, Object, Object, Object, Object, Object, Object, Object, Object, Object, Object, Object, Object, Object, Object, Object, Object, Object, Object, Object, Object, Object, Object, Object, Object, Object, Object, Object, Object, Object, Object, Object, Object, Object, Object, Object, Object, Object, Object, Object, Object, Object, Object, Object, Object, Object, Object, Object, Object, Object] @ http://localhost:3000/_next/static/chunks/node_modules_next_dist_0bc8q4g._.js:1233
[   20247ms] [LOG] !!!section {id: 485a1ffa-bd40-45ca-96de-f58bc6fc0894, name: Original Section Name, description: Original description, status: DRAFT, code: ORIG-001} @ http://localhost:3000/_next/static/chunks/node_modules_next_dist_0bc8q4g._.js:1233
[   20249ms] [LOG] !!!section {id: a82ad425-66f4-4ae7-ab72-2de04258ddea, name: Grade Test Section, description: null, status: PUBLISHED, code: GRADE-TEST} @ http://localhost:3000/_next/static/chunks/node_modules_next_dist_0bc8q4g._.js:1233
[   20262ms] [LOG] !!!section {id: 26097bd0-b922-4ada-9b21-83db389944fa, name: Biology 101, description: Intro to Biology, status: PUBLISHED, code: BIO101} @ http://localhost:3000/_next/static/chunks/node_modules_next_dist_0bc8q4g._.js:1233
[   20267ms] [LOG] !!!section {id: 6a041ff4-e7ed-47ca-b2bd-0d35b84614b3, name: Test Section, description: null, status: PUBLISHED, code: TEST-001} @ http://localhost:3000/_next/static/chunks/node_modules_next_dist_0bc8q4g._.js:1233
[   20281ms] [LOG] !!!section {id: 674343a8-ce09-4fee-8772-5e9e5d60482c, name: Biology 101, description: Intro to Biology, status: PUBLISHED, code: BIO101} @ http://localhost:3000/_next/static/chunks/node_modules_next_dist_0bc8q4g._.js:1233
[   20284ms] [LOG] !!!section {id: 2a7ae578-0be1-43dd-ba5e-6e224b3b617b, name: Test Section, description: null, status: PUBLISHED, code: TEST-001} @ http://localhost:3000/_next/static/chunks/node_modules_next_dist_0bc8q4g._.js:1233
[   20315ms] [LOG] !!!section {id: f156b5e2-8491-4935-9990-a4dab652241c, name: Original Section Name, description: Original description, status: DRAFT, code: ORIG-001} @ http://localhost:3000/_next/static/chunks/node_modules_next_dist_0bc8q4g._.js:1233
[   20333ms] [LOG] !!!section {id: e002e526-7c0a-4067-abbf-4e53158c61c4, name: Section 2, description: null, status: PUBLISHED, code: S2} @ http://localhost:3000/_next/static/chunks/node_modules_next_dist_0bc8q4g._.js:1233
[   20348ms] [LOG] !!!section {id: b8cb47e8-35ca-44af-a9d7-3587acd0d179, name: Japanese 101 - Spring 2026, description: Beginner Japanese conversation course, status: PUBLISHED, code: 66CE6L} @ http://localhost:3000/_next/static/chunks/node_modules_next_dist_0bc8q4g._.js:1233
[   20349ms] [LOG] !!!section {id: af3e03f0-54df-4df7-8bd7-efb065f3432e, name: Grade Test Section, description: null, status: PUBLISHED, code: GRADE-TEST} @ http://localhost:3000/_next/static/chunks/node_modules_next_dist_0bc8q4g._.js:1233
[   20366ms] [LOG] !!!section {id: edf9e7cf-c21c-45a0-bc50-a8e508ea2815, name: Test Section, description: null, status: PUBLISHED, code: TEST-001} @ http://localhost:3000/_next/static/chunks/node_modules_next_dist_0bc8q4g._.js:1233
[   20368ms] [LOG] !!!section {id: 64def60a-7fa3-475b-8204-22e46b123b29, name: E2E Test Section 1774369286656, description: Comprehensive E2E test section for complete workflow, status: PUBLISHED, code: I4OX3T} @ http://localhost:3000/_next/static/chunks/node_modules_next_dist_0bc8q4g._.js:1233
[   20382ms] [LOG] !!!section {id: aaf5a906-30aa-4c74-b5d5-5feeed95e612, name: Test Section, description: null, status: PUBLISHED, code: TEST-001} @ http://localhost:3000/_next/static/chunks/node_modules_next_dist_0bc8q4g._.js:1233
[   20396ms] [LOG] !!!section {id: 80d216c8-4dc2-4433-92c4-386ca2a20bff, name: Test Section, description: null, status: PUBLISHED, code: TEST-001} @ http://localhost:3000/_next/static/chunks/node_modules_next_dist_0bc8q4g._.js:1233
[   20399ms] [LOG] !!!section {id: 5fb5cef5-e44b-4ec7-8be4-1d6f341dd780, name: Japanese 101 - Spring 2026, description: Beginner Japanese conversation course, status: PUBLISHED, code: FX28Q4} @ http://localhost:3000/_next/static/chunks/node_modules_next_dist_0bc8q4g._.js:1233
[   20430ms] [LOG] !!!section {id: fe9fc83c-99e9-4aa8-b3d9-21c7f351fe0c, name: Test Section, description: null, status: PUBLISHED, code: TEST-001} @ http://localhost:3000/_next/static/chunks/node_modules_next_dist_0bc8q4g._.js:1233
[   20432ms] [LOG] !!!section {id: 3dfb4edd-69ec-405a-8a05-335329e4e583, name: Temporary Section, description: null, status: DRAFT, code: TEMP-001} @ http://localhost:3000/_next/static/chunks/node_modules_next_dist_0bc8q4g._.js:1233
[   20446ms] [LOG] !!!section {id: b7d6cc52-d89b-4238-8ce3-9bf414f3e740, name: Test Section, description: null, status: PUBLISHED, code: TEST-001} @ http://localhost:3000/_next/static/chunks/node_modules_next_dist_0bc8q4g._.js:1233
[   20448ms] [LOG] !!!section {id: 70cb413e-59e0-4eaf-9dae-06bb2ac40a5d, name: Test Section, description: null, status: PUBLISHED, code: TEST-001} @ http://localhost:3000/_next/static/chunks/node_modules_next_dist_0bc8q4g._.js:1233
[   20450ms] [LOG] !!!section {id: 90f3d548-5fd7-41ff-9014-d281ee585be1, name: Section 1, description: null, status: PUBLISHED, code: S1} @ http://localhost:3000/_next/static/chunks/node_modules_next_dist_0bc8q4g._.js:1233
[   20463ms] [LOG] !!!section {id: 108127c7-99e1-4d27-9235-326438a65ff9, name: Test Section, description: null, status: PUBLISHED, code: TEST-001} @ http://localhost:3000/_next/static/chunks/node_modules_next_dist_0bc8q4g._.js:1233
[   20467ms] [LOG] !!!section {id: 4168c41f-9a2a-416d-98fd-c7c56ed3f16d, name: Test Section, description: null, status: PUBLISHED, code: TEST-001} @ http://localhost:3000/_next/static/chunks/node_modules_next_dist_0bc8q4g._.js:1233
[   20480ms] [LOG] !!!section {id: 4b1d5ed4-2c83-4f7e-b33e-7e39f7e8b582, name: Test Section, description: null, status: PUBLISHED, code: TEST-001} @ http://localhost:3000/_next/static/chunks/node_modules_next_dist_0bc8q4g._.js:1233
[   20481ms] [LOG] !!!section {id: 76aede11-b41a-4679-8272-c4b2d813e242, name: Japanese 101 - Spring 2026, description: Beginner Japanese conversation course, status: PUBLISHED, code: 032DY9} @ http://localhost:3000/_next/static/chunks/node_modules_next_dist_0bc8q4g._.js:1233
[   20483ms] [LOG] !!!section {id: 0e3121d1-22dc-4025-86fe-89d879d0f4b8, name: Biology 101, description: Intro to Biology, status: PUBLISHED, code: BIO101} @ http://localhost:3000/_next/static/chunks/node_modules_next_dist_0bc8q4g._.js:1233
[   20484ms] [LOG] !!!section {id: 7cc60b3d-5141-4ccc-885c-0f761d6aadd2, name: Section 2, description: null, status: PUBLISHED, code: S2} @ http://localhost:3000/_next/static/chunks/node_modules_next_dist_0bc8q4g._.js:1233
[   20563ms] [LOG] !!!section {id: 3866b8a5-0967-46bf-b738-16011e0ee5d2, name: Test Section, description: null, status: PUBLISHED, code: TEST-001} @ http://localhost:3000/_next/static/chunks/node_modules_next_dist_0bc8q4g._.js:1233
[   20565ms] [LOG] !!!section {id: 9f5926eb-7622-421e-85b6-f0240478e0b4, name: Test Section, description: null, status: PUBLISHED, code: TEST-001} @ http://localhost:3000/_next/static/chunks/node_modules_next_dist_0bc8q4g._.js:1233
[   20567ms] [LOG] !!!section {id: 8576ea2e-5918-4016-9e8b-880d4060cce1, name: Section 2, description: null, status: PUBLISHED, code: S2} @ http://localhost:3000/_next/static/chunks/node_modules_next_dist_0bc8q4g._.js:1233
[   20580ms] [LOG] !!!section {id: 029af6d7-18c6-4f03-b1ed-f7c9a18e3797, name: Test Section, description: null, status: PUBLISHED, code: TEST-001} @ http://localhost:3000/_next/static/chunks/node_modules_next_dist_0bc8q4g._.js:1233
[   20581ms] [LOG] !!!section {id: c134f150-7cab-4825-984b-4848d2f8daad, name: Test Section, description: null, status: PUBLISHED, code: TEST-001} @ http://localhost:3000/_next/static/chunks/node_modules_next_dist_0bc8q4g._.js:1233
[   20583ms] [LOG] !!!section {id: 92d79627-e95c-4648-aa46-7ec92087f837, name: Test Section, description: null, status: PUBLISHED, code: TEST-001} @ http://localhost:3000/_next/static/chunks/node_modules_next_dist_0bc8q4g._.js:1233
[   20584ms] [LOG] !!!section {id: f48e984a-3ca4-4cec-8ba4-5a2626b51de3, name: Temporary Section, description: null, status: DRAFT, code: TEMP-001} @ http://localhost:3000/_next/static/chunks/node_modules_next_dist_0bc8q4g._.js:1233
[   20599ms] [LOG] !!!section {id: 120aa2f0-ef90-4315-9fde-d772745cfb2c, name: Test Section, description: null, status: PUBLISHED, code: TEST-001} @ http://localhost:3000/_next/static/chunks/node_modules_next_dist_0bc8q4g._.js:1233
[   20613ms] [LOG] !!!section {id: 7474d4eb-d4f8-4630-adf0-0004b7dcf1fe, name: Grade Test Section, description: null, status: PUBLISHED, code: GRADE-TEST} @ http://localhost:3000/_next/static/chunks/node_modules_next_dist_0bc8q4g._.js:1233
[   20615ms] [LOG] !!!section {id: e9615e0d-44fe-4f01-97a8-1f5c1a58f535, name: Japanese 101 - Spring 2026, description: Beginner Japanese conversation course, status: PUBLISHED, code: ZB0WI7} @ http://localhost:3000/_next/static/chunks/node_modules_next_dist_0bc8q4g._.js:1233
[   20618ms] [LOG] !!!section {id: 5d43d353-6ea4-4d1f-bae8-c5240e6acb69, name: Grade Test Section, description: null, status: PUBLISHED, code: GRADE-TEST} @ http://localhost:3000/_next/static/chunks/node_modules_next_dist_0bc8q4g._.js:1233
[   20632ms] [LOG] !!!section {id: db67195f-f706-4160-9b47-b855b4aa29cd, name: Temporary Section, description: null, status: DRAFT, code: TEMP-001} @ http://localhost:3000/_next/static/chunks/node_modules_next_dist_0bc8q4g._.js:1233
[   20633ms] [LOG] !!!section {id: 47656fed-1826-46b7-b3a1-c9ceb78da9a8, name: Test Section, description: null, status: PUBLISHED, code: TEST-001} @ http://localhost:3000/_next/static/chunks/node_modules_next_dist_0bc8q4g._.js:1233
[   20635ms] [LOG] !!!section {id: 1ee29798-548e-4c98-8047-137a247dcb03, name: Test Section, description: null, status: PUBLISHED, code: TEST-001} @ http://localhost:3000/_next/static/chunks/node_modules_next_dist_0bc8q4g._.js:1233
[   20648ms] [LOG] !!!section {id: d8bb7cb1-9864-4008-a79c-6c9fcced077a, name: Section 2, description: null, status: PUBLISHED, code: S2} @ http://localhost:3000/_next/static/chunks/node_modules_next_dist_0bc8q4g._.js:1233
[   20650ms] [LOG] !!!section {id: 598d0820-d1d0-4e3b-8066-f11240ce4370, name: Japanese 101 - Spring 2026, description: Beginner Japanese conversation course, status: PUBLISHED, code: L2SC9C} @ http://localhost:3000/_next/static/chunks/node_modules_next_dist_0bc8q4g._.js:1233
[   20698ms] [LOG] !!!section {id: b3eba183-eb90-4b3f-a9b6-c7368016155c, name: Section 2, description: null, status: PUBLISHED, code: S2} @ http://localhost:3000/_next/static/chunks/node_modules_next_dist_0bc8q4g._.js:1233
[   20701ms] [LOG] !!!section {id: f73b55ab-be3a-4977-90cd-8695fb4bfb57, name: Original Section Name, description: Original description, status: DRAFT, code: ORIG-001} @ http://localhost:3000/_next/static/chunks/node_modules_next_dist_0bc8q4g._.js:1233
[   20714ms] [LOG] !!!section {id: 3d33ac82-7800-4882-8bf5-8a2c0d1dc7cc, name: Original Section Name, description: Original description, status: DRAFT, code: ORIG-001} @ http://localhost:3000/_next/static/chunks/node_modules_next_dist_0bc8q4g._.js:1233
[   20718ms] [LOG] !!!section {id: d0f1083d-3422-4e21-953a-78c781b7da51, name: Test Section, description: null, status: PUBLISHED, code: TEST-001} @ http://localhost:3000/_next/static/chunks/node_modules_next_dist_0bc8q4g._.js:1233
[   20750ms] [LOG] !!!section {id: cd6c83ff-ca21-4447-a4e2-8cb0f81d93db, name: Test Section, description: null, status: PUBLISHED, code: TEST-001} @ http://localhost:3000/_next/static/chunks/node_modules_next_dist_0bc8q4g._.js:1233
[   20767ms] [LOG] !!!section {id: 0fb98bed-1d11-423f-9165-18f219794312, name: Section 2, description: null, status: PUBLISHED, code: S2} @ http://localhost:3000/_next/static/chunks/node_modules_next_dist_0bc8q4g._.js:1233
[   20782ms] [LOG] !!!section {id: 778ce67d-7595-4b23-bb28-41c4233f443c, name: Japanese 101 - Spring 2026, description: Beginner Japanese conversation course, status: PUBLISHED, code: F4DP9P} @ http://localhost:3000/_next/static/chunks/node_modules_next_dist_0bc8q4g._.js:1233
[   20785ms] [LOG] !!!section {id: 40d10d70-5b8e-4f1d-962a-5b4e23bd7e50, name: Test Section, description: null, status: PUBLISHED, code: TEST-001} @ http://localhost:3000/_next/static/chunks/node_modules_next_dist_0bc8q4g._.js:1233
[   20814ms] [LOG] !!!section {id: 8bd49f0d-f626-4b9e-b4f6-85089ef66536, name: Test Section, description: null, status: PUBLISHED, code: TEST-001} @ http://localhost:3000/_next/static/chunks/node_modules_next_dist_0bc8q4g._.js:1233
[   20819ms] [LOG] !!!section {id: 51ad747f-3f3d-457f-8e63-5e572d94cdee, name: E2E Test Section 1774482736434, description: Comprehensive E2E test section for complete workflow, status: PUBLISHED, code: 641S86} @ http://localhost:3000/_next/static/chunks/node_modules_next_dist_0bc8q4g._.js:1233
[   20832ms] [LOG] !!!section {id: ffcf40b1-bec3-4a3b-abd0-b2f0d7c64c3d, name: Section 2, description: null, status: PUBLISHED, code: S2} @ http://localhost:3000/_next/static/chunks/node_modules_next_dist_0bc8q4g._.js:1233
[   20833ms] [LOG] !!!section {id: f45196f6-e3ac-46ab-a60e-7c6b58d92ec3, name: Section 2, description: null, status: PUBLISHED, code: S2} @ http://localhost:3000/_next/static/chunks/node_modules_next_dist_0bc8q4g._.js:1233
[   20834ms] [LOG] !!!section {id: 5664bef5-8a03-43f7-9fe2-1f5560df38d4, name: Section 2, description: null, status: PUBLISHED, code: S2} @ http://localhost:3000/_next/static/chunks/node_modules_next_dist_0bc8q4g._.js:1233
[   20847ms] [LOG] !!!section {id: 325495e1-910b-4a4d-83e2-b003dd294b85, name: Test Section, description: null, status: PUBLISHED, code: TEST-001} @ http://localhost:3000/_next/static/chunks/node_modules_next_dist_0bc8q4g._.js:1233
[   20849ms] [LOG] !!!section {id: afab77f1-fc64-44cc-98e2-1915399dc1f4, name: Test Section, description: null, status: PUBLISHED, code: TEST-001} @ http://localhost:3000/_next/static/chunks/node_modules_next_dist_0bc8q4g._.js:1233
[   20850ms] [LOG] !!!section {id: cdee8ece-10ee-4f7e-b863-5cbd4ef6de73, name: Japanese 101 - Spring 2026, description: Beginner Japanese conversation course, status: PUBLISHED, code: FQE3UW} @ http://localhost:3000/_next/static/chunks/node_modules_next_dist_0bc8q4g._.js:1233
[   20852ms] [LOG] !!!section {id: 953591de-0167-4311-98bb-99b8204d037b, name: Test Section, description: null, status: PUBLISHED, code: TEST-001} @ http://localhost:3000/_next/static/chunks/node_modules_next_dist_0bc8q4g._.js:1233
[   20865ms] [LOG] !!!section {id: c1be5a84-65ed-4a78-9cd4-b33b25a702b3, name: Test Section, description: null, status: PUBLISHED, code: TEST-001} @ http://localhost:3000/_next/static/chunks/node_modules_next_dist_0bc8q4g._.js:1233
[   20867ms] [LOG] !!!section {id: fab4ea86-7d86-4186-b124-22c0e1188fbe, name: Temporary Section, description: null, status: DRAFT, code: TEMP-001} @ http://localhost:3000/_next/static/chunks/node_modules_next_dist_0bc8q4g._.js:1233
[   20868ms] [LOG] !!!section {id: 272c6fcb-0ed6-4e8c-a66e-96ad9f84afa8, name: Test Section, description: null, status: PUBLISHED, code: TEST-001} @ http://localhost:3000/_next/static/chunks/node_modules_next_dist_0bc8q4g._.js:1233
[   20881ms] [LOG] !!!section {id: 0b1afe2d-5585-4b37-b32f-b7557e38f895, name: Section 2, description: null, status: PUBLISHED, code: S2} @ http://localhost:3000/_next/static/chunks/node_modules_next_dist_0bc8q4g._.js:1233
[   20883ms] [LOG] !!!section {id: 1ad02849-2bc3-41cf-9776-14b68bb96bec, name: Biology 101, description: Intro to Biology, status: PUBLISHED, code: BIO101} @ http://localhost:3000/_next/static/chunks/node_modules_next_dist_0bc8q4g._.js:1233
[   20884ms] [LOG] !!!section {id: 58f0c8e1-6a6d-4962-9a03-b2267d7f1a5e, name: Test Section, description: null, status: PUBLISHED, code: TEST-001} @ http://localhost:3000/_next/static/chunks/node_modules_next_dist_0bc8q4g._.js:1233
[   20897ms] [LOG] !!!section {id: 08e90519-911b-4a10-bacf-2cac91a0c3d1, name: Section 1, description: null, status: PUBLISHED, code: S1} @ http://localhost:3000/_next/static/chunks/node_modules_next_dist_0bc8q4g._.js:1233
[   20899ms] [LOG] !!!section {id: 2fb31ed7-d72c-4517-89f7-a3c99296ade7, name: Test Section, description: null, status: PUBLISHED, code: TEST-001} @ http://localhost:3000/_next/static/chunks/node_modules_next_dist_0bc8q4g._.js:1233
[   20901ms] [LOG] !!!section {id: 4a271b66-8cd6-45d1-a8fc-621a893756b5, name: Test Section, description: null, status: PUBLISHED, code: TEST-001} @ http://localhost:3000/_next/static/chunks/node_modules_next_dist_0bc8q4g._.js:1233
[   20965ms] [LOG] !!!section {id: cdc36b52-eaef-401c-bcb1-9f72c0e176b8, name: Grade Test Section, description: null, status: PUBLISHED, code: GRADE-TEST} @ http://localhost:3000/_next/static/chunks/node_modules_next_dist_0bc8q4g._.js:1233
[   20966ms] [LOG] !!!section {id: 7ab6f9cf-375e-435d-bd2d-66c3eca50250, name: Section 1, description: null, status: PUBLISHED, code: S1} @ http://localhost:3000/_next/static/chunks/node_modules_next_dist_0bc8q4g._.js:1233
[   20968ms] [LOG] !!!section {id: 3b09795f-fa6e-47b2-854f-725efca79cd6, name: Section 2, description: null, status: PUBLISHED, code: S2} @ http://localhost:3000/_next/static/chunks/node_modules_next_dist_0bc8q4g._.js:1233
[   20969ms] [LOG] !!!section {id: 7da11483-c739-4b58-83e8-ba78e5031feb, name: Test Section, description: null, status: PUBLISHED, code: TEST-001} @ http://localhost:3000/_next/static/chunks/node_modules_next_dist_0bc8q4g._.js:1233
[   20983ms] [LOG] !!!section {id: dcc4587b-79f3-477f-b26f-479a094daf43, name: Test Section, description: null, status: PUBLISHED, code: TEST-001} @ http://localhost:3000/_next/static/chunks/node_modules_next_dist_0bc8q4g._.js:1233
[   20985ms] [LOG] !!!section {id: 721ac42d-575d-426f-bde4-aa604647cd9c, name: Test Section, description: null, status: PUBLISHED, code: TEST-001} @ http://localhost:3000/_next/static/chunks/node_modules_next_dist_0bc8q4g._.js:1233
[   20997ms] [LOG] !!!section {id: ce07b087-6fcd-4e1b-8ece-6a9a515e92e3, name: Section 2, description: null, status: PUBLISHED, code: S2} @ http://localhost:3000/_next/static/chunks/node_modules_next_dist_0bc8q4g._.js:1233
[   20999ms] [LOG] !!!section {id: b283d62f-d737-420f-a056-9c58f4479129, name: Original Section Name, description: Original description, status: DRAFT, code: ORIG-001} @ http://localhost:3000/_next/static/chunks/node_modules_next_dist_0bc8q4g._.js:1233
[   21000ms] [LOG] !!!section {id: dfab9461-9053-4a22-94f2-cc948185420e, name: Test Section, description: null, status: PUBLISHED, code: TEST-001} @ http://localhost:3000/_next/static/chunks/node_modules_next_dist_0bc8q4g._.js:1233
[   21002ms] [LOG] !!!section {id: 163c8180-e408-421f-b1de-7fafc01dbb20, name: Test Section, description: null, status: PUBLISHED, code: TEST-001} @ http://localhost:3000/_next/static/chunks/node_modules_next_dist_0bc8q4g._.js:1233
[   21015ms] [LOG] !!!section {id: a5be67ff-933a-45e7-a7fa-2730bdbcd286, name: Test Section, description: null, status: PUBLISHED, code: TEST-001} @ http://localhost:3000/_next/static/chunks/node_modules_next_dist_0bc8q4g._.js:1233
[   21016ms] [LOG] !!!section {id: 31bfc515-2692-49ea-b688-cd1955f53a5c, name: Test Section, description: null, status: PUBLISHED, code: TEST-001} @ http://localhost:3000/_next/static/chunks/node_modules_next_dist_0bc8q4g._.js:1233
[   21018ms] [LOG] !!!section {id: 5ae5a18a-73f8-42d5-8a68-026aab750c41, name: Grade Test Section, description: null, status: PUBLISHED, code: GRADE-TEST} @ http://localhost:3000/_next/static/chunks/node_modules_next_dist_0bc8q4g._.js:1233
[   21053ms] [LOG] !!!section {id: 499fdec3-da8d-4ef4-92d8-291d0cbd2fab, name: Temporary Section, description: null, status: DRAFT, code: TEMP-001} @ http://localhost:3000/_next/static/chunks/node_modules_next_dist_0bc8q4g._.js:1233
[   21067ms] [LOG] !!!section {id: 84427f7a-75f9-474a-b7b1-2839ac657737, name: Original Section Name, description: Original description, status: DRAFT, code: ORIG-001} @ http://localhost:3000/_next/static/chunks/node_modules_next_dist_0bc8q4g._.js:1233
[   21081ms] [LOG] !!!section {id: db7919cc-2bf4-43db-acc9-559aebba73ed, name: Test Section, description: null, status: PUBLISHED, code: TEST-001} @ http://localhost:3000/_next/static/chunks/node_modules_next_dist_0bc8q4g._.js:1233
[   21084ms] [LOG] !!!section {id: 340113f1-94d9-473a-8528-228b8dca613d, name: Original Section Name, description: Original description, status: DRAFT, code: ORIG-001} @ http://localhost:3000/_next/static/chunks/node_modules_next_dist_0bc8q4g._.js:1233
[   21099ms] [LOG] !!!section {id: 36629e2a-d5da-4bf4-85c4-3aa9b27c65c7, name: Biology 101, description: Intro to Biology, status: PUBLISHED, code: BIO101} @ http://localhost:3000/_next/static/chunks/node_modules_next_dist_0bc8q4g._.js:1233
[   21101ms] [LOG] !!!section {id: 6725abf3-d692-40cd-9658-00c68b2f5ba4, name: Test Section, description: null, status: PUBLISHED, code: TEST-001} @ http://localhost:3000/_next/static/chunks/node_modules_next_dist_0bc8q4g._.js:1233
[   21102ms] [LOG] !!!section {id: 76990e7b-682c-44f5-82f5-1de4221deb80, name: Test Section, description: null, status: PUBLISHED, code: TEST-001} @ http://localhost:3000/_next/static/chunks/node_modules_next_dist_0bc8q4g._.js:1233
[   21115ms] [LOG] !!!section {id: fbe39c35-7869-4327-92b8-f250013ca5ec, name: Japanese 101 - Spring 2026, description: Beginner Japanese conversation course, status: PUBLISHED, code: 155E99} @ http://localhost:3000/_next/static/chunks/node_modules_next_dist_0bc8q4g._.js:1233
[   21116ms] [LOG] !!!section {id: 19ec384c-5eb7-4e0e-866b-3337e09d0f9e, name: Grade Test Section, description: null, status: PUBLISHED, code: GRADE-TEST} @ http://localhost:3000/_next/static/chunks/node_modules_next_dist_0bc8q4g._.js:1233
[   21118ms] [LOG] !!!section {id: dd6a79ba-c532-4342-bf2c-796440baadd4, name: Section 2, description: null, status: PUBLISHED, code: S2} @ http://localhost:3000/_next/static/chunks/node_modules_next_dist_0bc8q4g._.js:1233
[   21119ms] [LOG] !!!section {id: e23ab46c-a060-41aa-8e07-a6b4c18cc792, name: Japanese 101 - Spring 2026, description: Beginner Japanese conversation course, status: PUBLISHED, code: MOJKQL} @ http://localhost:3000/_next/static/chunks/node_modules_next_dist_0bc8q4g._.js:1233
[   21131ms] [LOG] !!!section {id: e584b66b-d3a2-4018-a621-040e2c4131c9, name: Test Section, description: null, status: PUBLISHED, code: TEST-001} @ http://localhost:3000/_next/static/chunks/node_modules_next_dist_0bc8q4g._.js:1233
[   21133ms] [LOG] !!!section {id: da00f42c-71b5-44e6-a86e-f56a0d833a5f, name: Test Section, description: null, status: PUBLISHED, code: TEST-001} @ http://localhost:3000/_next/static/chunks/node_modules_next_dist_0bc8q4g._.js:1233
[   21134ms] [LOG] !!!section {id: 4bd499b1-c875-4a07-b7c7-d95bbf5f88e0, name: Biology 101, description: Intro to Biology, status: PUBLISHED, code: BIO101} @ http://localhost:3000/_next/static/chunks/node_modules_next_dist_0bc8q4g._.js:1233
[   21135ms] [LOG] !!!section {id: 863ed865-a2d6-4688-951c-3397eb1e5cd4, name: Test Section, description: null, status: PUBLISHED, code: TEST-001} @ http://localhost:3000/_next/static/chunks/node_modules_next_dist_0bc8q4g._.js:1233
[   21147ms] [LOG] !!!section {id: f5d362dc-7565-45ab-8f8b-30f7da60af74, name: Section 2, description: null, status: PUBLISHED, code: S2} @ http://localhost:3000/_next/static/chunks/node_modules_next_dist_0bc8q4g._.js:1233
[   21149ms] [LOG] !!!section {id: f6ef8547-c14f-4f81-8916-5b3a028131c0, name: Biology 101, description: Intro to Biology, status: PUBLISHED, code: BIO101} @ http://localhost:3000/_next/static/chunks/node_modules_next_dist_0bc8q4g._.js:1233
[   21150ms] [LOG] !!!section {id: 9d18094f-e3b7-4971-8cec-9e4c60ff59ec, name: Test Section, description: null, status: PUBLISHED, code: TEST-001} @ http://localhost:3000/_next/static/chunks/node_modules_next_dist_0bc8q4g._.js:1233
[   21152ms] [LOG] !!!section {id: 2ae9063e-f6a8-469c-9cd0-28cdee36ed26, name: E2E Test Section 1774368275525, description: Comprehensive E2E test section for complete workflow, status: PUBLISHED, code: 6NGKL2} @ http://localhost:3000/_next/static/chunks/node_modules_next_dist_0bc8q4g._.js:1233
[   21166ms] [LOG] [sections.jsx] canViewInstructorDashboard: false isInstructor: false ownedSections.length: 0 @ http://localhost:3000/_next/static/chunks/node_modules_next_dist_0bc8q4g._.js:1233
[   21181ms] [LOG] sections [Object, Object, Object, Object, Object, Object, Object, Object, Object, Object, Object, Object, Object, Object, Object, Object, Object, Object, Object, Object, Object, Object, Object, Object, Object, Object, Object, Object, Object, Object, Object, Object, Object, Object, Object, Object, Object, Object, Object, Object, Object, Object, Object, Object, Object, Object, Object, Object, Object, Object, Object, Object, Object, Object, Object, Object, Object, Object, Object, Object, Object, Object, Object, Object, Object, Object, Object, Object, Object, Object, Object, Object, Object, Object, Object, Object, Object, Object, Object, Object, Object, Object, Object, Object, Object, Object, Object, Object, Object, Object, Object, Object, Object, Object, Object, Object, Object, Object, Object, Object] @ http://localhost:3000/_next/static/chunks/node_modules_next_dist_0bc8q4g._.js:1233
[   21185ms] [LOG] !!!section {id: 485a1ffa-bd40-45ca-96de-f58bc6fc0894, name: Original Section Name, description: Original description, status: DRAFT, code: ORIG-001} @ http://localhost:3000/_next/static/chunks/node_modules_next_dist_0bc8q4g._.js:1233
[   21198ms] [LOG] !!!section {id: a82ad425-66f4-4ae7-ab72-2de04258ddea, name: Grade Test Section, description: null, status: PUBLISHED, code: GRADE-TEST} @ http://localhost:3000/_next/static/chunks/node_modules_next_dist_0bc8q4g._.js:1233
[   21200ms] [LOG] !!!section {id: 26097bd0-b922-4ada-9b21-83db389944fa, name: Biology 101, description: Intro to Biology, status: PUBLISHED, code: BIO101} @ http://localhost:3000/_next/static/chunks/node_modules_next_dist_0bc8q4g._.js:1233
[   21202ms] [LOG] !!!section {id: 6a041ff4-e7ed-47ca-b2bd-0d35b84614b3, name: Test Section, description: null, status: PUBLISHED, code: TEST-001} @ http://localhost:3000/_next/static/chunks/node_modules_next_dist_0bc8q4g._.js:1233
[   21214ms] [LOG] !!!section {id: 674343a8-ce09-4fee-8772-5e9e5d60482c, name: Biology 101, description: Intro to Biology, status: PUBLISHED, code: BIO101} @ http://localhost:3000/_next/static/chunks/node_modules_next_dist_0bc8q4g._.js:1233
[   21216ms] [LOG] !!!section {id: 2a7ae578-0be1-43dd-ba5e-6e224b3b617b, name: Test Section, description: null, status: PUBLISHED, code: TEST-001} @ http://localhost:3000/_next/static/chunks/node_modules_next_dist_0bc8q4g._.js:1233
[   21218ms] [LOG] !!!section {id: f156b5e2-8491-4935-9990-a4dab652241c, name: Original Section Name, description: Original description, status: DRAFT, code: ORIG-001} @ http://localhost:3000/_next/static/chunks/node_modules_next_dist_0bc8q4g._.js:1233
[   21220ms] [LOG] !!!section {id: e002e526-7c0a-4067-abbf-4e53158c61c4, name: Section 2, description: null, status: PUBLISHED, code: S2} @ http://localhost:3000/_next/static/chunks/node_modules_next_dist_0bc8q4g._.js:1233
[   21252ms] [LOG] !!!section {id: b8cb47e8-35ca-44af-a9d7-3587acd0d179, name: Japanese 101 - Spring 2026, description: Beginner Japanese conversation course, status: PUBLISHED, code: 66CE6L} @ http://localhost:3000/_next/static/chunks/node_modules_next_dist_0bc8q4g._.js:1233
[   21302ms] [LOG] !!!section {id: af3e03f0-54df-4df7-8bd7-efb065f3432e, name: Grade Test Section, description: null, status: PUBLISHED, code: GRADE-TEST} @ http://localhost:3000/_next/static/chunks/node_modules_next_dist_0bc8q4g._.js:1233
[   21348ms] [LOG] !!!section {id: edf9e7cf-c21c-45a0-bc50-a8e508ea2815, name: Test Section, description: null, status: PUBLISHED, code: TEST-001} @ http://localhost:3000/_next/static/chunks/node_modules_next_dist_0bc8q4g._.js:1233
[   21365ms] [LOG] !!!section {id: 64def60a-7fa3-475b-8204-22e46b123b29, name: E2E Test Section 1774369286656, description: Comprehensive E2E test section for complete workflow, status: PUBLISHED, code: I4OX3T} @ http://localhost:3000/_next/static/chunks/node_modules_next_dist_0bc8q4g._.js:1233
[   21367ms] [LOG] !!!section {id: aaf5a906-30aa-4c74-b5d5-5feeed95e612, name: Test Section, description: null, status: PUBLISHED, code: TEST-001} @ http://localhost:3000/_next/static/chunks/node_modules_next_dist_0bc8q4g._.js:1233
[   21368ms] [LOG] !!!section {id: 80d216c8-4dc2-4433-92c4-386ca2a20bff, name: Test Section, description: null, status: PUBLISHED, code: TEST-001} @ http://localhost:3000/_next/static/chunks/node_modules_next_dist_0bc8q4g._.js:1233
[   21381ms] [LOG] !!!section {id: 5fb5cef5-e44b-4ec7-8be4-1d6f341dd780, name: Japanese 101 - Spring 2026, description: Beginner Japanese conversation course, status: PUBLISHED, code: FX28Q4} @ http://localhost:3000/_next/static/chunks/node_modules_next_dist_0bc8q4g._.js:1233
[   21385ms] [LOG] !!!section {id: fe9fc83c-99e9-4aa8-b3d9-21c7f351fe0c, name: Test Section, description: null, status: PUBLISHED, code: TEST-001} @ http://localhost:3000/_next/static/chunks/node_modules_next_dist_0bc8q4g._.js:1233
[   21387ms] [LOG] !!!section {id: 3dfb4edd-69ec-405a-8a05-335329e4e583, name: Temporary Section, description: null, status: DRAFT, code: TEMP-001} @ http://localhost:3000/_next/static/chunks/node_modules_next_dist_0bc8q4g._.js:1233
[   21399ms] [LOG] !!!section {id: b7d6cc52-d89b-4238-8ce3-9bf414f3e740, name: Test Section, description: null, status: PUBLISHED, code: TEST-001} @ http://localhost:3000/_next/static/chunks/node_modules_next_dist_0bc8q4g._.js:1233
[   21401ms] [LOG] !!!section {id: 70cb413e-59e0-4eaf-9dae-06bb2ac40a5d, name: Test Section, description: null, status: PUBLISHED, code: TEST-001} @ http://localhost:3000/_next/static/chunks/node_modules_next_dist_0bc8q4g._.js:1233
[   21402ms] [LOG] !!!section {id: 90f3d548-5fd7-41ff-9014-d281ee585be1, name: Section 1, description: null, status: PUBLISHED, code: S1} @ http://localhost:3000/_next/static/chunks/node_modules_next_dist_0bc8q4g._.js:1233
[   21403ms] [LOG] !!!section {id: 108127c7-99e1-4d27-9235-326438a65ff9, name: Test Section, description: null, status: PUBLISHED, code: TEST-001} @ http://localhost:3000/_next/static/chunks/node_modules_next_dist_0bc8q4g._.js:1233
[   21416ms] [LOG] !!!section {id: 4168c41f-9a2a-416d-98fd-c7c56ed3f16d, name: Test Section, description: null, status: PUBLISHED, code: TEST-001} @ http://localhost:3000/_next/static/chunks/node_modules_next_dist_0bc8q4g._.js:1233
[   21417ms] [LOG] !!!section {id: 4b1d5ed4-2c83-4f7e-b33e-7e39f7e8b582, name: Test Section, description: null, status: PUBLISHED, code: TEST-001} @ http://localhost:3000/_next/static/chunks/node_modules_next_dist_0bc8q4g._.js:1233
[   21419ms] [LOG] !!!section {id: 76aede11-b41a-4679-8272-c4b2d813e242, name: Japanese 101 - Spring 2026, description: Beginner Japanese conversation course, status: PUBLISHED, code: 032DY9} @ http://localhost:3000/_next/static/chunks/node_modules_next_dist_0bc8q4g._.js:1233
[   21420ms] [LOG] !!!section {id: 0e3121d1-22dc-4025-86fe-89d879d0f4b8, name: Biology 101, description: Intro to Biology, status: PUBLISHED, code: BIO101} @ http://localhost:3000/_next/static/chunks/node_modules_next_dist_0bc8q4g._.js:1233
[   21433ms] [LOG] !!!section {id: 7cc60b3d-5141-4ccc-885c-0f761d6aadd2, name: Section 2, description: null, status: PUBLISHED, code: S2} @ http://localhost:3000/_next/static/chunks/node_modules_next_dist_0bc8q4g._.js:1233
[   21453ms] [LOG] !!!section {id: 3866b8a5-0967-46bf-b738-16011e0ee5d2, name: Test Section, description: null, status: PUBLISHED, code: TEST-001} @ http://localhost:3000/_next/static/chunks/node_modules_next_dist_0bc8q4g._.js:1233
[   21486ms] [LOG] !!!section {id: 9f5926eb-7622-421e-85b6-f0240478e0b4, name: Test Section, description: null, status: PUBLISHED, code: TEST-001} @ http://localhost:3000/_next/static/chunks/node_modules_next_dist_0bc8q4g._.js:1233
[   21499ms] [LOG] !!!section {id: 8576ea2e-5918-4016-9e8b-880d4060cce1, name: Section 2, description: null, status: PUBLISHED, code: S2} @ http://localhost:3000/_next/static/chunks/node_modules_next_dist_0bc8q4g._.js:1233
[   21501ms] [LOG] !!!section {id: 029af6d7-18c6-4f03-b1ed-f7c9a18e3797, name: Test Section, description: null, status: PUBLISHED, code: TEST-001} @ http://localhost:3000/_next/static/chunks/node_modules_next_dist_0bc8q4g._.js:1233
[   21502ms] [LOG] !!!section {id: c134f150-7cab-4825-984b-4848d2f8daad, name: Test Section, description: null, status: PUBLISHED, code: TEST-001} @ http://localhost:3000/_next/static/chunks/node_modules_next_dist_0bc8q4g._.js:1233
[   21503ms] [LOG] !!!section {id: 92d79627-e95c-4648-aa46-7ec92087f837, name: Test Section, description: null, status: PUBLISHED, code: TEST-001} @ http://localhost:3000/_next/static/chunks/node_modules_next_dist_0bc8q4g._.js:1233
[   21516ms] [LOG] !!!section {id: f48e984a-3ca4-4cec-8ba4-5a2626b51de3, name: Temporary Section, description: null, status: DRAFT, code: TEMP-001} @ http://localhost:3000/_next/static/chunks/node_modules_next_dist_0bc8q4g._.js:1233
[   21517ms] [LOG] !!!section {id: 120aa2f0-ef90-4315-9fde-d772745cfb2c, name: Test Section, description: null, status: PUBLISHED, code: TEST-001} @ http://localhost:3000/_next/static/chunks/node_modules_next_dist_0bc8q4g._.js:1233
[   21518ms] [LOG] !!!section {id: 7474d4eb-d4f8-4630-adf0-0004b7dcf1fe, name: Grade Test Section, description: null, status: PUBLISHED, code: GRADE-TEST} @ http://localhost:3000/_next/static/chunks/node_modules_next_dist_0bc8q4g._.js:1233
[   21520ms] [LOG] !!!section {id: e9615e0d-44fe-4f01-97a8-1f5c1a58f535, name: Japanese 101 - Spring 2026, description: Beginner Japanese conversation course, status: PUBLISHED, code: ZB0WI7} @ http://localhost:3000/_next/static/chunks/node_modules_next_dist_0bc8q4g._.js:1233
[   21532ms] [LOG] !!!section {id: 5d43d353-6ea4-4d1f-bae8-c5240e6acb69, name: Grade Test Section, description: null, status: PUBLISHED, code: GRADE-TEST} @ http://localhost:3000/_next/static/chunks/node_modules_next_dist_0bc8q4g._.js:1233
[   21534ms] [LOG] !!!section {id: db67195f-f706-4160-9b47-b855b4aa29cd, name: Temporary Section, description: null, status: DRAFT, code: TEMP-001} @ http://localhost:3000/_next/static/chunks/node_modules_next_dist_0bc8q4g._.js:1233
[   21535ms] [LOG] !!!section {id: 47656fed-1826-46b7-b3a1-c9ceb78da9a8, name: Test Section, description: null, status: PUBLISHED, code: TEST-001} @ http://localhost:3000/_next/static/chunks/node_modules_next_dist_0bc8q4g._.js:1233
[   21537ms] [LOG] !!!section {id: 1ee29798-548e-4c98-8047-137a247dcb03, name: Test Section, description: null, status: PUBLISHED, code: TEST-001} @ http://localhost:3000/_next/static/chunks/node_modules_next_dist_0bc8q4g._.js:1233
[   21549ms] [LOG] !!!section {id: d8bb7cb1-9864-4008-a79c-6c9fcced077a, name: Section 2, description: null, status: PUBLISHED, code: S2} @ http://localhost:3000/_next/static/chunks/node_modules_next_dist_0bc8q4g._.js:1233
[   21551ms] [LOG] !!!section {id: 598d0820-d1d0-4e3b-8066-f11240ce4370, name: Japanese 101 - Spring 2026, description: Beginner Japanese conversation course, status: PUBLISHED, code: L2SC9C} @ http://localhost:3000/_next/static/chunks/node_modules_next_dist_0bc8q4g._.js:1233
[   21552ms] [LOG] !!!section {id: b3eba183-eb90-4b3f-a9b6-c7368016155c, name: Section 2, description: null, status: PUBLISHED, code: S2} @ http://localhost:3000/_next/static/chunks/node_modules_next_dist_0bc8q4g._.js:1233
[   21554ms] [LOG] !!!section {id: f73b55ab-be3a-4977-90cd-8695fb4bfb57, name: Original Section Name, description: Original description, status: DRAFT, code: ORIG-001} @ http://localhost:3000/_next/static/chunks/node_modules_next_dist_0bc8q4g._.js:1233
[   21566ms] [LOG] !!!section {id: 3d33ac82-7800-4882-8bf5-8a2c0d1dc7cc, name: Original Section Name, description: Original description, status: DRAFT, code: ORIG-001} @ http://localhost:3000/_next/static/chunks/node_modules_next_dist_0bc8q4g._.js:1233
[   21567ms] [LOG] !!!section {id: d0f1083d-3422-4e21-953a-78c781b7da51, name: Test Section, description: null, status: PUBLISHED, code: TEST-001} @ http://localhost:3000/_next/static/chunks/node_modules_next_dist_0bc8q4g._.js:1233
[   21569ms] [LOG] !!!section {id: cd6c83ff-ca21-4447-a4e2-8cb0f81d93db, name: Test Section, description: null, status: PUBLISHED, code: TEST-001} @ http://localhost:3000/_next/static/chunks/node_modules_next_dist_0bc8q4g._.js:1233
[   21570ms] [LOG] !!!section {id: 0fb98bed-1d11-423f-9165-18f219794312, name: Section 2, description: null, status: PUBLISHED, code: S2} @ http://localhost:3000/_next/static/chunks/node_modules_next_dist_0bc8q4g._.js:1233
[   21583ms] [LOG] !!!section {id: 778ce67d-7595-4b23-bb28-41c4233f443c, name: Japanese 101 - Spring 2026, description: Beginner Japanese conversation course, status: PUBLISHED, code: F4DP9P} @ http://localhost:3000/_next/static/chunks/node_modules_next_dist_0bc8q4g._.js:1233
[   21584ms] [LOG] !!!section {id: 40d10d70-5b8e-4f1d-962a-5b4e23bd7e50, name: Test Section, description: null, status: PUBLISHED, code: TEST-001} @ http://localhost:3000/_next/static/chunks/node_modules_next_dist_0bc8q4g._.js:1233
[   21586ms] [LOG] !!!section {id: 8bd49f0d-f626-4b9e-b4f6-85089ef66536, name: Test Section, description: null, status: PUBLISHED, code: TEST-001} @ http://localhost:3000/_next/static/chunks/node_modules_next_dist_0bc8q4g._.js:1233
[   21587ms] [LOG] !!!section {id: 51ad747f-3f3d-457f-8e63-5e572d94cdee, name: E2E Test Section 1774482736434, description: Comprehensive E2E test section for complete workflow, status: PUBLISHED, code: 641S86} @ http://localhost:3000/_next/static/chunks/node_modules_next_dist_0bc8q4g._.js:1233
[   21599ms] [LOG] !!!section {id: ffcf40b1-bec3-4a3b-abd0-b2f0d7c64c3d, name: Section 2, description: null, status: PUBLISHED, code: S2} @ http://localhost:3000/_next/static/chunks/node_modules_next_dist_0bc8q4g._.js:1233
[   21601ms] [LOG] !!!section {id: f45196f6-e3ac-46ab-a60e-7c6b58d92ec3, name: Section 2, description: null, status: PUBLISHED, code: S2} @ http://localhost:3000/_next/static/chunks/node_modules_next_dist_0bc8q4g._.js:1233
[   21603ms] [LOG] !!!section {id: 5664bef5-8a03-43f7-9fe2-1f5560df38d4, name: Section 2, description: null, status: PUBLISHED, code: S2} @ http://localhost:3000/_next/static/chunks/node_modules_next_dist_0bc8q4g._.js:1233
[   21615ms] [LOG] !!!section {id: 325495e1-910b-4a4d-83e2-b003dd294b85, name: Test Section, description: null, status: PUBLISHED, code: TEST-001} @ http://localhost:3000/_next/static/chunks/node_modules_next_dist_0bc8q4g._.js:1233
[   21618ms] [LOG] !!!section {id: afab77f1-fc64-44cc-98e2-1915399dc1f4, name: Test Section, description: null, status: PUBLISHED, code: TEST-001} @ http://localhost:3000/_next/static/chunks/node_modules_next_dist_0bc8q4g._.js:1233
[   21619ms] [LOG] !!!section {id: cdee8ece-10ee-4f7e-b863-5cbd4ef6de73, name: Japanese 101 - Spring 2026, description: Beginner Japanese conversation course, status: PUBLISHED, code: FQE3UW} @ http://localhost:3000/_next/static/chunks/node_modules_next_dist_0bc8q4g._.js:1233
[   21632ms] [LOG] !!!section {id: 953591de-0167-4311-98bb-99b8204d037b, name: Test Section, description: null, status: PUBLISHED, code: TEST-001} @ http://localhost:3000/_next/static/chunks/node_modules_next_dist_0bc8q4g._.js:1233
[   21634ms] [LOG] !!!section {id: c1be5a84-65ed-4a78-9cd4-b33b25a702b3, name: Test Section, description: null, status: PUBLISHED, code: TEST-001} @ http://localhost:3000/_next/static/chunks/node_modules_next_dist_0bc8q4g._.js:1233
[   21637ms] [LOG] !!!section {id: fab4ea86-7d86-4186-b124-22c0e1188fbe, name: Temporary Section, description: null, status: DRAFT, code: TEMP-001} @ http://localhost:3000/_next/static/chunks/node_modules_next_dist_0bc8q4g._.js:1233
[   21652ms] [LOG] !!!section {id: 272c6fcb-0ed6-4e8c-a66e-96ad9f84afa8, name: Test Section, description: null, status: PUBLISHED, code: TEST-001} @ http://localhost:3000/_next/static/chunks/node_modules_next_dist_0bc8q4g._.js:1233
[   21653ms] [LOG] !!!section {id: 0b1afe2d-5585-4b37-b32f-b7557e38f895, name: Section 2, description: null, status: PUBLISHED, code: S2} @ http://localhost:3000/_next/static/chunks/node_modules_next_dist_0bc8q4g._.js:1233
[   21668ms] [LOG] !!!section {id: 1ad02849-2bc3-41cf-9776-14b68bb96bec, name: Biology 101, description: Intro to Biology, status: PUBLISHED, code: BIO101} @ http://localhost:3000/_next/static/chunks/node_modules_next_dist_0bc8q4g._.js:1233
[   21670ms] [LOG] !!!section {id: 58f0c8e1-6a6d-4962-9a03-b2267d7f1a5e, name: Test Section, description: null, status: PUBLISHED, code: TEST-001} @ http://localhost:3000/_next/static/chunks/node_modules_next_dist_0bc8q4g._.js:1233
[   21766ms] [LOG] !!!section {id: 08e90519-911b-4a10-bacf-2cac91a0c3d1, name: Section 1, description: null, status: PUBLISHED, code: S1} @ http://localhost:3000/_next/static/chunks/node_modules_next_dist_0bc8q4g._.js:1233
[   21767ms] [LOG] !!!section {id: 2fb31ed7-d72c-4517-89f7-a3c99296ade7, name: Test Section, description: null, status: PUBLISHED, code: TEST-001} @ http://localhost:3000/_next/static/chunks/node_modules_next_dist_0bc8q4g._.js:1233
[   21769ms] [LOG] !!!section {id: 4a271b66-8cd6-45d1-a8fc-621a893756b5, name: Test Section, description: null, status: PUBLISHED, code: TEST-001} @ http://localhost:3000/_next/static/chunks/node_modules_next_dist_0bc8q4g._.js:1233
[   21770ms] [LOG] !!!section {id: cdc36b52-eaef-401c-bcb1-9f72c0e176b8, name: Grade Test Section, description: null, status: PUBLISHED, code: GRADE-TEST} @ http://localhost:3000/_next/static/chunks/node_modules_next_dist_0bc8q4g._.js:1233
[   21783ms] [LOG] !!!section {id: 7ab6f9cf-375e-435d-bd2d-66c3eca50250, name: Section 1, description: null, status: PUBLISHED, code: S1} @ http://localhost:3000/_next/static/chunks/node_modules_next_dist_0bc8q4g._.js:1233
[   21785ms] [LOG] !!!section {id: 3b09795f-fa6e-47b2-854f-725efca79cd6, name: Section 2, description: null, status: PUBLISHED, code: S2} @ http://localhost:3000/_next/static/chunks/node_modules_next_dist_0bc8q4g._.js:1233
[   21786ms] [LOG] !!!section {id: 7da11483-c739-4b58-83e8-ba78e5031feb, name: Test Section, description: null, status: PUBLISHED, code: TEST-001} @ http://localhost:3000/_next/static/chunks/node_modules_next_dist_0bc8q4g._.js:1233
[   21787ms] [LOG] !!!section {id: dcc4587b-79f3-477f-b26f-479a094daf43, name: Test Section, description: null, status: PUBLISHED, code: TEST-001} @ http://localhost:3000/_next/static/chunks/node_modules_next_dist_0bc8q4g._.js:1233
[   21799ms] [LOG] !!!section {id: 721ac42d-575d-426f-bde4-aa604647cd9c, name: Test Section, description: null, status: PUBLISHED, code: TEST-001} @ http://localhost:3000/_next/static/chunks/node_modules_next_dist_0bc8q4g._.js:1233
[   21801ms] [LOG] !!!section {id: ce07b087-6fcd-4e1b-8ece-6a9a515e92e3, name: Section 2, description: null, status: PUBLISHED, code: S2} @ http://localhost:3000/_next/static/chunks/node_modules_next_dist_0bc8q4g._.js:1233
[   21820ms] [LOG] !!!section {id: b283d62f-d737-420f-a056-9c58f4479129, name: Original Section Name, description: Original description, status: DRAFT, code: ORIG-001} @ http://localhost:3000/_next/static/chunks/node_modules_next_dist_0bc8q4g._.js:1233
[   21835ms] [LOG] !!!section {id: dfab9461-9053-4a22-94f2-cc948185420e, name: Test Section, description: null, status: PUBLISHED, code: TEST-001} @ http://localhost:3000/_next/static/chunks/node_modules_next_dist_0bc8q4g._.js:1233
[   21837ms] [LOG] !!!section {id: 163c8180-e408-421f-b1de-7fafc01dbb20, name: Test Section, description: null, status: PUBLISHED, code: TEST-001} @ http://localhost:3000/_next/static/chunks/node_modules_next_dist_0bc8q4g._.js:1233
[   21849ms] [LOG] !!!section {id: a5be67ff-933a-45e7-a7fa-2730bdbcd286, name: Test Section, description: null, status: PUBLISHED, code: TEST-001} @ http://localhost:3000/_next/static/chunks/node_modules_next_dist_0bc8q4g._.js:1233
[   21851ms] [LOG] !!!section {id: 31bfc515-2692-49ea-b688-cd1955f53a5c, name: Test Section, description: null, status: PUBLISHED, code: TEST-001} @ http://localhost:3000/_next/static/chunks/node_modules_next_dist_0bc8q4g._.js:1233
[   21853ms] [LOG] !!!section {id: 5ae5a18a-73f8-42d5-8a68-026aab750c41, name: Grade Test Section, description: null, status: PUBLISHED, code: GRADE-TEST} @ http://localhost:3000/_next/static/chunks/node_modules_next_dist_0bc8q4g._.js:1233
[   21854ms] [LOG] !!!section {id: 499fdec3-da8d-4ef4-92d8-291d0cbd2fab, name: Temporary Section, description: null, status: DRAFT, code: TEMP-001} @ http://localhost:3000/_next/static/chunks/node_modules_next_dist_0bc8q4g._.js:1233
[   21868ms] [LOG] !!!section {id: 84427f7a-75f9-474a-b7b1-2839ac657737, name: Original Section Name, description: Original description, status: DRAFT, code: ORIG-001} @ http://localhost:3000/_next/static/chunks/node_modules_next_dist_0bc8q4g._.js:1233
[   21900ms] [LOG] !!!section {id: db7919cc-2bf4-43db-acc9-559aebba73ed, name: Test Section, description: null, status: PUBLISHED, code: TEST-001} @ http://localhost:3000/_next/static/chunks/node_modules_next_dist_0bc8q4g._.js:1233
[   21902ms] [LOG] !!!section {id: 340113f1-94d9-473a-8528-228b8dca613d, name: Original Section Name, description: Original description, status: DRAFT, code: ORIG-001} @ http://localhost:3000/_next/static/chunks/node_modules_next_dist_0bc8q4g._.js:1233
[   21904ms] [LOG] !!!section {id: 36629e2a-d5da-4bf4-85c4-3aa9b27c65c7, name: Biology 101, description: Intro to Biology, status: PUBLISHED, code: BIO101} @ http://localhost:3000/_next/static/chunks/node_modules_next_dist_0bc8q4g._.js:1233
[   21916ms] [LOG] !!!section {id: 6725abf3-d692-40cd-9658-00c68b2f5ba4, name: Test Section, description: null, status: PUBLISHED, code: TEST-001} @ http://localhost:3000/_next/static/chunks/node_modules_next_dist_0bc8q4g._.js:1233
[   21918ms] [LOG] !!!section {id: 76990e7b-682c-44f5-82f5-1de4221deb80, name: Test Section, description: null, status: PUBLISHED, code: TEST-001} @ http://localhost:3000/_next/static/chunks/node_modules_next_dist_0bc8q4g._.js:1233
[   21919ms] [LOG] !!!section {id: fbe39c35-7869-4327-92b8-f250013ca5ec, name: Japanese 101 - Spring 2026, description: Beginner Japanese conversation course, status: PUBLISHED, code: 155E99} @ http://localhost:3000/_next/static/chunks/node_modules_next_dist_0bc8q4g._.js:1233
[   21920ms] [LOG] !!!section {id: 19ec384c-5eb7-4e0e-866b-3337e09d0f9e, name: Grade Test Section, description: null, status: PUBLISHED, code: GRADE-TEST} @ http://localhost:3000/_next/static/chunks/node_modules_next_dist_0bc8q4g._.js:1233
[   21932ms] [LOG] !!!section {id: dd6a79ba-c532-4342-bf2c-796440baadd4, name: Section 2, description: null, status: PUBLISHED, code: S2} @ http://localhost:3000/_next/static/chunks/node_modules_next_dist_0bc8q4g._.js:1233
[   21934ms] [LOG] !!!section {id: e23ab46c-a060-41aa-8e07-a6b4c18cc792, name: Japanese 101 - Spring 2026, description: Beginner Japanese conversation course, status: PUBLISHED, code: MOJKQL} @ http://localhost:3000/_next/static/chunks/node_modules_next_dist_0bc8q4g._.js:1233
[   21935ms] [LOG] !!!section {id: e584b66b-d3a2-4018-a621-040e2c4131c9, name: Test Section, description: null, status: PUBLISHED, code: TEST-001} @ http://localhost:3000/_next/static/chunks/node_modules_next_dist_0bc8q4g._.js:1233
[   21936ms] [LOG] !!!section {id: da00f42c-71b5-44e6-a86e-f56a0d833a5f, name: Test Section, description: null, status: PUBLISHED, code: TEST-001} @ http://localhost:3000/_next/static/chunks/node_modules_next_dist_0bc8q4g._.js:1233
[   21938ms] [LOG] !!!section {id: 4bd499b1-c875-4a07-b7c7-d95bbf5f88e0, name: Biology 101, description: Intro to Biology, status: PUBLISHED, code: BIO101} @ http://localhost:3000/_next/static/chunks/node_modules_next_dist_0bc8q4g._.js:1233
[   21952ms] [LOG] !!!section {id: 863ed865-a2d6-4688-951c-3397eb1e5cd4, name: Test Section, description: null, status: PUBLISHED, code: TEST-001} @ http://localhost:3000/_next/static/chunks/node_modules_next_dist_0bc8q4g._.js:1233
[   22004ms] [LOG] !!!section {id: f5d362dc-7565-45ab-8f8b-30f7da60af74, name: Section 2, description: null, status: PUBLISHED, code: S2} @ http://localhost:3000/_next/static/chunks/node_modules_next_dist_0bc8q4g._.js:1233
[   22033ms] [LOG] !!!section {id: f6ef8547-c14f-4f81-8916-5b3a028131c0, name: Biology 101, description: Intro to Biology, status: PUBLISHED, code: BIO101} @ http://localhost:3000/_next/static/chunks/node_modules_next_dist_0bc8q4g._.js:1233
[   22035ms] [LOG] !!!section {id: 9d18094f-e3b7-4971-8cec-9e4c60ff59ec, name: Test Section, description: null, status: PUBLISHED, code: TEST-001} @ http://localhost:3000/_next/static/chunks/node_modules_next_dist_0bc8q4g._.js:1233
[   22036ms] [LOG] !!!section {id: 2ae9063e-f6a8-469c-9cd0-28cdee36ed26, name: E2E Test Section 1774368275525, description: Comprehensive E2E test section for complete workflow, status: PUBLISHED, code: 6NGKL2} @ http://localhost:3000/_next/static/chunks/node_modules_next_dist_0bc8q4g._.js:1233
[   27880ms] [LOG] [useChatPageContext] Cleaning up page context @ http://localhost:3000/_next/static/chunks/node_modules_next_dist_0bc8q4g._.js:1233
[   27883ms] [LOG] [useChatPageContext] Registering page context: {hasUnit: false, filesCount: 0, dictionaryCount: 0, questionsCount: 0, sectionsCount: 100} @ http://localhost:3000/_next/static/chunks/node_modules_next_dist_0bc8q4g._.js:1233
[   27896ms] [LOG] [ChatContext] Chat exists and not archived, skipping creation @ http://localhost:3000/_next/static/chunks/node_modules_next_dist_0bc8q4g._.js:1233
[   28568ms] [LOG] [sections.jsx] canViewInstructorDashboard: false isInstructor: false ownedSections.length: 0 @ http://localhost:3000/_next/static/chunks/node_modules_next_dist_0bc8q4g._.js:1233
[   28731ms] [LOG] sections [Object, Object, Object, Object, Object, Object, Object, Object, Object, Object, Object, Object, Object, Object, Object, Object, Object, Object, Object, Object, Object, Object, Object, Object, Object, Object, Object, Object, Object, Object, Object, Object, Object, Object, Object, Object, Object, Object, Object, Object, Object, Object, Object, Object, Object, Object, Object, Object, Object, Object, Object, Object, Object, Object, Object, Object, Object, Object, Object, Object, Object, Object, Object, Object, Object, Object, Object, Object, Object, Object, Object, Object, Object, Object, Object, Object, Object, Object, Object, Object, Object, Object, Object, Object, Object, Object, Object, Object, Object, Object, Object, Object, Object, Object, Object, Object, Object, Object, Object, Object] @ http://localhost:3000/_next/static/chunks/node_modules_next_dist_0bc8q4g._.js:1233
[   28736ms] [LOG] !!!section {id: 485a1ffa-bd40-45ca-96de-f58bc6fc0894, name: Original Section Name, description: Original description, status: DRAFT, code: ORIG-001} @ http://localhost:3000/_next/static/chunks/node_modules_next_dist_0bc8q4g._.js:1233
[   28749ms] [LOG] !!!section {id: a82ad425-66f4-4ae7-ab72-2de04258ddea, name: Grade Test Section, description: null, status: PUBLISHED, code: GRADE-TEST} @ http://localhost:3000/_next/static/chunks/node_modules_next_dist_0bc8q4g._.js:1233
[   28765ms] [LOG] !!!section {id: 26097bd0-b922-4ada-9b21-83db389944fa, name: Biology 101, description: Intro to Biology, status: PUBLISHED, code: BIO101} @ http://localhost:3000/_next/static/chunks/node_modules_next_dist_0bc8q4g._.js:1233
[   28769ms] [LOG] !!!section {id: 6a041ff4-e7ed-47ca-b2bd-0d35b84614b3, name: Test Section, description: null, status: PUBLISHED, code: TEST-001} @ http://localhost:3000/_next/static/chunks/node_modules_next_dist_0bc8q4g._.js:1233
[   28783ms] [LOG] !!!section {id: 674343a8-ce09-4fee-8772-5e9e5d60482c, name: Biology 101, description: Intro to Biology, status: PUBLISHED, code: BIO101} @ http://localhost:3000/_next/static/chunks/node_modules_next_dist_0bc8q4g._.js:1233
[   28785ms] [LOG] !!!section {id: 2a7ae578-0be1-43dd-ba5e-6e224b3b617b, name: Test Section, description: null, status: PUBLISHED, code: TEST-001} @ http://localhost:3000/_next/static/chunks/node_modules_next_dist_0bc8q4g._.js:1233
[   28797ms] [LOG] !!!section {id: f156b5e2-8491-4935-9990-a4dab652241c, name: Original Section Name, description: Original description, status: DRAFT, code: ORIG-001} @ http://localhost:3000/_next/static/chunks/node_modules_next_dist_0bc8q4g._.js:1233
[   28799ms] [LOG] !!!section {id: e002e526-7c0a-4067-abbf-4e53158c61c4, name: Section 2, description: null, status: PUBLISHED, code: S2} @ http://localhost:3000/_next/static/chunks/node_modules_next_dist_0bc8q4g._.js:1233
[   28801ms] [LOG] !!!section {id: b8cb47e8-35ca-44af-a9d7-3587acd0d179, name: Japanese 101 - Spring 2026, description: Beginner Japanese conversation course, status: PUBLISHED, code: 66CE6L} @ http://localhost:3000/_next/static/chunks/node_modules_next_dist_0bc8q4g._.js:1233
[   28815ms] [LOG] !!!section {id: af3e03f0-54df-4df7-8bd7-efb065f3432e, name: Grade Test Section, description: null, status: PUBLISHED, code: GRADE-TEST} @ http://localhost:3000/_next/static/chunks/node_modules_next_dist_0bc8q4g._.js:1233
[   28818ms] [LOG] !!!section {id: edf9e7cf-c21c-45a0-bc50-a8e508ea2815, name: Test Section, description: null, status: PUBLISHED, code: TEST-001} @ http://localhost:3000/_next/static/chunks/node_modules_next_dist_0bc8q4g._.js:1233
[   28831ms] [LOG] !!!section {id: 64def60a-7fa3-475b-8204-22e46b123b29, name: E2E Test Section 1774369286656, description: Comprehensive E2E test section for complete workflow, status: PUBLISHED, code: I4OX3T} @ http://localhost:3000/_next/static/chunks/node_modules_next_dist_0bc8q4g._.js:1233
[   28834ms] [LOG] !!!section {id: aaf5a906-30aa-4c74-b5d5-5feeed95e612, name: Test Section, description: null, status: PUBLISHED, code: TEST-001} @ http://localhost:3000/_next/static/chunks/node_modules_next_dist_0bc8q4g._.js:1233
[   28836ms] [LOG] !!!section {id: 80d216c8-4dc2-4433-92c4-386ca2a20bff, name: Test Section, description: null, status: PUBLISHED, code: TEST-001} @ http://localhost:3000/_next/static/chunks/node_modules_next_dist_0bc8q4g._.js:1233
[   28848ms] [LOG] !!!section {id: 5fb5cef5-e44b-4ec7-8be4-1d6f341dd780, name: Japanese 101 - Spring 2026, description: Beginner Japanese conversation course, status: PUBLISHED, code: FX28Q4} @ http://localhost:3000/_next/static/chunks/node_modules_next_dist_0bc8q4g._.js:1233
[   28850ms] [LOG] !!!section {id: fe9fc83c-99e9-4aa8-b3d9-21c7f351fe0c, name: Test Section, description: null, status: PUBLISHED, code: TEST-001} @ http://localhost:3000/_next/static/chunks/node_modules_next_dist_0bc8q4g._.js:1233
[   28852ms] [LOG] !!!section {id: 3dfb4edd-69ec-405a-8a05-335329e4e583, name: Temporary Section, description: null, status: DRAFT, code: TEMP-001} @ http://localhost:3000/_next/static/chunks/node_modules_next_dist_0bc8q4g._.js:1233
[   28853ms] [LOG] !!!section {id: b7d6cc52-d89b-4238-8ce3-9bf414f3e740, name: Test Section, description: null, status: PUBLISHED, code: TEST-001} @ http://localhost:3000/_next/static/chunks/node_modules_next_dist_0bc8q4g._.js:1233
[   28865ms] [LOG] !!!section {id: 70cb413e-59e0-4eaf-9dae-06bb2ac40a5d, name: Test Section, description: null, status: PUBLISHED, code: TEST-001} @ http://localhost:3000/_next/static/chunks/node_modules_next_dist_0bc8q4g._.js:1233
[   28867ms] [LOG] !!!section {id: 90f3d548-5fd7-41ff-9014-d281ee585be1, name: Section 1, description: null, status: PUBLISHED, code: S1} @ http://localhost:3000/_next/static/chunks/node_modules_next_dist_0bc8q4g._.js:1233
[   28869ms] [LOG] !!!section {id: 108127c7-99e1-4d27-9235-326438a65ff9, name: Test Section, description: null, status: PUBLISHED, code: TEST-001} @ http://localhost:3000/_next/static/chunks/node_modules_next_dist_0bc8q4g._.js:1233
[   28882ms] [LOG] !!!section {id: 4168c41f-9a2a-416d-98fd-c7c56ed3f16d, name: Test Section, description: null, status: PUBLISHED, code: TEST-001} @ http://localhost:3000/_next/static/chunks/node_modules_next_dist_0bc8q4g._.js:1233
[   28884ms] [LOG] !!!section {id: 4b1d5ed4-2c83-4f7e-b33e-7e39f7e8b582, name: Test Section, description: null, status: PUBLISHED, code: TEST-001} @ http://localhost:3000/_next/static/chunks/node_modules_next_dist_0bc8q4g._.js:1233
[   28886ms] [LOG] !!!section {id: 76aede11-b41a-4679-8272-c4b2d813e242, name: Japanese 101 - Spring 2026, description: Beginner Japanese conversation course, status: PUBLISHED, code: 032DY9} @ http://localhost:3000/_next/static/chunks/node_modules_next_dist_0bc8q4g._.js:1233
[   28899ms] [LOG] !!!section {id: 0e3121d1-22dc-4025-86fe-89d879d0f4b8, name: Biology 101, description: Intro to Biology, status: PUBLISHED, code: BIO101} @ http://localhost:3000/_next/static/chunks/node_modules_next_dist_0bc8q4g._.js:1233
[   28901ms] [LOG] !!!section {id: 7cc60b3d-5141-4ccc-885c-0f761d6aadd2, name: Section 2, description: null, status: PUBLISHED, code: S2} @ http://localhost:3000/_next/static/chunks/node_modules_next_dist_0bc8q4g._.js:1233
[   28903ms] [LOG] !!!section {id: 3866b8a5-0967-46bf-b738-16011e0ee5d2, name: Test Section, description: null, status: PUBLISHED, code: TEST-001} @ http://localhost:3000/_next/static/chunks/node_modules_next_dist_0bc8q4g._.js:1233
[   28916ms] [LOG] !!!section {id: 9f5926eb-7622-421e-85b6-f0240478e0b4, name: Test Section, description: null, status: PUBLISHED, code: TEST-001} @ http://localhost:3000/_next/static/chunks/node_modules_next_dist_0bc8q4g._.js:1233
[   28918ms] [LOG] !!!section {id: 8576ea2e-5918-4016-9e8b-880d4060cce1, name: Section 2, description: null, status: PUBLISHED, code: S2} @ http://localhost:3000/_next/static/chunks/node_modules_next_dist_0bc8q4g._.js:1233
[   28919ms] [LOG] !!!section {id: 029af6d7-18c6-4f03-b1ed-f7c9a18e3797, name: Test Section, description: null, status: PUBLISHED, code: TEST-001} @ http://localhost:3000/_next/static/chunks/node_modules_next_dist_0bc8q4g._.js:1233
[   28932ms] [LOG] !!!section {id: c134f150-7cab-4825-984b-4848d2f8daad, name: Test Section, description: null, status: PUBLISHED, code: TEST-001} @ http://localhost:3000/_next/static/chunks/node_modules_next_dist_0bc8q4g._.js:1233
[   28934ms] [LOG] !!!section {id: 92d79627-e95c-4648-aa46-7ec92087f837, name: Test Section, description: null, status: PUBLISHED, code: TEST-001} @ http://localhost:3000/_next/static/chunks/node_modules_next_dist_0bc8q4g._.js:1233
[   28936ms] [LOG] !!!section {id: f48e984a-3ca4-4cec-8ba4-5a2626b51de3, name: Temporary Section, description: null, status: DRAFT, code: TEMP-001} @ http://localhost:3000/_next/static/chunks/node_modules_next_dist_0bc8q4g._.js:1233
[   28948ms] [LOG] !!!section {id: 120aa2f0-ef90-4315-9fde-d772745cfb2c, name: Test Section, description: null, status: PUBLISHED, code: TEST-001} @ http://localhost:3000/_next/static/chunks/node_modules_next_dist_0bc8q4g._.js:1233
[   28950ms] [LOG] !!!section {id: 7474d4eb-d4f8-4630-adf0-0004b7dcf1fe, name: Grade Test Section, description: null, status: PUBLISHED, code: GRADE-TEST} @ http://localhost:3000/_next/static/chunks/node_modules_next_dist_0bc8q4g._.js:1233
[   28951ms] [LOG] !!!section {id: e9615e0d-44fe-4f01-97a8-1f5c1a58f535, name: Japanese 101 - Spring 2026, description: Beginner Japanese conversation course, status: PUBLISHED, code: ZB0WI7} @ http://localhost:3000/_next/static/chunks/node_modules_next_dist_0bc8q4g._.js:1233
[   28953ms] [LOG] !!!section {id: 5d43d353-6ea4-4d1f-bae8-c5240e6acb69, name: Grade Test Section, description: null, status: PUBLISHED, code: GRADE-TEST} @ http://localhost:3000/_next/static/chunks/node_modules_next_dist_0bc8q4g._.js:1233
[   28967ms] [LOG] !!!section {id: db67195f-f706-4160-9b47-b855b4aa29cd, name: Temporary Section, description: null, status: DRAFT, code: TEMP-001} @ http://localhost:3000/_next/static/chunks/node_modules_next_dist_0bc8q4g._.js:1233
[   28969ms] [LOG] !!!section {id: 47656fed-1826-46b7-b3a1-c9ceb78da9a8, name: Test Section, description: null, status: PUBLISHED, code: TEST-001} @ http://localhost:3000/_next/static/chunks/node_modules_next_dist_0bc8q4g._.js:1233
[   29002ms] [LOG] !!!section {id: 1ee29798-548e-4c98-8047-137a247dcb03, name: Test Section, description: null, status: PUBLISHED, code: TEST-001} @ http://localhost:3000/_next/static/chunks/node_modules_next_dist_0bc8q4g._.js:1233
[   29020ms] [LOG] !!!section {id: d8bb7cb1-9864-4008-a79c-6c9fcced077a, name: Section 2, description: null, status: PUBLISHED, code: S2} @ http://localhost:3000/_next/static/chunks/node_modules_next_dist_0bc8q4g._.js:1233
[   29051ms] [LOG] !!!section {id: 598d0820-d1d0-4e3b-8066-f11240ce4370, name: Japanese 101 - Spring 2026, description: Beginner Japanese conversation course, status: PUBLISHED, code: L2SC9C} @ http://localhost:3000/_next/static/chunks/node_modules_next_dist_0bc8q4g._.js:1233
[   29069ms] [LOG] !!!section {id: b3eba183-eb90-4b3f-a9b6-c7368016155c, name: Section 2, description: null, status: PUBLISHED, code: S2} @ http://localhost:3000/_next/static/chunks/node_modules_next_dist_0bc8q4g._.js:1233
[   29084ms] [LOG] !!!section {id: f73b55ab-be3a-4977-90cd-8695fb4bfb57, name: Original Section Name, description: Original description, status: DRAFT, code: ORIG-001} @ http://localhost:3000/_next/static/chunks/node_modules_next_dist_0bc8q4g._.js:1233
[   29087ms] [LOG] !!!section {id: 3d33ac82-7800-4882-8bf5-8a2c0d1dc7cc, name: Original Section Name, description: Original description, status: DRAFT, code: ORIG-001} @ http://localhost:3000/_next/static/chunks/node_modules_next_dist_0bc8q4g._.js:1233
[   29115ms] [LOG] !!!section {id: d0f1083d-3422-4e21-953a-78c781b7da51, name: Test Section, description: null, status: PUBLISHED, code: TEST-001} @ http://localhost:3000/_next/static/chunks/node_modules_next_dist_0bc8q4g._.js:1233
[   29117ms] [LOG] !!!section {id: cd6c83ff-ca21-4447-a4e2-8cb0f81d93db, name: Test Section, description: null, status: PUBLISHED, code: TEST-001} @ http://localhost:3000/_next/static/chunks/node_modules_next_dist_0bc8q4g._.js:1233
[   29119ms] [LOG] !!!section {id: 0fb98bed-1d11-423f-9165-18f219794312, name: Section 2, description: null, status: PUBLISHED, code: S2} @ http://localhost:3000/_next/static/chunks/node_modules_next_dist_0bc8q4g._.js:1233
[   29120ms] [LOG] !!!section {id: 778ce67d-7595-4b23-bb28-41c4233f443c, name: Japanese 101 - Spring 2026, description: Beginner Japanese conversation course, status: PUBLISHED, code: F4DP9P} @ http://localhost:3000/_next/static/chunks/node_modules_next_dist_0bc8q4g._.js:1233
[   29133ms] [LOG] !!!section {id: 40d10d70-5b8e-4f1d-962a-5b4e23bd7e50, name: Test Section, description: null, status: PUBLISHED, code: TEST-001} @ http://localhost:3000/_next/static/chunks/node_modules_next_dist_0bc8q4g._.js:1233
[   29134ms] [LOG] !!!section {id: 8bd49f0d-f626-4b9e-b4f6-85089ef66536, name: Test Section, description: null, status: PUBLISHED, code: TEST-001} @ http://localhost:3000/_next/static/chunks/node_modules_next_dist_0bc8q4g._.js:1233
[   29137ms] [LOG] !!!section {id: 51ad747f-3f3d-457f-8e63-5e572d94cdee, name: E2E Test Section 1774482736434, description: Comprehensive E2E test section for complete workflow, status: PUBLISHED, code: 641S86} @ http://localhost:3000/_next/static/chunks/node_modules_next_dist_0bc8q4g._.js:1233
[   29149ms] [LOG] !!!section {id: ffcf40b1-bec3-4a3b-abd0-b2f0d7c64c3d, name: Section 2, description: null, status: PUBLISHED, code: S2} @ http://localhost:3000/_next/static/chunks/node_modules_next_dist_0bc8q4g._.js:1233
[   29151ms] [LOG] !!!section {id: f45196f6-e3ac-46ab-a60e-7c6b58d92ec3, name: Section 2, description: null, status: PUBLISHED, code: S2} @ http://localhost:3000/_next/static/chunks/node_modules_next_dist_0bc8q4g._.js:1233
[   29153ms] [LOG] !!!section {id: 5664bef5-8a03-43f7-9fe2-1f5560df38d4, name: Section 2, description: null, status: PUBLISHED, code: S2} @ http://localhost:3000/_next/static/chunks/node_modules_next_dist_0bc8q4g._.js:1233
[   29167ms] [LOG] !!!section {id: 325495e1-910b-4a4d-83e2-b003dd294b85, name: Test Section, description: null, status: PUBLISHED, code: TEST-001} @ http://localhost:3000/_next/static/chunks/node_modules_next_dist_0bc8q4g._.js:1233
[   29168ms] [LOG] !!!section {id: afab77f1-fc64-44cc-98e2-1915399dc1f4, name: Test Section, description: null, status: PUBLISHED, code: TEST-001} @ http://localhost:3000/_next/static/chunks/node_modules_next_dist_0bc8q4g._.js:1233
[   29182ms] [LOG] !!!section {id: cdee8ece-10ee-4f7e-b863-5cbd4ef6de73, name: Japanese 101 - Spring 2026, description: Beginner Japanese conversation course, status: PUBLISHED, code: FQE3UW} @ http://localhost:3000/_next/static/chunks/node_modules_next_dist_0bc8q4g._.js:1233
[   29184ms] [LOG] !!!section {id: 953591de-0167-4311-98bb-99b8204d037b, name: Test Section, description: null, status: PUBLISHED, code: TEST-001} @ http://localhost:3000/_next/static/chunks/node_modules_next_dist_0bc8q4g._.js:1233
[   29186ms] [LOG] !!!section {id: c1be5a84-65ed-4a78-9cd4-b33b25a702b3, name: Test Section, description: null, status: PUBLISHED, code: TEST-001} @ http://localhost:3000/_next/static/chunks/node_modules_next_dist_0bc8q4g._.js:1233
[   29201ms] [LOG] !!!section {id: fab4ea86-7d86-4186-b124-22c0e1188fbe, name: Temporary Section, description: null, status: DRAFT, code: TEMP-001} @ http://localhost:3000/_next/static/chunks/node_modules_next_dist_0bc8q4g._.js:1233
[   29204ms] [LOG] !!!section {id: 272c6fcb-0ed6-4e8c-a66e-96ad9f84afa8, name: Test Section, description: null, status: PUBLISHED, code: TEST-001} @ http://localhost:3000/_next/static/chunks/node_modules_next_dist_0bc8q4g._.js:1233
[   29216ms] [LOG] !!!section {id: 0b1afe2d-5585-4b37-b32f-b7557e38f895, name: Section 2, description: null, status: PUBLISHED, code: S2} @ http://localhost:3000/_next/static/chunks/node_modules_next_dist_0bc8q4g._.js:1233
[   29218ms] [LOG] !!!section {id: 1ad02849-2bc3-41cf-9776-14b68bb96bec, name: Biology 101, description: Intro to Biology, status: PUBLISHED, code: BIO101} @ http://localhost:3000/_next/static/chunks/node_modules_next_dist_0bc8q4g._.js:1233
[   29219ms] [LOG] !!!section {id: 58f0c8e1-6a6d-4962-9a03-b2267d7f1a5e, name: Test Section, description: null, status: PUBLISHED, code: TEST-001} @ http://localhost:3000/_next/static/chunks/node_modules_next_dist_0bc8q4g._.js:1233
[   29221ms] [LOG] !!!section {id: 08e90519-911b-4a10-bacf-2cac91a0c3d1, name: Section 1, description: null, status: PUBLISHED, code: S1} @ http://localhost:3000/_next/static/chunks/node_modules_next_dist_0bc8q4g._.js:1233
[   29233ms] [LOG] !!!section {id: 2fb31ed7-d72c-4517-89f7-a3c99296ade7, name: Test Section, description: null, status: PUBLISHED, code: TEST-001} @ http://localhost:3000/_next/static/chunks/node_modules_next_dist_0bc8q4g._.js:1233
[   29235ms] [LOG] !!!section {id: 4a271b66-8cd6-45d1-a8fc-621a893756b5, name: Test Section, description: null, status: PUBLISHED, code: TEST-001} @ http://localhost:3000/_next/static/chunks/node_modules_next_dist_0bc8q4g._.js:1233
[   29237ms] [LOG] !!!section {id: cdc36b52-eaef-401c-bcb1-9f72c0e176b8, name: Grade Test Section, description: null, status: PUBLISHED, code: GRADE-TEST} @ http://localhost:3000/_next/static/chunks/node_modules_next_dist_0bc8q4g._.js:1233
[   29249ms] [LOG] !!!section {id: 7ab6f9cf-375e-435d-bd2d-66c3eca50250, name: Section 1, description: null, status: PUBLISHED, code: S1} @ http://localhost:3000/_next/static/chunks/node_modules_next_dist_0bc8q4g._.js:1233
[   29251ms] [LOG] !!!section {id: 3b09795f-fa6e-47b2-854f-725efca79cd6, name: Section 2, description: null, status: PUBLISHED, code: S2} @ http://localhost:3000/_next/static/chunks/node_modules_next_dist_0bc8q4g._.js:1233
[   29252ms] [LOG] !!!section {id: 7da11483-c739-4b58-83e8-ba78e5031feb, name: Test Section, description: null, status: PUBLISHED, code: TEST-001} @ http://localhost:3000/_next/static/chunks/node_modules_next_dist_0bc8q4g._.js:1233
[   29265ms] [LOG] !!!section {id: dcc4587b-79f3-477f-b26f-479a094daf43, name: Test Section, description: null, status: PUBLISHED, code: TEST-001} @ http://localhost:3000/_next/static/chunks/node_modules_next_dist_0bc8q4g._.js:1233
[   29268ms] [LOG] !!!section {id: 721ac42d-575d-426f-bde4-aa604647cd9c, name: Test Section, description: null, status: PUBLISHED, code: TEST-001} @ http://localhost:3000/_next/static/chunks/node_modules_next_dist_0bc8q4g._.js:1233
[   29270ms] [LOG] !!!section {id: ce07b087-6fcd-4e1b-8ece-6a9a515e92e3, name: Section 2, description: null, status: PUBLISHED, code: S2} @ http://localhost:3000/_next/static/chunks/node_modules_next_dist_0bc8q4g._.js:1233
[   29283ms] [LOG] !!!section {id: b283d62f-d737-420f-a056-9c58f4479129, name: Original Section Name, description: Original description, status: DRAFT, code: ORIG-001} @ http://localhost:3000/_next/static/chunks/node_modules_next_dist_0bc8q4g._.js:1233
[   29285ms] [LOG] !!!section {id: dfab9461-9053-4a22-94f2-cc948185420e, name: Test Section, description: null, status: PUBLISHED, code: TEST-001} @ http://localhost:3000/_next/static/chunks/node_modules_next_dist_0bc8q4g._.js:1233
[   29287ms] [LOG] !!!section {id: 163c8180-e408-421f-b1de-7fafc01dbb20, name: Test Section, description: null, status: PUBLISHED, code: TEST-001} @ http://localhost:3000/_next/static/chunks/node_modules_next_dist_0bc8q4g._.js:1233
[   29300ms] [LOG] !!!section {id: a5be67ff-933a-45e7-a7fa-2730bdbcd286, name: Test Section, description: null, status: PUBLISHED, code: TEST-001} @ http://localhost:3000/_next/static/chunks/node_modules_next_dist_0bc8q4g._.js:1233
[   29302ms] [LOG] !!!section {id: 31bfc515-2692-49ea-b688-cd1955f53a5c, name: Test Section, description: null, status: PUBLISHED, code: TEST-001} @ http://localhost:3000/_next/static/chunks/node_modules_next_dist_0bc8q4g._.js:1233
[   29316ms] [LOG] !!!section {id: 5ae5a18a-73f8-42d5-8a68-026aab750c41, name: Grade Test Section, description: null, status: PUBLISHED, code: GRADE-TEST} @ http://localhost:3000/_next/static/chunks/node_modules_next_dist_0bc8q4g._.js:1233
[   29318ms] [LOG] !!!section {id: 499fdec3-da8d-4ef4-92d8-291d0cbd2fab, name: Temporary Section, description: null, status: DRAFT, code: TEMP-001} @ http://localhost:3000/_next/static/chunks/node_modules_next_dist_0bc8q4g._.js:1233
[   29320ms] [LOG] !!!section {id: 84427f7a-75f9-474a-b7b1-2839ac657737, name: Original Section Name, description: Original description, status: DRAFT, code: ORIG-001} @ http://localhost:3000/_next/static/chunks/node_modules_next_dist_0bc8q4g._.js:1233
[   29333ms] [LOG] !!!section {id: db7919cc-2bf4-43db-acc9-559aebba73ed, name: Test Section, description: null, status: PUBLISHED, code: TEST-001} @ http://localhost:3000/_next/static/chunks/node_modules_next_dist_0bc8q4g._.js:1233
[   29335ms] [LOG] !!!section {id: 340113f1-94d9-473a-8528-228b8dca613d, name: Original Section Name, description: Original description, status: DRAFT, code: ORIG-001} @ http://localhost:3000/_next/static/chunks/node_modules_next_dist_0bc8q4g._.js:1233
[   29336ms] [LOG] !!!section {id: 36629e2a-d5da-4bf4-85c4-3aa9b27c65c7, name: Biology 101, description: Intro to Biology, status: PUBLISHED, code: BIO101} @ http://localhost:3000/_next/static/chunks/node_modules_next_dist_0bc8q4g._.js:1233
[   29349ms] [LOG] !!!section {id: 6725abf3-d692-40cd-9658-00c68b2f5ba4, name: Test Section, description: null, status: PUBLISHED, code: TEST-001} @ http://localhost:3000/_next/static/chunks/node_modules_next_dist_0bc8q4g._.js:1233
[   29351ms] [LOG] !!!section {id: 76990e7b-682c-44f5-82f5-1de4221deb80, name: Test Section, description: null, status: PUBLISHED, code: TEST-001} @ http://localhost:3000/_next/static/chunks/node_modules_next_dist_0bc8q4g._.js:1233
[   29366ms] [LOG] !!!section {id: fbe39c35-7869-4327-92b8-f250013ca5ec, name: Japanese 101 - Spring 2026, description: Beginner Japanese conversation course, status: PUBLISHED, code: 155E99} @ http://localhost:3000/_next/static/chunks/node_modules_next_dist_0bc8q4g._.js:1233
[   29369ms] [LOG] !!!section {id: 19ec384c-5eb7-4e0e-866b-3337e09d0f9e, name: Grade Test Section, description: null, status: PUBLISHED, code: GRADE-TEST} @ http://localhost:3000/_next/static/chunks/node_modules_next_dist_0bc8q4g._.js:1233
[   29371ms] [LOG] !!!section {id: dd6a79ba-c532-4342-bf2c-796440baadd4, name: Section 2, description: null, status: PUBLISHED, code: S2} @ http://localhost:3000/_next/static/chunks/node_modules_next_dist_0bc8q4g._.js:1233
[   29385ms] [LOG] !!!section {id: e23ab46c-a060-41aa-8e07-a6b4c18cc792, name: Japanese 101 - Spring 2026, description: Beginner Japanese conversation course, status: PUBLISHED, code: MOJKQL} @ http://localhost:3000/_next/static/chunks/node_modules_next_dist_0bc8q4g._.js:1233
[   29387ms] [LOG] !!!section {id: e584b66b-d3a2-4018-a621-040e2c4131c9, name: Test Section, description: null, status: PUBLISHED, code: TEST-001} @ http://localhost:3000/_next/static/chunks/node_modules_next_dist_0bc8q4g._.js:1233
[   29400ms] [LOG] !!!section {id: da00f42c-71b5-44e6-a86e-f56a0d833a5f, name: Test Section, description: null, status: PUBLISHED, code: TEST-001} @ http://localhost:3000/_next/static/chunks/node_modules_next_dist_0bc8q4g._.js:1233
[   29403ms] [LOG] !!!section {id: 4bd499b1-c875-4a07-b7c7-d95bbf5f88e0, name: Biology 101, description: Intro to Biology, status: PUBLISHED, code: BIO101} @ http://localhost:3000/_next/static/chunks/node_modules_next_dist_0bc8q4g._.js:1233
[   29405ms] [LOG] !!!section {id: 863ed865-a2d6-4688-951c-3397eb1e5cd4, name: Test Section, description: null, status: PUBLISHED, code: TEST-001} @ http://localhost:3000/_next/static/chunks/node_modules_next_dist_0bc8q4g._.js:1233
[   29419ms] [LOG] !!!section {id: f5d362dc-7565-45ab-8f8b-30f7da60af74, name: Section 2, description: null, status: PUBLISHED, code: S2} @ http://localhost:3000/_next/static/chunks/node_modules_next_dist_0bc8q4g._.js:1233
[   29433ms] [LOG] !!!section {id: f6ef8547-c14f-4f81-8916-5b3a028131c0, name: Biology 101, description: Intro to Biology, status: PUBLISHED, code: BIO101} @ http://localhost:3000/_next/static/chunks/node_modules_next_dist_0bc8q4g._.js:1233
[   29435ms] [LOG] !!!section {id: 9d18094f-e3b7-4971-8cec-9e4c60ff59ec, name: Test Section, description: null, status: PUBLISHED, code: TEST-001} @ http://localhost:3000/_next/static/chunks/node_modules_next_dist_0bc8q4g._.js:1233
[   29437ms] [LOG] !!!section {id: 2ae9063e-f6a8-469c-9cd0-28cdee36ed26, name: E2E Test Section 1774368275525, description: Comprehensive E2E test section for complete workflow, status: PUBLISHED, code: 6NGKL2} @ http://localhost:3000/_next/static/chunks/node_modules_next_dist_0bc8q4g._.js:1233
[   29450ms] [LOG] [sections.jsx] canViewInstructorDashboard: false isInstructor: false ownedSections.length: 0 @ http://localhost:3000/_next/static/chunks/node_modules_next_dist_0bc8q4g._.js:1233
[   29471ms] [LOG] sections [Object, Object, Object, Object, Object, Object, Object, Object, Object, Object, Object, Object, Object, Object, Object, Object, Object, Object, Object, Object, Object, Object, Object, Object, Object, Object, Object, Object, Object, Object, Object, Object, Object, Object, Object, Object, Object, Object, Object, Object, Object, Object, Object, Object, Object, Object, Object, Object, Object, Object, Object, Object, Object, Object, Object, Object, Object, Object, Object, Object, Object, Object, Object, Object, Object, Object, Object, Object, Object, Object, Object, Object, Object, Object, Object, Object, Object, Object, Object, Object, Object, Object, Object, Object, Object, Object, Object, Object, Object, Object, Object, Object, Object, Object, Object, Object, Object, Object, Object, Object] @ http://localhost:3000/_next/static/chunks/node_modules_next_dist_0bc8q4g._.js:1233
[   29504ms] [LOG] !!!section {id: 485a1ffa-bd40-45ca-96de-f58bc6fc0894, name: Original Section Name, description: Original description, status: DRAFT, code: ORIG-001} @ http://localhost:3000/_next/static/chunks/node_modules_next_dist_0bc8q4g._.js:1233
[   29518ms] [LOG] !!!section {id: a82ad425-66f4-4ae7-ab72-2de04258ddea, name: Grade Test Section, description: null, status: PUBLISHED, code: GRADE-TEST} @ http://localhost:3000/_next/static/chunks/node_modules_next_dist_0bc8q4g._.js:1233
[   29520ms] [LOG] !!!section {id: 26097bd0-b922-4ada-9b21-83db389944fa, name: Biology 101, description: Intro to Biology, status: PUBLISHED, code: BIO101} @ http://localhost:3000/_next/static/chunks/node_modules_next_dist_0bc8q4g._.js:1233
[   29533ms] [LOG] !!!section {id: 6a041ff4-e7ed-47ca-b2bd-0d35b84614b3, name: Test Section, description: null, status: PUBLISHED, code: TEST-001} @ http://localhost:3000/_next/static/chunks/node_modules_next_dist_0bc8q4g._.js:1233
[   29535ms] [LOG] !!!section {id: 674343a8-ce09-4fee-8772-5e9e5d60482c, name: Biology 101, description: Intro to Biology, status: PUBLISHED, code: BIO101} @ http://localhost:3000/_next/static/chunks/node_modules_next_dist_0bc8q4g._.js:1233
[   29537ms] [LOG] !!!section {id: 2a7ae578-0be1-43dd-ba5e-6e224b3b617b, name: Test Section, description: null, status: PUBLISHED, code: TEST-001} @ http://localhost:3000/_next/static/chunks/node_modules_next_dist_0bc8q4g._.js:1233
[   29550ms] [LOG] !!!section {id: f156b5e2-8491-4935-9990-a4dab652241c, name: Original Section Name, description: Original description, status: DRAFT, code: ORIG-001} @ http://localhost:3000/_next/static/chunks/node_modules_next_dist_0bc8q4g._.js:1233
[   29553ms] [LOG] !!!section {id: e002e526-7c0a-4067-abbf-4e53158c61c4, name: Section 2, description: null, status: PUBLISHED, code: S2} @ http://localhost:3000/_next/static/chunks/node_modules_next_dist_0bc8q4g._.js:1233
[   29567ms] [LOG] !!!section {id: b8cb47e8-35ca-44af-a9d7-3587acd0d179, name: Japanese 101 - Spring 2026, description: Beginner Japanese conversation course, status: PUBLISHED, code: 66CE6L} @ http://localhost:3000/_next/static/chunks/node_modules_next_dist_0bc8q4g._.js:1233
[   29569ms] [LOG] !!!section {id: af3e03f0-54df-4df7-8bd7-efb065f3432e, name: Grade Test Section, description: null, status: PUBLISHED, code: GRADE-TEST} @ http://localhost:3000/_next/static/chunks/node_modules_next_dist_0bc8q4g._.js:1233
[   29570ms] [LOG] !!!section {id: edf9e7cf-c21c-45a0-bc50-a8e508ea2815, name: Test Section, description: null, status: PUBLISHED, code: TEST-001} @ http://localhost:3000/_next/static/chunks/node_modules_next_dist_0bc8q4g._.js:1233
[   29583ms] [LOG] !!!section {id: 64def60a-7fa3-475b-8204-22e46b123b29, name: E2E Test Section 1774369286656, description: Comprehensive E2E test section for complete workflow, status: PUBLISHED, code: I4OX3T} @ http://localhost:3000/_next/static/chunks/node_modules_next_dist_0bc8q4g._.js:1233
[   29586ms] [LOG] !!!section {id: aaf5a906-30aa-4c74-b5d5-5feeed95e612, name: Test Section, description: null, status: PUBLISHED, code: TEST-001} @ http://localhost:3000/_next/static/chunks/node_modules_next_dist_0bc8q4g._.js:1233
[   29587ms] [LOG] !!!section {id: 80d216c8-4dc2-4433-92c4-386ca2a20bff, name: Test Section, description: null, status: PUBLISHED, code: TEST-001} @ http://localhost:3000/_next/static/chunks/node_modules_next_dist_0bc8q4g._.js:1233
[   29600ms] [LOG] !!!section {id: 5fb5cef5-e44b-4ec7-8be4-1d6f341dd780, name: Japanese 101 - Spring 2026, description: Beginner Japanese conversation course, status: PUBLISHED, code: FX28Q4} @ http://localhost:3000/_next/static/chunks/node_modules_next_dist_0bc8q4g._.js:1233
[   29602ms] [LOG] !!!section {id: fe9fc83c-99e9-4aa8-b3d9-21c7f351fe0c, name: Test Section, description: null, status: PUBLISHED, code: TEST-001} @ http://localhost:3000/_next/static/chunks/node_modules_next_dist_0bc8q4g._.js:1233
[   29605ms] [LOG] !!!section {id: 3dfb4edd-69ec-405a-8a05-335329e4e583, name: Temporary Section, description: null, status: DRAFT, code: TEMP-001} @ http://localhost:3000/_next/static/chunks/node_modules_next_dist_0bc8q4g._.js:1233
[   29617ms] [LOG] !!!section {id: b7d6cc52-d89b-4238-8ce3-9bf414f3e740, name: Test Section, description: null, status: PUBLISHED, code: TEST-001} @ http://localhost:3000/_next/static/chunks/node_modules_next_dist_0bc8q4g._.js:1233
[   29619ms] [LOG] !!!section {id: 70cb413e-59e0-4eaf-9dae-06bb2ac40a5d, name: Test Section, description: null, status: PUBLISHED, code: TEST-001} @ http://localhost:3000/_next/static/chunks/node_modules_next_dist_0bc8q4g._.js:1233
[   29620ms] [LOG] !!!section {id: 90f3d548-5fd7-41ff-9014-d281ee585be1, name: Section 1, description: null, status: PUBLISHED, code: S1} @ http://localhost:3000/_next/static/chunks/node_modules_next_dist_0bc8q4g._.js:1233
[   29633ms] [LOG] !!!section {id: 108127c7-99e1-4d27-9235-326438a65ff9, name: Test Section, description: null, status: PUBLISHED, code: TEST-001} @ http://localhost:3000/_next/static/chunks/node_modules_next_dist_0bc8q4g._.js:1233
[   29635ms] [LOG] !!!section {id: 4168c41f-9a2a-416d-98fd-c7c56ed3f16d, name: Test Section, description: null, status: PUBLISHED, code: TEST-001} @ http://localhost:3000/_next/static/chunks/node_modules_next_dist_0bc8q4g._.js:1233
[   29637ms] [LOG] !!!section {id: 4b1d5ed4-2c83-4f7e-b33e-7e39f7e8b582, name: Test Section, description: null, status: PUBLISHED, code: TEST-001} @ http://localhost:3000/_next/static/chunks/node_modules_next_dist_0bc8q4g._.js:1233
[   29650ms] [LOG] !!!section {id: 76aede11-b41a-4679-8272-c4b2d813e242, name: Japanese 101 - Spring 2026, description: Beginner Japanese conversation course, status: PUBLISHED, code: 032DY9} @ http://localhost:3000/_next/static/chunks/node_modules_next_dist_0bc8q4g._.js:1233
[   29652ms] [LOG] !!!section {id: 0e3121d1-22dc-4025-86fe-89d879d0f4b8, name: Biology 101, description: Intro to Biology, status: PUBLISHED, code: BIO101} @ http://localhost:3000/_next/static/chunks/node_modules_next_dist_0bc8q4g._.js:1233
[   29654ms] [LOG] !!!section {id: 7cc60b3d-5141-4ccc-885c-0f761d6aadd2, name: Section 2, description: null, status: PUBLISHED, code: S2} @ http://localhost:3000/_next/static/chunks/node_modules_next_dist_0bc8q4g._.js:1233
[   29667ms] [LOG] !!!section {id: 3866b8a5-0967-46bf-b738-16011e0ee5d2, name: Test Section, description: null, status: PUBLISHED, code: TEST-001} @ http://localhost:3000/_next/static/chunks/node_modules_next_dist_0bc8q4g._.js:1233
[   29668ms] [LOG] !!!section {id: 9f5926eb-7622-421e-85b6-f0240478e0b4, name: Test Section, description: null, status: PUBLISHED, code: TEST-001} @ http://localhost:3000/_next/static/chunks/node_modules_next_dist_0bc8q4g._.js:1233
[   29670ms] [LOG] !!!section {id: 8576ea2e-5918-4016-9e8b-880d4060cce1, name: Section 2, description: null, status: PUBLISHED, code: S2} @ http://localhost:3000/_next/static/chunks/node_modules_next_dist_0bc8q4g._.js:1233
[   29683ms] [LOG] !!!section {id: 029af6d7-18c6-4f03-b1ed-f7c9a18e3797, name: Test Section, description: null, status: PUBLISHED, code: TEST-001} @ http://localhost:3000/_next/static/chunks/node_modules_next_dist_0bc8q4g._.js:1233
[   29685ms] [LOG] !!!section {id: c134f150-7cab-4825-984b-4848d2f8daad, name: Test Section, description: null, status: PUBLISHED, code: TEST-001} @ http://localhost:3000/_next/static/chunks/node_modules_next_dist_0bc8q4g._.js:1233
[   29686ms] [LOG] !!!section {id: 92d79627-e95c-4648-aa46-7ec92087f837, name: Test Section, description: null, status: PUBLISHED, code: TEST-001} @ http://localhost:3000/_next/static/chunks/node_modules_next_dist_0bc8q4g._.js:1233
[   29688ms] [LOG] !!!section {id: f48e984a-3ca4-4cec-8ba4-5a2626b51de3, name: Temporary Section, description: null, status: DRAFT, code: TEMP-001} @ http://localhost:3000/_next/static/chunks/node_modules_next_dist_0bc8q4g._.js:1233
[   29701ms] [LOG] !!!section {id: 120aa2f0-ef90-4315-9fde-d772745cfb2c, name: Test Section, description: null, status: PUBLISHED, code: TEST-001} @ http://localhost:3000/_next/static/chunks/node_modules_next_dist_0bc8q4g._.js:1233
[   29703ms] [LOG] !!!section {id: 7474d4eb-d4f8-4630-adf0-0004b7dcf1fe, name: Grade Test Section, description: null, status: PUBLISHED, code: GRADE-TEST} @ http://localhost:3000/_next/static/chunks/node_modules_next_dist_0bc8q4g._.js:1233
[   29704ms] [LOG] !!!section {id: e9615e0d-44fe-4f01-97a8-1f5c1a58f535, name: Japanese 101 - Spring 2026, description: Beginner Japanese conversation course, status: PUBLISHED, code: ZB0WI7} @ http://localhost:3000/_next/static/chunks/node_modules_next_dist_0bc8q4g._.js:1233
[   29717ms] [LOG] !!!section {id: 5d43d353-6ea4-4d1f-bae8-c5240e6acb69, name: Grade Test Section, description: null, status: PUBLISHED, code: GRADE-TEST} @ http://localhost:3000/_next/static/chunks/node_modules_next_dist_0bc8q4g._.js:1233
[   29720ms] [LOG] !!!section {id: db67195f-f706-4160-9b47-b855b4aa29cd, name: Temporary Section, description: null, status: DRAFT, code: TEMP-001} @ http://localhost:3000/_next/static/chunks/node_modules_next_dist_0bc8q4g._.js:1233
[   29722ms] [LOG] !!!section {id: 47656fed-1826-46b7-b3a1-c9ceb78da9a8, name: Test Section, description: null, status: PUBLISHED, code: TEST-001} @ http://localhost:3000/_next/static/chunks/node_modules_next_dist_0bc8q4g._.js:1233
[   29735ms] [LOG] !!!section {id: 1ee29798-548e-4c98-8047-137a247dcb03, name: Test Section, description: null, status: PUBLISHED, code: TEST-001} @ http://localhost:3000/_next/static/chunks/node_modules_next_dist_0bc8q4g._.js:1233
[   29737ms] [LOG] !!!section {id: d8bb7cb1-9864-4008-a79c-6c9fcced077a, name: Section 2, description: null, status: PUBLISHED, code: S2} @ http://localhost:3000/_next/static/chunks/node_modules_next_dist_0bc8q4g._.js:1233
[   29749ms] [LOG] !!!section {id: 598d0820-d1d0-4e3b-8066-f11240ce4370, name: Japanese 101 - Spring 2026, description: Beginner Japanese conversation course, status: PUBLISHED, code: L2SC9C} @ http://localhost:3000/_next/static/chunks/node_modules_next_dist_0bc8q4g._.js:1233
[   29752ms] [LOG] !!!section {id: b3eba183-eb90-4b3f-a9b6-c7368016155c, name: Section 2, description: null, status: PUBLISHED, code: S2} @ http://localhost:3000/_next/static/chunks/node_modules_next_dist_0bc8q4g._.js:1233
[   29753ms] [LOG] !!!section {id: f73b55ab-be3a-4977-90cd-8695fb4bfb57, name: Original Section Name, description: Original description, status: DRAFT, code: ORIG-001} @ http://localhost:3000/_next/static/chunks/node_modules_next_dist_0bc8q4g._.js:1233
[   29755ms] [LOG] !!!section {id: 3d33ac82-7800-4882-8bf5-8a2c0d1dc7cc, name: Original Section Name, description: Original description, status: DRAFT, code: ORIG-001} @ http://localhost:3000/_next/static/chunks/node_modules_next_dist_0bc8q4g._.js:1233
[   29768ms] [LOG] !!!section {id: d0f1083d-3422-4e21-953a-78c781b7da51, name: Test Section, description: null, status: PUBLISHED, code: TEST-001} @ http://localhost:3000/_next/static/chunks/node_modules_next_dist_0bc8q4g._.js:1233
[   29771ms] [LOG] !!!section {id: cd6c83ff-ca21-4447-a4e2-8cb0f81d93db, name: Test Section, description: null, status: PUBLISHED, code: TEST-001} @ http://localhost:3000/_next/static/chunks/node_modules_next_dist_0bc8q4g._.js:1233
[   29784ms] [LOG] !!!section {id: 0fb98bed-1d11-423f-9165-18f219794312, name: Section 2, description: null, status: PUBLISHED, code: S2} @ http://localhost:3000/_next/static/chunks/node_modules_next_dist_0bc8q4g._.js:1233
[   29786ms] [LOG] !!!section {id: 778ce67d-7595-4b23-bb28-41c4233f443c, name: Japanese 101 - Spring 2026, description: Beginner Japanese conversation course, status: PUBLISHED, code: F4DP9P} @ http://localhost:3000/_next/static/chunks/node_modules_next_dist_0bc8q4g._.js:1233
[   29788ms] [LOG] !!!section {id: 40d10d70-5b8e-4f1d-962a-5b4e23bd7e50, name: Test Section, description: null, status: PUBLISHED, code: TEST-001} @ http://localhost:3000/_next/static/chunks/node_modules_next_dist_0bc8q4g._.js:1233
[   29801ms] [LOG] !!!section {id: 8bd49f0d-f626-4b9e-b4f6-85089ef66536, name: Test Section, description: null, status: PUBLISHED, code: TEST-001} @ http://localhost:3000/_next/static/chunks/node_modules_next_dist_0bc8q4g._.js:1233
[   29803ms] [LOG] !!!section {id: 51ad747f-3f3d-457f-8e63-5e572d94cdee, name: E2E Test Section 1774482736434, description: Comprehensive E2E test section for complete workflow, status: PUBLISHED, code: 641S86} @ http://localhost:3000/_next/static/chunks/node_modules_next_dist_0bc8q4g._.js:1233
[   29806ms] [LOG] !!!section {id: ffcf40b1-bec3-4a3b-abd0-b2f0d7c64c3d, name: Section 2, description: null, status: PUBLISHED, code: S2} @ http://localhost:3000/_next/static/chunks/node_modules_next_dist_0bc8q4g._.js:1233
[   29818ms] [LOG] !!!section {id: f45196f6-e3ac-46ab-a60e-7c6b58d92ec3, name: Section 2, description: null, status: PUBLISHED, code: S2} @ http://localhost:3000/_next/static/chunks/node_modules_next_dist_0bc8q4g._.js:1233
[   29820ms] [LOG] !!!section {id: 5664bef5-8a03-43f7-9fe2-1f5560df38d4, name: Section 2, description: null, status: PUBLISHED, code: S2} @ http://localhost:3000/_next/static/chunks/node_modules_next_dist_0bc8q4g._.js:1233
[   29833ms] [LOG] !!!section {id: 325495e1-910b-4a4d-83e2-b003dd294b85, name: Test Section, description: null, status: PUBLISHED, code: TEST-001} @ http://localhost:3000/_next/static/chunks/node_modules_next_dist_0bc8q4g._.js:1233
[   29837ms] [LOG] !!!section {id: afab77f1-fc64-44cc-98e2-1915399dc1f4, name: Test Section, description: null, status: PUBLISHED, code: TEST-001} @ http://localhost:3000/_next/static/chunks/node_modules_next_dist_0bc8q4g._.js:1233
[   29850ms] [LOG] !!!section {id: cdee8ece-10ee-4f7e-b863-5cbd4ef6de73, name: Japanese 101 - Spring 2026, description: Beginner Japanese conversation course, status: PUBLISHED, code: FQE3UW} @ http://localhost:3000/_next/static/chunks/node_modules_next_dist_0bc8q4g._.js:1233
[   29855ms] [LOG] !!!section {id: 953591de-0167-4311-98bb-99b8204d037b, name: Test Section, description: null, status: PUBLISHED, code: TEST-001} @ http://localhost:3000/_next/static/chunks/node_modules_next_dist_0bc8q4g._.js:1233
[   29869ms] [LOG] !!!section {id: c1be5a84-65ed-4a78-9cd4-b33b25a702b3, name: Test Section, description: null, status: PUBLISHED, code: TEST-001} @ http://localhost:3000/_next/static/chunks/node_modules_next_dist_0bc8q4g._.js:1233
[   29888ms] [LOG] !!!section {id: fab4ea86-7d86-4186-b124-22c0e1188fbe, name: Temporary Section, description: null, status: DRAFT, code: TEMP-001} @ http://localhost:3000/_next/static/chunks/node_modules_next_dist_0bc8q4g._.js:1233
[   29901ms] [LOG] !!!section {id: 272c6fcb-0ed6-4e8c-a66e-96ad9f84afa8, name: Test Section, description: null, status: PUBLISHED, code: TEST-001} @ http://localhost:3000/_next/static/chunks/node_modules_next_dist_0bc8q4g._.js:1233
[   29905ms] [LOG] !!!section {id: 0b1afe2d-5585-4b37-b32f-b7557e38f895, name: Section 2, description: null, status: PUBLISHED, code: S2} @ http://localhost:3000/_next/static/chunks/node_modules_next_dist_0bc8q4g._.js:1233
[   29919ms] [LOG] !!!section {id: 1ad02849-2bc3-41cf-9776-14b68bb96bec, name: Biology 101, description: Intro to Biology, status: PUBLISHED, code: BIO101} @ http://localhost:3000/_next/static/chunks/node_modules_next_dist_0bc8q4g._.js:1233
[   29920ms] [LOG] !!!section {id: 58f0c8e1-6a6d-4962-9a03-b2267d7f1a5e, name: Test Section, description: null, status: PUBLISHED, code: TEST-001} @ http://localhost:3000/_next/static/chunks/node_modules_next_dist_0bc8q4g._.js:1233
[   29922ms] [LOG] !!!section {id: 08e90519-911b-4a10-bacf-2cac91a0c3d1, name: Section 1, description: null, status: PUBLISHED, code: S1} @ http://localhost:3000/_next/static/chunks/node_modules_next_dist_0bc8q4g._.js:1233
[   29935ms] [LOG] !!!section {id: 2fb31ed7-d72c-4517-89f7-a3c99296ade7, name: Test Section, description: null, status: PUBLISHED, code: TEST-001} @ http://localhost:3000/_next/static/chunks/node_modules_next_dist_0bc8q4g._.js:1233
[   29939ms] [LOG] !!!section {id: 4a271b66-8cd6-45d1-a8fc-621a893756b5, name: Test Section, description: null, status: PUBLISHED, code: TEST-001} @ http://localhost:3000/_next/static/chunks/node_modules_next_dist_0bc8q4g._.js:1233
[   29952ms] [LOG] !!!section {id: cdc36b52-eaef-401c-bcb1-9f72c0e176b8, name: Grade Test Section, description: null, status: PUBLISHED, code: GRADE-TEST} @ http://localhost:3000/_next/static/chunks/node_modules_next_dist_0bc8q4g._.js:1233
[   29953ms] [LOG] !!!section {id: 7ab6f9cf-375e-435d-bd2d-66c3eca50250, name: Section 1, description: null, status: PUBLISHED, code: S1} @ http://localhost:3000/_next/static/chunks/node_modules_next_dist_0bc8q4g._.js:1233
[   29955ms] [LOG] !!!section {id: 3b09795f-fa6e-47b2-854f-725efca79cd6, name: Section 2, description: null, status: PUBLISHED, code: S2} @ http://localhost:3000/_next/static/chunks/node_modules_next_dist_0bc8q4g._.js:1233
[   29970ms] [LOG] !!!section {id: 7da11483-c739-4b58-83e8-ba78e5031feb, name: Test Section, description: null, status: PUBLISHED, code: TEST-001} @ http://localhost:3000/_next/static/chunks/node_modules_next_dist_0bc8q4g._.js:1233
[   29973ms] [LOG] !!!section {id: dcc4587b-79f3-477f-b26f-479a094daf43, name: Test Section, description: null, status: PUBLISHED, code: TEST-001} @ http://localhost:3000/_next/static/chunks/node_modules_next_dist_0bc8q4g._.js:1233
[   29986ms] [LOG] !!!section {id: 721ac42d-575d-426f-bde4-aa604647cd9c, name: Test Section, description: null, status: PUBLISHED, code: TEST-001} @ http://localhost:3000/_next/static/chunks/node_modules_next_dist_0bc8q4g._.js:1233
[   29988ms] [LOG] !!!section {id: ce07b087-6fcd-4e1b-8ece-6a9a515e92e3, name: Section 2, description: null, status: PUBLISHED, code: S2} @ http://localhost:3000/_next/static/chunks/node_modules_next_dist_0bc8q4g._.js:1233
[   30001ms] [LOG] !!!section {id: b283d62f-d737-420f-a056-9c58f4479129, name: Original Section Name, description: Original description, status: DRAFT, code: ORIG-001} @ http://localhost:3000/_next/static/chunks/node_modules_next_dist_0bc8q4g._.js:1233
[   30022ms] [LOG] !!!section {id: dfab9461-9053-4a22-94f2-cc948185420e, name: Test Section, description: null, status: PUBLISHED, code: TEST-001} @ http://localhost:3000/_next/static/chunks/node_modules_next_dist_0bc8q4g._.js:1233
[   30051ms] [LOG] !!!section {id: 163c8180-e408-421f-b1de-7fafc01dbb20, name: Test Section, description: null, status: PUBLISHED, code: TEST-001} @ http://localhost:3000/_next/static/chunks/node_modules_next_dist_0bc8q4g._.js:1233
[   30053ms] [LOG] !!!section {id: a5be67ff-933a-45e7-a7fa-2730bdbcd286, name: Test Section, description: null, status: PUBLISHED, code: TEST-001} @ http://localhost:3000/_next/static/chunks/node_modules_next_dist_0bc8q4g._.js:1233
[   30056ms] [LOG] !!!section {id: 31bfc515-2692-49ea-b688-cd1955f53a5c, name: Test Section, description: null, status: PUBLISHED, code: TEST-001} @ http://localhost:3000/_next/static/chunks/node_modules_next_dist_0bc8q4g._.js:1233
[   30068ms] [LOG] !!!section {id: 5ae5a18a-73f8-42d5-8a68-026aab750c41, name: Grade Test Section, description: null, status: PUBLISHED, code: GRADE-TEST} @ http://localhost:3000/_next/static/chunks/node_modules_next_dist_0bc8q4g._.js:1233
[   30070ms] [LOG] !!!section {id: 499fdec3-da8d-4ef4-92d8-291d0cbd2fab, name: Temporary Section, description: null, status: DRAFT, code: TEMP-001} @ http://localhost:3000/_next/static/chunks/node_modules_next_dist_0bc8q4g._.js:1233
[   30084ms] [LOG] !!!section {id: 84427f7a-75f9-474a-b7b1-2839ac657737, name: Original Section Name, description: Original description, status: DRAFT, code: ORIG-001} @ http://localhost:3000/_next/static/chunks/node_modules_next_dist_0bc8q4g._.js:1233
[   30086ms] [LOG] !!!section {id: db7919cc-2bf4-43db-acc9-559aebba73ed, name: Test Section, description: null, status: PUBLISHED, code: TEST-001} @ http://localhost:3000/_next/static/chunks/node_modules_next_dist_0bc8q4g._.js:1233
[   30087ms] [LOG] !!!section {id: 340113f1-94d9-473a-8528-228b8dca613d, name: Original Section Name, description: Original description, status: DRAFT, code: ORIG-001} @ http://localhost:3000/_next/static/chunks/node_modules_next_dist_0bc8q4g._.js:1233
[   30089ms] [LOG] !!!section {id: 36629e2a-d5da-4bf4-85c4-3aa9b27c65c7, name: Biology 101, description: Intro to Biology, status: PUBLISHED, code: BIO101} @ http://localhost:3000/_next/static/chunks/node_modules_next_dist_0bc8q4g._.js:1233
[   30102ms] [LOG] !!!section {id: 6725abf3-d692-40cd-9658-00c68b2f5ba4, name: Test Section, description: null, status: PUBLISHED, code: TEST-001} @ http://localhost:3000/_next/static/chunks/node_modules_next_dist_0bc8q4g._.js:1233
[   30103ms] [LOG] !!!section {id: 76990e7b-682c-44f5-82f5-1de4221deb80, name: Test Section, description: null, status: PUBLISHED, code: TEST-001} @ http://localhost:3000/_next/static/chunks/node_modules_next_dist_0bc8q4g._.js:1233
[   30105ms] [LOG] !!!section {id: fbe39c35-7869-4327-92b8-f250013ca5ec, name: Japanese 101 - Spring 2026, description: Beginner Japanese conversation course, status: PUBLISHED, code: 155E99} @ http://localhost:3000/_next/static/chunks/node_modules_next_dist_0bc8q4g._.js:1233
[   30118ms] [LOG] !!!section {id: 19ec384c-5eb7-4e0e-866b-3337e09d0f9e, name: Grade Test Section, description: null, status: PUBLISHED, code: GRADE-TEST} @ http://localhost:3000/_next/static/chunks/node_modules_next_dist_0bc8q4g._.js:1233
[   30119ms] [LOG] !!!section {id: dd6a79ba-c532-4342-bf2c-796440baadd4, name: Section 2, description: null, status: PUBLISHED, code: S2} @ http://localhost:3000/_next/static/chunks/node_modules_next_dist_0bc8q4g._.js:1233
[   30121ms] [LOG] !!!section {id: e23ab46c-a060-41aa-8e07-a6b4c18cc792, name: Japanese 101 - Spring 2026, description: Beginner Japanese conversation course, status: PUBLISHED, code: MOJKQL} @ http://localhost:3000/_next/static/chunks/node_modules_next_dist_0bc8q4g._.js:1233
[   30134ms] [LOG] !!!section {id: e584b66b-d3a2-4018-a621-040e2c4131c9, name: Test Section, description: null, status: PUBLISHED, code: TEST-001} @ http://localhost:3000/_next/static/chunks/node_modules_next_dist_0bc8q4g._.js:1233
[   30136ms] [LOG] !!!section {id: da00f42c-71b5-44e6-a86e-f56a0d833a5f, name: Test Section, description: null, status: PUBLISHED, code: TEST-001} @ http://localhost:3000/_next/static/chunks/node_modules_next_dist_0bc8q4g._.js:1233
[   30137ms] [LOG] !!!section {id: 4bd499b1-c875-4a07-b7c7-d95bbf5f88e0, name: Biology 101, description: Intro to Biology, status: PUBLISHED, code: BIO101} @ http://localhost:3000/_next/static/chunks/node_modules_next_dist_0bc8q4g._.js:1233
[   30139ms] [LOG] !!!section {id: 863ed865-a2d6-4688-951c-3397eb1e5cd4, name: Test Section, description: null, status: PUBLISHED, code: TEST-001} @ http://localhost:3000/_next/static/chunks/node_modules_next_dist_0bc8q4g._.js:1233
[   30151ms] [LOG] !!!section {id: f5d362dc-7565-45ab-8f8b-30f7da60af74, name: Section 2, description: null, status: PUBLISHED, code: S2} @ http://localhost:3000/_next/static/chunks/node_modules_next_dist_0bc8q4g._.js:1233
[   30153ms] [LOG] !!!section {id: f6ef8547-c14f-4f81-8916-5b3a028131c0, name: Biology 101, description: Intro to Biology, status: PUBLISHED, code: BIO101} @ http://localhost:3000/_next/static/chunks/node_modules_next_dist_0bc8q4g._.js:1233
[   30155ms] [LOG] !!!section {id: 9d18094f-e3b7-4971-8cec-9e4c60ff59ec, name: Test Section, description: null, status: PUBLISHED, code: TEST-001} @ http://localhost:3000/_next/static/chunks/node_modules_next_dist_0bc8q4g._.js:1233
[   30167ms] [LOG] !!!section {id: 2ae9063e-f6a8-469c-9cd0-28cdee36ed26, name: E2E Test Section 1774368275525, description: Comprehensive E2E test section for complete workflow, status: PUBLISHED, code: 6NGKL2} @ http://localhost:3000/_next/static/chunks/node_modules_next_dist_0bc8q4g._.js:1233
[   34397ms] [LOG] [ChatContext] Create result: {hasData: true, hasErrors: false, data: Object, errors: undefined} @ http://localhost:3000/_next/static/chunks/node_modules_next_dist_0bc8q4g._.js:1233
[   34397ms] [LOG] [ChatContext] Created AssistantChat: 3b367250-2cb8-481a-9a7a-7dec50e68e4f at: 2026-05-01T13:03:13.855Z @ http://localhost:3000/_next/static/chunks/node_modules_next_dist_0bc8q4g._.js:1233
[   34447ms] [LOG] [SectionContext] Initial sections: 100 @ http://localhost:3000/_next/static/chunks/node_modules_next_dist_0bc8q4g._.js:1233
[   34612ms] [LOG] [sections.jsx] canViewInstructorDashboard: false isInstructor: false ownedSections.length: 0 @ http://localhost:3000/_next/static/chunks/node_modules_next_dist_0bc8q4g._.js:1233
[   34616ms] [LOG] sections [Object, Object, Object, Object, Object, Object, Object, Object, Object, Object, Object, Object, Object, Object, Object, Object, Object, Object, Object, Object, Object, Object, Object, Object, Object, Object, Object, Object, Object, Object, Object, Object, Object, Object, Object, Object, Object, Object, Object, Object, Object, Object, Object, Object, Object, Object, Object, Object, Object, Object, Object, Object, Object, Object, Object, Object, Object, Object, Object, Object, Object, Object, Object, Object, Object, Object, Object, Object, Object, Object, Object, Object, Object, Object, Object, Object, Object, Object, Object, Object, Object, Object, Object, Object, Object, Object, Object, Object, Object, Object, Object, Object, Object, Object, Object, Object, Object, Object, Object, Object] @ http://localhost:3000/_next/static/chunks/node_modules_next_dist_0bc8q4g._.js:1233
[   34630ms] [LOG] !!!section {id: 485a1ffa-bd40-45ca-96de-f58bc6fc0894, name: Original Section Name, description: Original description, status: DRAFT, code: ORIG-001} @ http://localhost:3000/_next/static/chunks/node_modules_next_dist_0bc8q4g._.js:1233
[   34632ms] [LOG] !!!section {id: a82ad425-66f4-4ae7-ab72-2de04258ddea, name: Grade Test Section, description: null, status: PUBLISHED, code: GRADE-TEST} @ http://localhost:3000/_next/static/chunks/node_modules_next_dist_0bc8q4g._.js:1233
[   34633ms] [LOG] !!!section {id: 26097bd0-b922-4ada-9b21-83db389944fa, name: Biology 101, description: Intro to Biology, status: PUBLISHED, code: BIO101} @ http://localhost:3000/_next/static/chunks/node_modules_next_dist_0bc8q4g._.js:1233
[   34645ms] [LOG] !!!section {id: 6a041ff4-e7ed-47ca-b2bd-0d35b84614b3, name: Test Section, description: null, status: PUBLISHED, code: TEST-001} @ http://localhost:3000/_next/static/chunks/node_modules_next_dist_0bc8q4g._.js:1233
[   34647ms] [LOG] !!!section {id: 674343a8-ce09-4fee-8772-5e9e5d60482c, name: Biology 101, description: Intro to Biology, status: PUBLISHED, code: BIO101} @ http://localhost:3000/_next/static/chunks/node_modules_next_dist_0bc8q4g._.js:1233
[   34648ms] [LOG] !!!section {id: 2a7ae578-0be1-43dd-ba5e-6e224b3b617b, name: Test Section, description: null, status: PUBLISHED, code: TEST-001} @ http://localhost:3000/_next/static/chunks/node_modules_next_dist_0bc8q4g._.js:1233
[   34650ms] [LOG] !!!section {id: f156b5e2-8491-4935-9990-a4dab652241c, name: Original Section Name, description: Original description, status: DRAFT, code: ORIG-001} @ http://localhost:3000/_next/static/chunks/node_modules_next_dist_0bc8q4g._.js:1233
[   34662ms] [LOG] !!!section {id: e002e526-7c0a-4067-abbf-4e53158c61c4, name: Section 2, description: null, status: PUBLISHED, code: S2} @ http://localhost:3000/_next/static/chunks/node_modules_next_dist_0bc8q4g._.js:1233
[   34663ms] [LOG] !!!section {id: b8cb47e8-35ca-44af-a9d7-3587acd0d179, name: Japanese 101 - Spring 2026, description: Beginner Japanese conversation course, status: PUBLISHED, code: 66CE6L} @ http://localhost:3000/_next/static/chunks/node_modules_next_dist_0bc8q4g._.js:1233
[   34665ms] [LOG] !!!section {id: af3e03f0-54df-4df7-8bd7-efb065f3432e, name: Grade Test Section, description: null, status: PUBLISHED, code: GRADE-TEST} @ http://localhost:3000/_next/static/chunks/node_modules_next_dist_0bc8q4g._.js:1233
[   34666ms] [LOG] !!!section {id: edf9e7cf-c21c-45a0-bc50-a8e508ea2815, name: Test Section, description: null, status: PUBLISHED, code: TEST-001} @ http://localhost:3000/_next/static/chunks/node_modules_next_dist_0bc8q4g._.js:1233
[   34678ms] [LOG] !!!section {id: 64def60a-7fa3-475b-8204-22e46b123b29, name: E2E Test Section 1774369286656, description: Comprehensive E2E test section for complete workflow, status: PUBLISHED, code: I4OX3T} @ http://localhost:3000/_next/static/chunks/node_modules_next_dist_0bc8q4g._.js:1233
[   34680ms] [LOG] !!!section {id: aaf5a906-30aa-4c74-b5d5-5feeed95e612, name: Test Section, description: null, status: PUBLISHED, code: TEST-001} @ http://localhost:3000/_next/static/chunks/node_modules_next_dist_0bc8q4g._.js:1233
[   34681ms] [LOG] !!!section {id: 80d216c8-4dc2-4433-92c4-386ca2a20bff, name: Test Section, description: null, status: PUBLISHED, code: TEST-001} @ http://localhost:3000/_next/static/chunks/node_modules_next_dist_0bc8q4g._.js:1233
[   34683ms] [LOG] !!!section {id: 5fb5cef5-e44b-4ec7-8be4-1d6f341dd780, name: Japanese 101 - Spring 2026, description: Beginner Japanese conversation course, status: PUBLISHED, code: FX28Q4} @ http://localhost:3000/_next/static/chunks/node_modules_next_dist_0bc8q4g._.js:1233
[   34695ms] [LOG] !!!section {id: fe9fc83c-99e9-4aa8-b3d9-21c7f351fe0c, name: Test Section, description: null, status: PUBLISHED, code: TEST-001} @ http://localhost:3000/_next/static/chunks/node_modules_next_dist_0bc8q4g._.js:1233
[   34696ms] [LOG] !!!section {id: 3dfb4edd-69ec-405a-8a05-335329e4e583, name: Temporary Section, description: null, status: DRAFT, code: TEMP-001} @ http://localhost:3000/_next/static/chunks/node_modules_next_dist_0bc8q4g._.js:1233
[   34698ms] [LOG] !!!section {id: b7d6cc52-d89b-4238-8ce3-9bf414f3e740, name: Test Section, description: null, status: PUBLISHED, code: TEST-001} @ http://localhost:3000/_next/static/chunks/node_modules_next_dist_0bc8q4g._.js:1233
[   34700ms] [LOG] !!!section {id: 70cb413e-59e0-4eaf-9dae-06bb2ac40a5d, name: Test Section, description: null, status: PUBLISHED, code: TEST-001} @ http://localhost:3000/_next/static/chunks/node_modules_next_dist_0bc8q4g._.js:1233
[   34712ms] [LOG] !!!section {id: 90f3d548-5fd7-41ff-9014-d281ee585be1, name: Section 1, description: null, status: PUBLISHED, code: S1} @ http://localhost:3000/_next/static/chunks/node_modules_next_dist_0bc8q4g._.js:1233
[   34714ms] [LOG] !!!section {id: 108127c7-99e1-4d27-9235-326438a65ff9, name: Test Section, description: null, status: PUBLISHED, code: TEST-001} @ http://localhost:3000/_next/static/chunks/node_modules_next_dist_0bc8q4g._.js:1233
[   34715ms] [LOG] !!!section {id: 4168c41f-9a2a-416d-98fd-c7c56ed3f16d, name: Test Section, description: null, status: PUBLISHED, code: TEST-001} @ http://localhost:3000/_next/static/chunks/node_modules_next_dist_0bc8q4g._.js:1233
[   34717ms] [LOG] !!!section {id: 4b1d5ed4-2c83-4f7e-b33e-7e39f7e8b582, name: Test Section, description: null, status: PUBLISHED, code: TEST-001} @ http://localhost:3000/_next/static/chunks/node_modules_next_dist_0bc8q4g._.js:1233
[   34729ms] [LOG] !!!section {id: 76aede11-b41a-4679-8272-c4b2d813e242, name: Japanese 101 - Spring 2026, description: Beginner Japanese conversation course, status: PUBLISHED, code: 032DY9} @ http://localhost:3000/_next/static/chunks/node_modules_next_dist_0bc8q4g._.js:1233
[   34731ms] [LOG] !!!section {id: 0e3121d1-22dc-4025-86fe-89d879d0f4b8, name: Biology 101, description: Intro to Biology, status: PUBLISHED, code: BIO101} @ http://localhost:3000/_next/static/chunks/node_modules_next_dist_0bc8q4g._.js:1233
[   34733ms] [LOG] !!!section {id: 7cc60b3d-5141-4ccc-885c-0f761d6aadd2, name: Section 2, description: null, status: PUBLISHED, code: S2} @ http://localhost:3000/_next/static/chunks/node_modules_next_dist_0bc8q4g._.js:1233
[   34745ms] [LOG] !!!section {id: 3866b8a5-0967-46bf-b738-16011e0ee5d2, name: Test Section, description: null, status: PUBLISHED, code: TEST-001} @ http://localhost:3000/_next/static/chunks/node_modules_next_dist_0bc8q4g._.js:1233
[   34746ms] [LOG] !!!section {id: 9f5926eb-7622-421e-85b6-f0240478e0b4, name: Test Section, description: null, status: PUBLISHED, code: TEST-001} @ http://localhost:3000/_next/static/chunks/node_modules_next_dist_0bc8q4g._.js:1233
[   34748ms] [LOG] !!!section {id: 8576ea2e-5918-4016-9e8b-880d4060cce1, name: Section 2, description: null, status: PUBLISHED, code: S2} @ http://localhost:3000/_next/static/chunks/node_modules_next_dist_0bc8q4g._.js:1233
[   34749ms] [LOG] !!!section {id: 029af6d7-18c6-4f03-b1ed-f7c9a18e3797, name: Test Section, description: null, status: PUBLISHED, code: TEST-001} @ http://localhost:3000/_next/static/chunks/node_modules_next_dist_0bc8q4g._.js:1233
[   34761ms] [LOG] !!!section {id: c134f150-7cab-4825-984b-4848d2f8daad, name: Test Section, description: null, status: PUBLISHED, code: TEST-001} @ http://localhost:3000/_next/static/chunks/node_modules_next_dist_0bc8q4g._.js:1233
[   34764ms] [LOG] !!!section {id: 92d79627-e95c-4648-aa46-7ec92087f837, name: Test Section, description: null, status: PUBLISHED, code: TEST-001} @ http://localhost:3000/_next/static/chunks/node_modules_next_dist_0bc8q4g._.js:1233
[   34765ms] [LOG] !!!section {id: f48e984a-3ca4-4cec-8ba4-5a2626b51de3, name: Temporary Section, description: null, status: DRAFT, code: TEMP-001} @ http://localhost:3000/_next/static/chunks/node_modules_next_dist_0bc8q4g._.js:1233
[   34778ms] [LOG] !!!section {id: 120aa2f0-ef90-4315-9fde-d772745cfb2c, name: Test Section, description: null, status: PUBLISHED, code: TEST-001} @ http://localhost:3000/_next/static/chunks/node_modules_next_dist_0bc8q4g._.js:1233
[   34780ms] [LOG] !!!section {id: 7474d4eb-d4f8-4630-adf0-0004b7dcf1fe, name: Grade Test Section, description: null, status: PUBLISHED, code: GRADE-TEST} @ http://localhost:3000/_next/static/chunks/node_modules_next_dist_0bc8q4g._.js:1233
[   34781ms] [LOG] !!!section {id: e9615e0d-44fe-4f01-97a8-1f5c1a58f535, name: Japanese 101 - Spring 2026, description: Beginner Japanese conversation course, status: PUBLISHED, code: ZB0WI7} @ http://localhost:3000/_next/static/chunks/node_modules_next_dist_0bc8q4g._.js:1233
[   34783ms] [LOG] !!!section {id: 5d43d353-6ea4-4d1f-bae8-c5240e6acb69, name: Grade Test Section, description: null, status: PUBLISHED, code: GRADE-TEST} @ http://localhost:3000/_next/static/chunks/node_modules_next_dist_0bc8q4g._.js:1233
[   34796ms] [LOG] !!!section {id: db67195f-f706-4160-9b47-b855b4aa29cd, name: Temporary Section, description: null, status: DRAFT, code: TEMP-001} @ http://localhost:3000/_next/static/chunks/node_modules_next_dist_0bc8q4g._.js:1233
[   34798ms] [LOG] !!!section {id: 47656fed-1826-46b7-b3a1-c9ceb78da9a8, name: Test Section, description: null, status: PUBLISHED, code: TEST-001} @ http://localhost:3000/_next/static/chunks/node_modules_next_dist_0bc8q4g._.js:1233
[   34799ms] [LOG] !!!section {id: 1ee29798-548e-4c98-8047-137a247dcb03, name: Test Section, description: null, status: PUBLISHED, code: TEST-001} @ http://localhost:3000/_next/static/chunks/node_modules_next_dist_0bc8q4g._.js:1233
[   34811ms] [LOG] !!!section {id: d8bb7cb1-9864-4008-a79c-6c9fcced077a, name: Section 2, description: null, status: PUBLISHED, code: S2} @ http://localhost:3000/_next/static/chunks/node_modules_next_dist_0bc8q4g._.js:1233
[   34813ms] [LOG] !!!section {id: 598d0820-d1d0-4e3b-8066-f11240ce4370, name: Japanese 101 - Spring 2026, description: Beginner Japanese conversation course, status: PUBLISHED, code: L2SC9C} @ http://localhost:3000/_next/static/chunks/node_modules_next_dist_0bc8q4g._.js:1233
[   34814ms] [LOG] !!!section {id: b3eba183-eb90-4b3f-a9b6-c7368016155c, name: Section 2, description: null, status: PUBLISHED, code: S2} @ http://localhost:3000/_next/static/chunks/node_modules_next_dist_0bc8q4g._.js:1233
[   34816ms] [LOG] !!!section {id: f73b55ab-be3a-4977-90cd-8695fb4bfb57, name: Original Section Name, description: Original description, status: DRAFT, code: ORIG-001} @ http://localhost:3000/_next/static/chunks/node_modules_next_dist_0bc8q4g._.js:1233
[   34829ms] [LOG] !!!section {id: 3d33ac82-7800-4882-8bf5-8a2c0d1dc7cc, name: Original Section Name, description: Original description, status: DRAFT, code: ORIG-001} @ http://localhost:3000/_next/static/chunks/node_modules_next_dist_0bc8q4g._.js:1233
[   34831ms] [LOG] !!!section {id: d0f1083d-3422-4e21-953a-78c781b7da51, name: Test Section, description: null, status: PUBLISHED, code: TEST-001} @ http://localhost:3000/_next/static/chunks/node_modules_next_dist_0bc8q4g._.js:1233
[   34833ms] [LOG] !!!section {id: cd6c83ff-ca21-4447-a4e2-8cb0f81d93db, name: Test Section, description: null, status: PUBLISHED, code: TEST-001} @ http://localhost:3000/_next/static/chunks/node_modules_next_dist_0bc8q4g._.js:1233
[   34845ms] [LOG] !!!section {id: 0fb98bed-1d11-423f-9165-18f219794312, name: Section 2, description: null, status: PUBLISHED, code: S2} @ http://localhost:3000/_next/static/chunks/node_modules_next_dist_0bc8q4g._.js:1233
[   34847ms] [LOG] !!!section {id: 778ce67d-7595-4b23-bb28-41c4233f443c, name: Japanese 101 - Spring 2026, description: Beginner Japanese conversation course, status: PUBLISHED, code: F4DP9P} @ http://localhost:3000/_next/static/chunks/node_modules_next_dist_0bc8q4g._.js:1233
[   34848ms] [LOG] !!!section {id: 40d10d70-5b8e-4f1d-962a-5b4e23bd7e50, name: Test Section, description: null, status: PUBLISHED, code: TEST-001} @ http://localhost:3000/_next/static/chunks/node_modules_next_dist_0bc8q4g._.js:1233
[   34850ms] [LOG] !!!section {id: 8bd49f0d-f626-4b9e-b4f6-85089ef66536, name: Test Section, description: null, status: PUBLISHED, code: TEST-001} @ http://localhost:3000/_next/static/chunks/node_modules_next_dist_0bc8q4g._.js:1233
[   34896ms] [LOG] !!!section {id: 51ad747f-3f3d-457f-8e63-5e572d94cdee, name: E2E Test Section 1774482736434, description: Comprehensive E2E test section for complete workflow, status: PUBLISHED, code: 641S86} @ http://localhost:3000/_next/static/chunks/node_modules_next_dist_0bc8q4g._.js:1233
[   34912ms] [LOG] !!!section {id: ffcf40b1-bec3-4a3b-abd0-b2f0d7c64c3d, name: Section 2, description: null, status: PUBLISHED, code: S2} @ http://localhost:3000/_next/static/chunks/node_modules_next_dist_0bc8q4g._.js:1233
[   34913ms] [LOG] !!!section {id: f45196f6-e3ac-46ab-a60e-7c6b58d92ec3, name: Section 2, description: null, status: PUBLISHED, code: S2} @ http://localhost:3000/_next/static/chunks/node_modules_next_dist_0bc8q4g._.js:1233
[   34915ms] [LOG] !!!section {id: 5664bef5-8a03-43f7-9fe2-1f5560df38d4, name: Section 2, description: null, status: PUBLISHED, code: S2} @ http://localhost:3000/_next/static/chunks/node_modules_next_dist_0bc8q4g._.js:1233
[   34916ms] [LOG] !!!section {id: 325495e1-910b-4a4d-83e2-b003dd294b85, name: Test Section, description: null, status: PUBLISHED, code: TEST-001} @ http://localhost:3000/_next/static/chunks/node_modules_next_dist_0bc8q4g._.js:1233
[   34933ms] [LOG] !!!section {id: afab77f1-fc64-44cc-98e2-1915399dc1f4, name: Test Section, description: null, status: PUBLISHED, code: TEST-001} @ http://localhost:3000/_next/static/chunks/node_modules_next_dist_0bc8q4g._.js:1233
[   34950ms] [LOG] !!!section {id: cdee8ece-10ee-4f7e-b863-5cbd4ef6de73, name: Japanese 101 - Spring 2026, description: Beginner Japanese conversation course, status: PUBLISHED, code: FQE3UW} @ http://localhost:3000/_next/static/chunks/node_modules_next_dist_0bc8q4g._.js:1233
[   34966ms] [LOG] !!!section {id: 953591de-0167-4311-98bb-99b8204d037b, name: Test Section, description: null, status: PUBLISHED, code: TEST-001} @ http://localhost:3000/_next/static/chunks/node_modules_next_dist_0bc8q4g._.js:1233
[   34980ms] [LOG] !!!section {id: c1be5a84-65ed-4a78-9cd4-b33b25a702b3, name: Test Section, description: null, status: PUBLISHED, code: TEST-001} @ http://localhost:3000/_next/static/chunks/node_modules_next_dist_0bc8q4g._.js:1233
[   34982ms] [LOG] !!!section {id: fab4ea86-7d86-4186-b124-22c0e1188fbe, name: Temporary Section, description: null, status: DRAFT, code: TEMP-001} @ http://localhost:3000/_next/static/chunks/node_modules_next_dist_0bc8q4g._.js:1233
[   34984ms] [LOG] !!!section {id: 272c6fcb-0ed6-4e8c-a66e-96ad9f84afa8, name: Test Section, description: null, status: PUBLISHED, code: TEST-001} @ http://localhost:3000/_next/static/chunks/node_modules_next_dist_0bc8q4g._.js:1233
[   34996ms] [LOG] !!!section {id: 0b1afe2d-5585-4b37-b32f-b7557e38f895, name: Section 2, description: null, status: PUBLISHED, code: S2} @ http://localhost:3000/_next/static/chunks/node_modules_next_dist_0bc8q4g._.js:1233
[   34998ms] [LOG] !!!section {id: 1ad02849-2bc3-41cf-9776-14b68bb96bec, name: Biology 101, description: Intro to Biology, status: PUBLISHED, code: BIO101} @ http://localhost:3000/_next/static/chunks/node_modules_next_dist_0bc8q4g._.js:1233
[   35000ms] [LOG] !!!section {id: 58f0c8e1-6a6d-4962-9a03-b2267d7f1a5e, name: Test Section, description: null, status: PUBLISHED, code: TEST-001} @ http://localhost:3000/_next/static/chunks/node_modules_next_dist_0bc8q4g._.js:1233
[   35012ms] [LOG] !!!section {id: 08e90519-911b-4a10-bacf-2cac91a0c3d1, name: Section 1, description: null, status: PUBLISHED, code: S1} @ http://localhost:3000/_next/static/chunks/node_modules_next_dist_0bc8q4g._.js:1233
[   35013ms] [LOG] !!!section {id: 2fb31ed7-d72c-4517-89f7-a3c99296ade7, name: Test Section, description: null, status: PUBLISHED, code: TEST-001} @ http://localhost:3000/_next/static/chunks/node_modules_next_dist_0bc8q4g._.js:1233
[   35015ms] [LOG] !!!section {id: 4a271b66-8cd6-45d1-a8fc-621a893756b5, name: Test Section, description: null, status: PUBLISHED, code: TEST-001} @ http://localhost:3000/_next/static/chunks/node_modules_next_dist_0bc8q4g._.js:1233
[   35016ms] [LOG] !!!section {id: cdc36b52-eaef-401c-bcb1-9f72c0e176b8, name: Grade Test Section, description: null, status: PUBLISHED, code: GRADE-TEST} @ http://localhost:3000/_next/static/chunks/node_modules_next_dist_0bc8q4g._.js:1233
[   35017ms] [LOG] !!!section {id: 7ab6f9cf-375e-435d-bd2d-66c3eca50250, name: Section 1, description: null, status: PUBLISHED, code: S1} @ http://localhost:3000/_next/static/chunks/node_modules_next_dist_0bc8q4g._.js:1233
[   35030ms] [LOG] !!!section {id: 3b09795f-fa6e-47b2-854f-725efca79cd6, name: Section 2, description: null, status: PUBLISHED, code: S2} @ http://localhost:3000/_next/static/chunks/node_modules_next_dist_0bc8q4g._.js:1233
[   35031ms] [LOG] !!!section {id: 7da11483-c739-4b58-83e8-ba78e5031feb, name: Test Section, description: null, status: PUBLISHED, code: TEST-001} @ http://localhost:3000/_next/static/chunks/node_modules_next_dist_0bc8q4g._.js:1233
[   35033ms] [LOG] !!!section {id: dcc4587b-79f3-477f-b26f-479a094daf43, name: Test Section, description: null, status: PUBLISHED, code: TEST-001} @ http://localhost:3000/_next/static/chunks/node_modules_next_dist_0bc8q4g._.js:1233
[   35034ms] [LOG] !!!section {id: 721ac42d-575d-426f-bde4-aa604647cd9c, name: Test Section, description: null, status: PUBLISHED, code: TEST-001} @ http://localhost:3000/_next/static/chunks/node_modules_next_dist_0bc8q4g._.js:1233
[   35046ms] [LOG] !!!section {id: ce07b087-6fcd-4e1b-8ece-6a9a515e92e3, name: Section 2, description: null, status: PUBLISHED, code: S2} @ http://localhost:3000/_next/static/chunks/node_modules_next_dist_0bc8q4g._.js:1233
[   35048ms] [LOG] !!!section {id: b283d62f-d737-420f-a056-9c58f4479129, name: Original Section Name, description: Original description, status: DRAFT, code: ORIG-001} @ http://localhost:3000/_next/static/chunks/node_modules_next_dist_0bc8q4g._.js:1233
[   35049ms] [LOG] !!!section {id: dfab9461-9053-4a22-94f2-cc948185420e, name: Test Section, description: null, status: PUBLISHED, code: TEST-001} @ http://localhost:3000/_next/static/chunks/node_modules_next_dist_0bc8q4g._.js:1233
[   35051ms] [LOG] !!!section {id: 163c8180-e408-421f-b1de-7fafc01dbb20, name: Test Section, description: null, status: PUBLISHED, code: TEST-001} @ http://localhost:3000/_next/static/chunks/node_modules_next_dist_0bc8q4g._.js:1233
[   35063ms] [LOG] !!!section {id: a5be67ff-933a-45e7-a7fa-2730bdbcd286, name: Test Section, description: null, status: PUBLISHED, code: TEST-001} @ http://localhost:3000/_next/static/chunks/node_modules_next_dist_0bc8q4g._.js:1233
[   35065ms] [LOG] !!!section {id: 31bfc515-2692-49ea-b688-cd1955f53a5c, name: Test Section, description: null, status: PUBLISHED, code: TEST-001} @ http://localhost:3000/_next/static/chunks/node_modules_next_dist_0bc8q4g._.js:1233
[   35066ms] [LOG] !!!section {id: 5ae5a18a-73f8-42d5-8a68-026aab750c41, name: Grade Test Section, description: null, status: PUBLISHED, code: GRADE-TEST} @ http://localhost:3000/_next/static/chunks/node_modules_next_dist_0bc8q4g._.js:1233
[   35079ms] [LOG] !!!section {id: 499fdec3-da8d-4ef4-92d8-291d0cbd2fab, name: Temporary Section, description: null, status: DRAFT, code: TEMP-001} @ http://localhost:3000/_next/static/chunks/node_modules_next_dist_0bc8q4g._.js:1233
[   35081ms] [LOG] !!!section {id: 84427f7a-75f9-474a-b7b1-2839ac657737, name: Original Section Name, description: Original description, status: DRAFT, code: ORIG-001} @ http://localhost:3000/_next/static/chunks/node_modules_next_dist_0bc8q4g._.js:1233
[   35082ms] [LOG] !!!section {id: db7919cc-2bf4-43db-acc9-559aebba73ed, name: Test Section, description: null, status: PUBLISHED, code: TEST-001} @ http://localhost:3000/_next/static/chunks/node_modules_next_dist_0bc8q4g._.js:1233
[   35084ms] [LOG] !!!section {id: 340113f1-94d9-473a-8528-228b8dca613d, name: Original Section Name, description: Original description, status: DRAFT, code: ORIG-001} @ http://localhost:3000/_next/static/chunks/node_modules_next_dist_0bc8q4g._.js:1233
[   35096ms] [LOG] !!!section {id: 36629e2a-d5da-4bf4-85c4-3aa9b27c65c7, name: Biology 101, description: Intro to Biology, status: PUBLISHED, code: BIO101} @ http://localhost:3000/_next/static/chunks/node_modules_next_dist_0bc8q4g._.js:1233
[   35098ms] [LOG] !!!section {id: 6725abf3-d692-40cd-9658-00c68b2f5ba4, name: Test Section, description: null, status: PUBLISHED, code: TEST-001} @ http://localhost:3000/_next/static/chunks/node_modules_next_dist_0bc8q4g._.js:1233
[   35099ms] [LOG] !!!section {id: 76990e7b-682c-44f5-82f5-1de4221deb80, name: Test Section, description: null, status: PUBLISHED, code: TEST-001} @ http://localhost:3000/_next/static/chunks/node_modules_next_dist_0bc8q4g._.js:1233
[   35100ms] [LOG] !!!section {id: fbe39c35-7869-4327-92b8-f250013ca5ec, name: Japanese 101 - Spring 2026, description: Beginner Japanese conversation course, status: PUBLISHED, code: 155E99} @ http://localhost:3000/_next/static/chunks/node_modules_next_dist_0bc8q4g._.js:1233
[   35112ms] [LOG] !!!section {id: 19ec384c-5eb7-4e0e-866b-3337e09d0f9e, name: Grade Test Section, description: null, status: PUBLISHED, code: GRADE-TEST} @ http://localhost:3000/_next/static/chunks/node_modules_next_dist_0bc8q4g._.js:1233
[   35114ms] [LOG] !!!section {id: dd6a79ba-c532-4342-bf2c-796440baadd4, name: Section 2, description: null, status: PUBLISHED, code: S2} @ http://localhost:3000/_next/static/chunks/node_modules_next_dist_0bc8q4g._.js:1233
[   35115ms] [LOG] !!!section {id: e23ab46c-a060-41aa-8e07-a6b4c18cc792, name: Japanese 101 - Spring 2026, description: Beginner Japanese conversation course, status: PUBLISHED, code: MOJKQL} @ http://localhost:3000/_next/static/chunks/node_modules_next_dist_0bc8q4g._.js:1233
[   35117ms] [LOG] !!!section {id: e584b66b-d3a2-4018-a621-040e2c4131c9, name: Test Section, description: null, status: PUBLISHED, code: TEST-001} @ http://localhost:3000/_next/static/chunks/node_modules_next_dist_0bc8q4g._.js:1233
[   35118ms] [LOG] !!!section {id: da00f42c-71b5-44e6-a86e-f56a0d833a5f, name: Test Section, description: null, status: PUBLISHED, code: TEST-001} @ http://localhost:3000/_next/static/chunks/node_modules_next_dist_0bc8q4g._.js:1233
[   35131ms] [LOG] !!!section {id: 4bd499b1-c875-4a07-b7c7-d95bbf5f88e0, name: Biology 101, description: Intro to Biology, status: PUBLISHED, code: BIO101} @ http://localhost:3000/_next/static/chunks/node_modules_next_dist_0bc8q4g._.js:1233
[   35132ms] [LOG] !!!section {id: 863ed865-a2d6-4688-951c-3397eb1e5cd4, name: Test Section, description: null, status: PUBLISHED, code: TEST-001} @ http://localhost:3000/_next/static/chunks/node_modules_next_dist_0bc8q4g._.js:1233
[   35134ms] [LOG] !!!section {id: f5d362dc-7565-45ab-8f8b-30f7da60af74, name: Section 2, description: null, status: PUBLISHED, code: S2} @ http://localhost:3000/_next/static/chunks/node_modules_next_dist_0bc8q4g._.js:1233
[   35147ms] [LOG] !!!section {id: f6ef8547-c14f-4f81-8916-5b3a028131c0, name: Biology 101, description: Intro to Biology, status: PUBLISHED, code: BIO101} @ http://localhost:3000/_next/static/chunks/node_modules_next_dist_0bc8q4g._.js:1233
[   35149ms] [LOG] !!!section {id: 9d18094f-e3b7-4971-8cec-9e4c60ff59ec, name: Test Section, description: null, status: PUBLISHED, code: TEST-001} @ http://localhost:3000/_next/static/chunks/node_modules_next_dist_0bc8q4g._.js:1233
[   35150ms] [LOG] !!!section {id: 2ae9063e-f6a8-469c-9cd0-28cdee36ed26, name: E2E Test Section 1774368275525, description: Comprehensive E2E test section for complete workflow, status: PUBLISHED, code: 6NGKL2} @ http://localhost:3000/_next/static/chunks/node_modules_next_dist_0bc8q4g._.js:1233
[   35163ms] [LOG] [sections.jsx] canViewInstructorDashboard: false isInstructor: false ownedSections.length: 0 @ http://localhost:3000/_next/static/chunks/node_modules_next_dist_0bc8q4g._.js:1233
[   35168ms] [LOG] sections [Object, Object, Object, Object, Object, Object, Object, Object, Object, Object, Object, Object, Object, Object, Object, Object, Object, Object, Object, Object, Object, Object, Object, Object, Object, Object, Object, Object, Object, Object, Object, Object, Object, Object, Object, Object, Object, Object, Object, Object, Object, Object, Object, Object, Object, Object, Object, Object, Object, Object, Object, Object, Object, Object, Object, Object, Object, Object, Object, Object, Object, Object, Object, Object, Object, Object, Object, Object, Object, Object, Object, Object, Object, Object, Object, Object, Object, Object, Object, Object, Object, Object, Object, Object, Object, Object, Object, Object, Object, Object, Object, Object, Object, Object, Object, Object, Object, Object, Object, Object] @ http://localhost:3000/_next/static/chunks/node_modules_next_dist_0bc8q4g._.js:1233
[   35182ms] [LOG] !!!section {id: 485a1ffa-bd40-45ca-96de-f58bc6fc0894, name: Original Section Name, description: Original description, status: DRAFT, code: ORIG-001} @ http://localhost:3000/_next/static/chunks/node_modules_next_dist_0bc8q4g._.js:1233
[   35183ms] [LOG] !!!section {id: a82ad425-66f4-4ae7-ab72-2de04258ddea, name: Grade Test Section, description: null, status: PUBLISHED, code: GRADE-TEST} @ http://localhost:3000/_next/static/chunks/node_modules_next_dist_0bc8q4g._.js:1233
[   35185ms] [LOG] !!!section {id: 26097bd0-b922-4ada-9b21-83db389944fa, name: Biology 101, description: Intro to Biology, status: PUBLISHED, code: BIO101} @ http://localhost:3000/_next/static/chunks/node_modules_next_dist_0bc8q4g._.js:1233
[   35197ms] [LOG] !!!section {id: 6a041ff4-e7ed-47ca-b2bd-0d35b84614b3, name: Test Section, description: null, status: PUBLISHED, code: TEST-001} @ http://localhost:3000/_next/static/chunks/node_modules_next_dist_0bc8q4g._.js:1233
[   35198ms] [LOG] !!!section {id: 674343a8-ce09-4fee-8772-5e9e5d60482c, name: Biology 101, description: Intro to Biology, status: PUBLISHED, code: BIO101} @ http://localhost:3000/_next/static/chunks/node_modules_next_dist_0bc8q4g._.js:1233
[   35200ms] [LOG] !!!section {id: 2a7ae578-0be1-43dd-ba5e-6e224b3b617b, name: Test Section, description: null, status: PUBLISHED, code: TEST-001} @ http://localhost:3000/_next/static/chunks/node_modules_next_dist_0bc8q4g._.js:1233
[   35201ms] [LOG] !!!section {id: f156b5e2-8491-4935-9990-a4dab652241c, name: Original Section Name, description: Original description, status: DRAFT, code: ORIG-001} @ http://localhost:3000/_next/static/chunks/node_modules_next_dist_0bc8q4g._.js:1233
[   35214ms] [LOG] !!!section {id: e002e526-7c0a-4067-abbf-4e53158c61c4, name: Section 2, description: null, status: PUBLISHED, code: S2} @ http://localhost:3000/_next/static/chunks/node_modules_next_dist_0bc8q4g._.js:1233
[   35215ms] [LOG] !!!section {id: b8cb47e8-35ca-44af-a9d7-3587acd0d179, name: Japanese 101 - Spring 2026, description: Beginner Japanese conversation course, status: PUBLISHED, code: 66CE6L} @ http://localhost:3000/_next/static/chunks/node_modules_next_dist_0bc8q4g._.js:1233
[   35217ms] [LOG] !!!section {id: af3e03f0-54df-4df7-8bd7-efb065f3432e, name: Grade Test Section, description: null, status: PUBLISHED, code: GRADE-TEST} @ http://localhost:3000/_next/static/chunks/node_modules_next_dist_0bc8q4g._.js:1233
[   35251ms] [LOG] !!!section {id: edf9e7cf-c21c-45a0-bc50-a8e508ea2815, name: Test Section, description: null, status: PUBLISHED, code: TEST-001} @ http://localhost:3000/_next/static/chunks/node_modules_next_dist_0bc8q4g._.js:1233
[   35264ms] [LOG] !!!section {id: 64def60a-7fa3-475b-8204-22e46b123b29, name: E2E Test Section 1774369286656, description: Comprehensive E2E test section for complete workflow, status: PUBLISHED, code: I4OX3T} @ http://localhost:3000/_next/static/chunks/node_modules_next_dist_0bc8q4g._.js:1233
[   35265ms] [LOG] !!!section {id: aaf5a906-30aa-4c74-b5d5-5feeed95e612, name: Test Section, description: null, status: PUBLISHED, code: TEST-001} @ http://localhost:3000/_next/static/chunks/node_modules_next_dist_0bc8q4g._.js:1233
[   35266ms] [LOG] !!!section {id: 80d216c8-4dc2-4433-92c4-386ca2a20bff, name: Test Section, description: null, status: PUBLISHED, code: TEST-001} @ http://localhost:3000/_next/static/chunks/node_modules_next_dist_0bc8q4g._.js:1233
[   35268ms] [LOG] !!!section {id: 5fb5cef5-e44b-4ec7-8be4-1d6f341dd780, name: Japanese 101 - Spring 2026, description: Beginner Japanese conversation course, status: PUBLISHED, code: FX28Q4} @ http://localhost:3000/_next/static/chunks/node_modules_next_dist_0bc8q4g._.js:1233
[   35280ms] [LOG] !!!section {id: fe9fc83c-99e9-4aa8-b3d9-21c7f351fe0c, name: Test Section, description: null, status: PUBLISHED, code: TEST-001} @ http://localhost:3000/_next/static/chunks/node_modules_next_dist_0bc8q4g._.js:1233
[   35282ms] [LOG] !!!section {id: 3dfb4edd-69ec-405a-8a05-335329e4e583, name: Temporary Section, description: null, status: DRAFT, code: TEMP-001} @ http://localhost:3000/_next/static/chunks/node_modules_next_dist_0bc8q4g._.js:1233
[   35283ms] [LOG] !!!section {id: b7d6cc52-d89b-4238-8ce3-9bf414f3e740, name: Test Section, description: null, status: PUBLISHED, code: TEST-001} @ http://localhost:3000/_next/static/chunks/node_modules_next_dist_0bc8q4g._.js:1233
[   35284ms] [LOG] !!!section {id: 70cb413e-59e0-4eaf-9dae-06bb2ac40a5d, name: Test Section, description: null, status: PUBLISHED, code: TEST-001} @ http://localhost:3000/_next/static/chunks/node_modules_next_dist_0bc8q4g._.js:1233
[   35297ms] [LOG] !!!section {id: 90f3d548-5fd7-41ff-9014-d281ee585be1, name: Section 1, description: null, status: PUBLISHED, code: S1} @ http://localhost:3000/_next/static/chunks/node_modules_next_dist_0bc8q4g._.js:1233
[   35298ms] [LOG] !!!section {id: 108127c7-99e1-4d27-9235-326438a65ff9, name: Test Section, description: null, status: PUBLISHED, code: TEST-001} @ http://localhost:3000/_next/static/chunks/node_modules_next_dist_0bc8q4g._.js:1233
[   35300ms] [LOG] !!!section {id: 4168c41f-9a2a-416d-98fd-c7c56ed3f16d, name: Test Section, description: null, status: PUBLISHED, code: TEST-001} @ http://localhost:3000/_next/static/chunks/node_modules_next_dist_0bc8q4g._.js:1233
[   35301ms] [LOG] !!!section {id: 4b1d5ed4-2c83-4f7e-b33e-7e39f7e8b582, name: Test Section, description: null, status: PUBLISHED, code: TEST-001} @ http://localhost:3000/_next/static/chunks/node_modules_next_dist_0bc8q4g._.js:1233
[   35314ms] [LOG] !!!section {id: 76aede11-b41a-4679-8272-c4b2d813e242, name: Japanese 101 - Spring 2026, description: Beginner Japanese conversation course, status: PUBLISHED, code: 032DY9} @ http://localhost:3000/_next/static/chunks/node_modules_next_dist_0bc8q4g._.js:1233
[   35315ms] [LOG] !!!section {id: 0e3121d1-22dc-4025-86fe-89d879d0f4b8, name: Biology 101, description: Intro to Biology, status: PUBLISHED, code: BIO101} @ http://localhost:3000/_next/static/chunks/node_modules_next_dist_0bc8q4g._.js:1233
[   35316ms] [LOG] !!!section {id: 7cc60b3d-5141-4ccc-885c-0f761d6aadd2, name: Section 2, description: null, status: PUBLISHED, code: S2} @ http://localhost:3000/_next/static/chunks/node_modules_next_dist_0bc8q4g._.js:1233
[   35329ms] [LOG] !!!section {id: 3866b8a5-0967-46bf-b738-16011e0ee5d2, name: Test Section, description: null, status: PUBLISHED, code: TEST-001} @ http://localhost:3000/_next/static/chunks/node_modules_next_dist_0bc8q4g._.js:1233
[   35331ms] [LOG] !!!section {id: 9f5926eb-7622-421e-85b6-f0240478e0b4, name: Test Section, description: null, status: PUBLISHED, code: TEST-001} @ http://localhost:3000/_next/static/chunks/node_modules_next_dist_0bc8q4g._.js:1233
[   35332ms] [LOG] !!!section {id: 8576ea2e-5918-4016-9e8b-880d4060cce1, name: Section 2, description: null, status: PUBLISHED, code: S2} @ http://localhost:3000/_next/static/chunks/node_modules_next_dist_0bc8q4g._.js:1233
[   35334ms] [LOG] !!!section {id: 029af6d7-18c6-4f03-b1ed-f7c9a18e3797, name: Test Section, description: null, status: PUBLISHED, code: TEST-001} @ http://localhost:3000/_next/static/chunks/node_modules_next_dist_0bc8q4g._.js:1233
[   35347ms] [LOG] !!!section {id: c134f150-7cab-4825-984b-4848d2f8daad, name: Test Section, description: null, status: PUBLISHED, code: TEST-001} @ http://localhost:3000/_next/static/chunks/node_modules_next_dist_0bc8q4g._.js:1233
[   35349ms] [LOG] !!!section {id: 92d79627-e95c-4648-aa46-7ec92087f837, name: Test Section, description: null, status: PUBLISHED, code: TEST-001} @ http://localhost:3000/_next/static/chunks/node_modules_next_dist_0bc8q4g._.js:1233
[   35351ms] [LOG] !!!section {id: f48e984a-3ca4-4cec-8ba4-5a2626b51de3, name: Temporary Section, description: null, status: DRAFT, code: TEMP-001} @ http://localhost:3000/_next/static/chunks/node_modules_next_dist_0bc8q4g._.js:1233
[   35363ms] [LOG] !!!section {id: 120aa2f0-ef90-4315-9fde-d772745cfb2c, name: Test Section, description: null, status: PUBLISHED, code: TEST-001} @ http://localhost:3000/_next/static/chunks/node_modules_next_dist_0bc8q4g._.js:1233
[   35365ms] [LOG] !!!section {id: 7474d4eb-d4f8-4630-adf0-0004b7dcf1fe, name: Grade Test Section, description: null, status: PUBLISHED, code: GRADE-TEST} @ http://localhost:3000/_next/static/chunks/node_modules_next_dist_0bc8q4g._.js:1233
[   35396ms] [LOG] !!!section {id: e9615e0d-44fe-4f01-97a8-1f5c1a58f535, name: Japanese 101 - Spring 2026, description: Beginner Japanese conversation course, status: PUBLISHED, code: ZB0WI7} @ http://localhost:3000/_next/static/chunks/node_modules_next_dist_0bc8q4g._.js:1233
[   35398ms] [LOG] !!!section {id: 5d43d353-6ea4-4d1f-bae8-c5240e6acb69, name: Grade Test Section, description: null, status: PUBLISHED, code: GRADE-TEST} @ http://localhost:3000/_next/static/chunks/node_modules_next_dist_0bc8q4g._.js:1233
[   35400ms] [LOG] !!!section {id: db67195f-f706-4160-9b47-b855b4aa29cd, name: Temporary Section, description: null, status: DRAFT, code: TEMP-001} @ http://localhost:3000/_next/static/chunks/node_modules_next_dist_0bc8q4g._.js:1233
[   35401ms] [LOG] !!!section {id: 47656fed-1826-46b7-b3a1-c9ceb78da9a8, name: Test Section, description: null, status: PUBLISHED, code: TEST-001} @ http://localhost:3000/_next/static/chunks/node_modules_next_dist_0bc8q4g._.js:1233
[   35414ms] [LOG] !!!section {id: 1ee29798-548e-4c98-8047-137a247dcb03, name: Test Section, description: null, status: PUBLISHED, code: TEST-001} @ http://localhost:3000/_next/static/chunks/node_modules_next_dist_0bc8q4g._.js:1233
[   35416ms] [LOG] !!!section {id: d8bb7cb1-9864-4008-a79c-6c9fcced077a, name: Section 2, description: null, status: PUBLISHED, code: S2} @ http://localhost:3000/_next/static/chunks/node_modules_next_dist_0bc8q4g._.js:1233
[   35418ms] [LOG] !!!section {id: 598d0820-d1d0-4e3b-8066-f11240ce4370, name: Japanese 101 - Spring 2026, description: Beginner Japanese conversation course, status: PUBLISHED, code: L2SC9C} @ http://localhost:3000/_next/static/chunks/node_modules_next_dist_0bc8q4g._.js:1233
[   35430ms] [LOG] !!!section {id: b3eba183-eb90-4b3f-a9b6-c7368016155c, name: Section 2, description: null, status: PUBLISHED, code: S2} @ http://localhost:3000/_next/static/chunks/node_modules_next_dist_0bc8q4g._.js:1233
[   35432ms] [LOG] !!!section {id: f73b55ab-be3a-4977-90cd-8695fb4bfb57, name: Original Section Name, description: Original description, status: DRAFT, code: ORIG-001} @ http://localhost:3000/_next/static/chunks/node_modules_next_dist_0bc8q4g._.js:1233
[   35433ms] [LOG] !!!section {id: 3d33ac82-7800-4882-8bf5-8a2c0d1dc7cc, name: Original Section Name, description: Original description, status: DRAFT, code: ORIG-001} @ http://localhost:3000/_next/static/chunks/node_modules_next_dist_0bc8q4g._.js:1233
[   35434ms] [LOG] !!!section {id: d0f1083d-3422-4e21-953a-78c781b7da51, name: Test Section, description: null, status: PUBLISHED, code: TEST-001} @ http://localhost:3000/_next/static/chunks/node_modules_next_dist_0bc8q4g._.js:1233
[   35435ms] [LOG] !!!section {id: cd6c83ff-ca21-4447-a4e2-8cb0f81d93db, name: Test Section, description: null, status: PUBLISHED, code: TEST-001} @ http://localhost:3000/_next/static/chunks/node_modules_next_dist_0bc8q4g._.js:1233
[   35447ms] [LOG] !!!section {id: 0fb98bed-1d11-423f-9165-18f219794312, name: Section 2, description: null, status: PUBLISHED, code: S2} @ http://localhost:3000/_next/static/chunks/node_modules_next_dist_0bc8q4g._.js:1233
[   35449ms] [LOG] !!!section {id: 778ce67d-7595-4b23-bb28-41c4233f443c, name: Japanese 101 - Spring 2026, description: Beginner Japanese conversation course, status: PUBLISHED, code: F4DP9P} @ http://localhost:3000/_next/static/chunks/node_modules_next_dist_0bc8q4g._.js:1233
[   35450ms] [LOG] !!!section {id: 40d10d70-5b8e-4f1d-962a-5b4e23bd7e50, name: Test Section, description: null, status: PUBLISHED, code: TEST-001} @ http://localhost:3000/_next/static/chunks/node_modules_next_dist_0bc8q4g._.js:1233
[   35452ms] [LOG] !!!section {id: 8bd49f0d-f626-4b9e-b4f6-85089ef66536, name: Test Section, description: null, status: PUBLISHED, code: TEST-001} @ http://localhost:3000/_next/static/chunks/node_modules_next_dist_0bc8q4g._.js:1233
[   35464ms] [LOG] !!!section {id: 51ad747f-3f3d-457f-8e63-5e572d94cdee, name: E2E Test Section 1774482736434, description: Comprehensive E2E test section for complete workflow, status: PUBLISHED, code: 641S86} @ http://localhost:3000/_next/static/chunks/node_modules_next_dist_0bc8q4g._.js:1233
[   35465ms] [LOG] !!!section {id: ffcf40b1-bec3-4a3b-abd0-b2f0d7c64c3d, name: Section 2, description: null, status: PUBLISHED, code: S2} @ http://localhost:3000/_next/static/chunks/node_modules_next_dist_0bc8q4g._.js:1233
[   35467ms] [LOG] !!!section {id: f45196f6-e3ac-46ab-a60e-7c6b58d92ec3, name: Section 2, description: null, status: PUBLISHED, code: S2} @ http://localhost:3000/_next/static/chunks/node_modules_next_dist_0bc8q4g._.js:1233
[   35468ms] [LOG] !!!section {id: 5664bef5-8a03-43f7-9fe2-1f5560df38d4, name: Section 2, description: null, status: PUBLISHED, code: S2} @ http://localhost:3000/_next/static/chunks/node_modules_next_dist_0bc8q4g._.js:1233
[   35481ms] [LOG] !!!section {id: 325495e1-910b-4a4d-83e2-b003dd294b85, name: Test Section, description: null, status: PUBLISHED, code: TEST-001} @ http://localhost:3000/_next/static/chunks/node_modules_next_dist_0bc8q4g._.js:1233
[   35484ms] [LOG] !!!section {id: afab77f1-fc64-44cc-98e2-1915399dc1f4, name: Test Section, description: null, status: PUBLISHED, code: TEST-001} @ http://localhost:3000/_next/static/chunks/node_modules_next_dist_0bc8q4g._.js:1233
[   35485ms] [LOG] !!!section {id: cdee8ece-10ee-4f7e-b863-5cbd4ef6de73, name: Japanese 101 - Spring 2026, description: Beginner Japanese conversation course, status: PUBLISHED, code: FQE3UW} @ http://localhost:3000/_next/static/chunks/node_modules_next_dist_0bc8q4g._.js:1233
[   35498ms] [LOG] !!!section {id: 953591de-0167-4311-98bb-99b8204d037b, name: Test Section, description: null, status: PUBLISHED, code: TEST-001} @ http://localhost:3000/_next/static/chunks/node_modules_next_dist_0bc8q4g._.js:1233
[   35500ms] [LOG] !!!section {id: c1be5a84-65ed-4a78-9cd4-b33b25a702b3, name: Test Section, description: null, status: PUBLISHED, code: TEST-001} @ http://localhost:3000/_next/static/chunks/node_modules_next_dist_0bc8q4g._.js:1233
[   35502ms] [LOG] !!!section {id: fab4ea86-7d86-4186-b124-22c0e1188fbe, name: Temporary Section, description: null, status: DRAFT, code: TEMP-001} @ http://localhost:3000/_next/static/chunks/node_modules_next_dist_0bc8q4g._.js:1233
[   35515ms] [LOG] !!!section {id: 272c6fcb-0ed6-4e8c-a66e-96ad9f84afa8, name: Test Section, description: null, status: PUBLISHED, code: TEST-001} @ http://localhost:3000/_next/static/chunks/node_modules_next_dist_0bc8q4g._.js:1233
[   35516ms] [LOG] !!!section {id: 0b1afe2d-5585-4b37-b32f-b7557e38f895, name: Section 2, description: null, status: PUBLISHED, code: S2} @ http://localhost:3000/_next/static/chunks/node_modules_next_dist_0bc8q4g._.js:1233
[   35519ms] [LOG] !!!section {id: 1ad02849-2bc3-41cf-9776-14b68bb96bec, name: Biology 101, description: Intro to Biology, status: PUBLISHED, code: BIO101} @ http://localhost:3000/_next/static/chunks/node_modules_next_dist_0bc8q4g._.js:1233
[   35531ms] [LOG] !!!section {id: 58f0c8e1-6a6d-4962-9a03-b2267d7f1a5e, name: Test Section, description: null, status: PUBLISHED, code: TEST-001} @ http://localhost:3000/_next/static/chunks/node_modules_next_dist_0bc8q4g._.js:1233
[   35532ms] [LOG] !!!section {id: 08e90519-911b-4a10-bacf-2cac91a0c3d1, name: Section 1, description: null, status: PUBLISHED, code: S1} @ http://localhost:3000/_next/static/chunks/node_modules_next_dist_0bc8q4g._.js:1233
[   35534ms] [LOG] !!!section {id: 2fb31ed7-d72c-4517-89f7-a3c99296ade7, name: Test Section, description: null, status: PUBLISHED, code: TEST-001} @ http://localhost:3000/_next/static/chunks/node_modules_next_dist_0bc8q4g._.js:1233
[   35535ms] [LOG] !!!section {id: 4a271b66-8cd6-45d1-a8fc-621a893756b5, name: Test Section, description: null, status: PUBLISHED, code: TEST-001} @ http://localhost:3000/_next/static/chunks/node_modules_next_dist_0bc8q4g._.js:1233
[   35547ms] [LOG] !!!section {id: cdc36b52-eaef-401c-bcb1-9f72c0e176b8, name: Grade Test Section, description: null, status: PUBLISHED, code: GRADE-TEST} @ http://localhost:3000/_next/static/chunks/node_modules_next_dist_0bc8q4g._.js:1233
[   35549ms] [LOG] !!!section {id: 7ab6f9cf-375e-435d-bd2d-66c3eca50250, name: Section 1, description: null, status: PUBLISHED, code: S1} @ http://localhost:3000/_next/static/chunks/node_modules_next_dist_0bc8q4g._.js:1233
[   35550ms] [LOG] !!!section {id: 3b09795f-fa6e-47b2-854f-725efca79cd6, name: Section 2, description: null, status: PUBLISHED, code: S2} @ http://localhost:3000/_next/static/chunks/node_modules_next_dist_0bc8q4g._.js:1233
[   35551ms] [LOG] !!!section {id: 7da11483-c739-4b58-83e8-ba78e5031feb, name: Test Section, description: null, status: PUBLISHED, code: TEST-001} @ http://localhost:3000/_next/static/chunks/node_modules_next_dist_0bc8q4g._.js:1233
[   35552ms] [LOG] !!!section {id: dcc4587b-79f3-477f-b26f-479a094daf43, name: Test Section, description: null, status: PUBLISHED, code: TEST-001} @ http://localhost:3000/_next/static/chunks/node_modules_next_dist_0bc8q4g._.js:1233
[   35564ms] [LOG] !!!section {id: 721ac42d-575d-426f-bde4-aa604647cd9c, name: Test Section, description: null, status: PUBLISHED, code: TEST-001} @ http://localhost:3000/_next/static/chunks/node_modules_next_dist_0bc8q4g._.js:1233
[   35566ms] [LOG] !!!section {id: ce07b087-6fcd-4e1b-8ece-6a9a515e92e3, name: Section 2, description: null, status: PUBLISHED, code: S2} @ http://localhost:3000/_next/static/chunks/node_modules_next_dist_0bc8q4g._.js:1233
[   35567ms] [LOG] !!!section {id: b283d62f-d737-420f-a056-9c58f4479129, name: Original Section Name, description: Original description, status: DRAFT, code: ORIG-001} @ http://localhost:3000/_next/static/chunks/node_modules_next_dist_0bc8q4g._.js:1233
[   35568ms] [LOG] !!!section {id: dfab9461-9053-4a22-94f2-cc948185420e, name: Test Section, description: null, status: PUBLISHED, code: TEST-001} @ http://localhost:3000/_next/static/chunks/node_modules_next_dist_0bc8q4g._.js:1233
[   35580ms] [LOG] !!!section {id: 163c8180-e408-421f-b1de-7fafc01dbb20, name: Test Section, description: null, status: PUBLISHED, code: TEST-001} @ http://localhost:3000/_next/static/chunks/node_modules_next_dist_0bc8q4g._.js:1233
[   35582ms] [LOG] !!!section {id: a5be67ff-933a-45e7-a7fa-2730bdbcd286, name: Test Section, description: null, status: PUBLISHED, code: TEST-001} @ http://localhost:3000/_next/static/chunks/node_modules_next_dist_0bc8q4g._.js:1233
[   35583ms] [LOG] !!!section {id: 31bfc515-2692-49ea-b688-cd1955f53a5c, name: Test Section, description: null, status: PUBLISHED, code: TEST-001} @ http://localhost:3000/_next/static/chunks/node_modules_next_dist_0bc8q4g._.js:1233
[   35584ms] [LOG] !!!section {id: 5ae5a18a-73f8-42d5-8a68-026aab750c41, name: Grade Test Section, description: null, status: PUBLISHED, code: GRADE-TEST} @ http://localhost:3000/_next/static/chunks/node_modules_next_dist_0bc8q4g._.js:1233
[   35585ms] [LOG] !!!section {id: 499fdec3-da8d-4ef4-92d8-291d0cbd2fab, name: Temporary Section, description: null, status: DRAFT, code: TEMP-001} @ http://localhost:3000/_next/static/chunks/node_modules_next_dist_0bc8q4g._.js:1233
[   35598ms] [LOG] !!!section {id: 84427f7a-75f9-474a-b7b1-2839ac657737, name: Original Section Name, description: Original description, status: DRAFT, code: ORIG-001} @ http://localhost:3000/_next/static/chunks/node_modules_next_dist_0bc8q4g._.js:1233
[   35599ms] [LOG] !!!section {id: db7919cc-2bf4-43db-acc9-559aebba73ed, name: Test Section, description: null, status: PUBLISHED, code: TEST-001} @ http://localhost:3000/_next/static/chunks/node_modules_next_dist_0bc8q4g._.js:1233
[   35601ms] [LOG] !!!section {id: 340113f1-94d9-473a-8528-228b8dca613d, name: Original Section Name, description: Original description, status: DRAFT, code: ORIG-001} @ http://localhost:3000/_next/static/chunks/node_modules_next_dist_0bc8q4g._.js:1233
[   35616ms] [LOG] !!!section {id: 36629e2a-d5da-4bf4-85c4-3aa9b27c65c7, name: Biology 101, description: Intro to Biology, status: PUBLISHED, code: BIO101} @ http://localhost:3000/_next/static/chunks/node_modules_next_dist_0bc8q4g._.js:1233
[   35618ms] [LOG] !!!section {id: 6725abf3-d692-40cd-9658-00c68b2f5ba4, name: Test Section, description: null, status: PUBLISHED, code: TEST-001} @ http://localhost:3000/_next/static/chunks/node_modules_next_dist_0bc8q4g._.js:1233
[   35632ms] [LOG] !!!section {id: 76990e7b-682c-44f5-82f5-1de4221deb80, name: Test Section, description: null, status: PUBLISHED, code: TEST-001} @ http://localhost:3000/_next/static/chunks/node_modules_next_dist_0bc8q4g._.js:1233
[   35634ms] [LOG] !!!section {id: fbe39c35-7869-4327-92b8-f250013ca5ec, name: Japanese 101 - Spring 2026, description: Beginner Japanese conversation course, status: PUBLISHED, code: 155E99} @ http://localhost:3000/_next/static/chunks/node_modules_next_dist_0bc8q4g._.js:1233
[   35648ms] [LOG] !!!section {id: 19ec384c-5eb7-4e0e-866b-3337e09d0f9e, name: Grade Test Section, description: null, status: PUBLISHED, code: GRADE-TEST} @ http://localhost:3000/_next/static/chunks/node_modules_next_dist_0bc8q4g._.js:1233
[   35650ms] [LOG] !!!section {id: dd6a79ba-c532-4342-bf2c-796440baadd4, name: Section 2, description: null, status: PUBLISHED, code: S2} @ http://localhost:3000/_next/static/chunks/node_modules_next_dist_0bc8q4g._.js:1233
[   35652ms] [LOG] !!!section {id: e23ab46c-a060-41aa-8e07-a6b4c18cc792, name: Japanese 101 - Spring 2026, description: Beginner Japanese conversation course, status: PUBLISHED, code: MOJKQL} @ http://localhost:3000/_next/static/chunks/node_modules_next_dist_0bc8q4g._.js:1233
[   35664ms] [LOG] !!!section {id: e584b66b-d3a2-4018-a621-040e2c4131c9, name: Test Section, description: null, status: PUBLISHED, code: TEST-001} @ http://localhost:3000/_next/static/chunks/node_modules_next_dist_0bc8q4g._.js:1233
[   35665ms] [LOG] !!!section {id: da00f42c-71b5-44e6-a86e-f56a0d833a5f, name: Test Section, description: null, status: PUBLISHED, code: TEST-001} @ http://localhost:3000/_next/static/chunks/node_modules_next_dist_0bc8q4g._.js:1233
[   35667ms] [LOG] !!!section {id: 4bd499b1-c875-4a07-b7c7-d95bbf5f88e0, name: Biology 101, description: Intro to Biology, status: PUBLISHED, code: BIO101} @ http://localhost:3000/_next/static/chunks/node_modules_next_dist_0bc8q4g._.js:1233
[   35668ms] [LOG] !!!section {id: 863ed865-a2d6-4688-951c-3397eb1e5cd4, name: Test Section, description: null, status: PUBLISHED, code: TEST-001} @ http://localhost:3000/_next/static/chunks/node_modules_next_dist_0bc8q4g._.js:1233
[   35680ms] [LOG] !!!section {id: f5d362dc-7565-45ab-8f8b-30f7da60af74, name: Section 2, description: null, status: PUBLISHED, code: S2} @ http://localhost:3000/_next/static/chunks/node_modules_next_dist_0bc8q4g._.js:1233
[   35681ms] [LOG] !!!section {id: f6ef8547-c14f-4f81-8916-5b3a028131c0, name: Biology 101, description: Intro to Biology, status: PUBLISHED, code: BIO101} @ http://localhost:3000/_next/static/chunks/node_modules_next_dist_0bc8q4g._.js:1233
[   35683ms] [LOG] !!!section {id: 9d18094f-e3b7-4971-8cec-9e4c60ff59ec, name: Test Section, description: null, status: PUBLISHED, code: TEST-001} @ http://localhost:3000/_next/static/chunks/node_modules_next_dist_0bc8q4g._.js:1233
[   35684ms] [LOG] !!!section {id: 2ae9063e-f6a8-469c-9cd0-28cdee36ed26, name: E2E Test Section 1774368275525, description: Comprehensive E2E test section for complete workflow, status: PUBLISHED, code: 6NGKL2} @ http://localhost:3000/_next/static/chunks/node_modules_next_dist_0bc8q4g._.js:1233
[   40091ms] [LOG] [ChatSidebar] Loading messages for chat: 6b223300-0893-47f7-a689-8ce445ab6bbc count: 0 @ http://localhost:3000/_next/static/chunks/node_modules_next_dist_0bc8q4g._.js:1233
[   40092ms] [LOG] [ChatSidebar] deepCloneMessages: returning empty array @ http://localhost:3000/_next/static/chunks/node_modules_next_dist_0bc8q4g._.js:1233
[   40093ms] [LOG] [ChatContext] Chat exists and not archived, skipping creation @ http://localhost:3000/_next/static/chunks/node_modules_next_dist_0bc8q4g._.js:1233
